# Resource object code (Python 3)
# Created by: object code
# Created by: The Resource Compiler for Qt version 6.10.2
# WARNING! All changes made in this file will be lost!

from PySide6 import QtCore

qt_resource_data = b"\
\x00\x00\x13\x19\
\x89\
PNG\x0d\x0a\x1a\x0a\x00\x00\x00\x0dIHDR\x00\
\x00\x00F\x00\x00\x00S\x08\x06\x00\x00\x00\x225q\xac\
\x00\x00\x00\x09pHYs\x00\x00\x0b\x13\x00\x00\x0b\x13\
\x01\x00\x9a\x9c\x18\x00\x00\x0a\xe6iTXtXML\
:com.adobe.xmp\x00\x00\
\x00\x00\x00<?xpacket beg\
in=\x22\xef\xbb\xbf\x22 id=\x22W5M\
0MpCehiHzreSzNTc\
zkc9d\x22?> <x:xmpm\
eta xmlns:x=\x22ado\
be:ns:meta/\x22 x:x\
mptk=\x22Adobe XMP \
Core 10.0-c000 2\
5.G.ef72e4e, 202\
5/06/27-18:54:05\
        \x22> <rdf:\
RDF xmlns:rdf=\x22h\
ttp://www.w3.org\
/1999/02/22-rdf-\
syntax-ns#\x22> <rd\
f:Description rd\
f:about=\x22\x22 xmlns\
:xmp=\x22http://ns.\
adobe.com/xap/1.\
0/\x22 xmlns:dc=\x22ht\
tp://purl.org/dc\
/elements/1.1/\x22 \
xmlns:photoshop=\
\x22http://ns.adobe\
.com/photoshop/1\
.0/\x22 xmlns:xmpMM\
=\x22http://ns.adob\
e.com/xap/1.0/mm\
/\x22 xmlns:stEvt=\x22\
http://ns.adobe.\
com/xap/1.0/sTyp\
e/ResourceEvent#\
\x22 xmlns:stRef=\x22h\
ttp://ns.adobe.c\
om/xap/1.0/sType\
/ResourceRef#\x22 x\
mlns:tiff=\x22http:\
//ns.adobe.com/t\
iff/1.0/\x22 xmlns:\
exif=\x22http://ns.\
adobe.com/exif/1\
.0/\x22 xmp:Creator\
Tool=\x22Adobe Phot\
oshop 27.3 (Wind\
ows)\x22 xmp:Create\
Date=\x222026-02-09\
T18:59:01-06:00\x22\
 xmp:ModifyDate=\
\x222026-02-27T13:2\
5:38-06:00\x22 xmp:\
MetadataDate=\x2220\
26-02-27T13:25:3\
8-06:00\x22 dc:form\
at=\x22image/png\x22 p\
hotoshop:ColorMo\
de=\x223\x22 xmpMM:Ins\
tanceID=\x22xmp.iid\
:e6b138af-1d36-a\
946-a341-d5b7342\
ac70b\x22 xmpMM:Doc\
umentID=\x22adobe:d\
ocid:photoshop:f\
a7c6717-8099-ef4\
5-b0c8-7ad9adf37\
444\x22 xmpMM:Origi\
nalDocumentID=\x22x\
mp.did:5362cc97-\
a2ba-cc4e-b8e1-4\
97e5a8d90d8\x22 tif\
f:Orientation=\x221\
\x22 tiff:XResoluti\
on=\x22720000/10000\
\x22 tiff:YResoluti\
on=\x22720000/10000\
\x22 tiff:Resolutio\
nUnit=\x222\x22 exif:C\
olorSpace=\x221\x22 ex\
if:PixelXDimensi\
on=\x2270\x22 exif:Pix\
elYDimension=\x2210\
7\x22> <photoshop:T\
extLayers> <rdf:\
Bag> <rdf:li pho\
toshop:LayerName\
=\x22MET\x22 photoshop\
:LayerText=\x22MET\x22\
/> </rdf:Bag> </\
photoshop:TextLa\
yers> <xmpMM:His\
tory> <rdf:Seq> \
<rdf:li stEvt:ac\
tion=\x22created\x22 s\
tEvt:instanceID=\
\x22xmp.iid:5362cc9\
7-a2ba-cc4e-b8e1\
-497e5a8d90d8\x22 s\
tEvt:when=\x222026-\
02-09T18:59:01-0\
6:00\x22 stEvt:soft\
wareAgent=\x22Adobe\
 Photoshop 27.3 \
(Windows)\x22/> <rd\
f:li stEvt:actio\
n=\x22saved\x22 stEvt:\
instanceID=\x22xmp.\
iid:5e58fed0-21a\
c-364a-849d-8cb9\
16c3b51f\x22 stEvt:\
when=\x222026-02-10\
T18:04:33-06:00\x22\
 stEvt:softwareA\
gent=\x22Adobe Phot\
oshop 27.3 (Wind\
ows)\x22 stEvt:chan\
ged=\x22/\x22/> <rdf:l\
i stEvt:action=\x22\
saved\x22 stEvt:ins\
tanceID=\x22xmp.iid\
:73acb0f0-e7a5-3\
b4a-87da-f366391\
de0cc\x22 stEvt:whe\
n=\x222026-02-27T13\
:25:38-06:00\x22 st\
Evt:softwareAgen\
t=\x22Adobe Photosh\
op 27.3 (Windows\
)\x22 stEvt:changed\
=\x22/\x22/> <rdf:li s\
tEvt:action=\x22con\
verted\x22 stEvt:pa\
rameters=\x22from a\
pplication/vnd.a\
dobe.photoshop t\
o image/png\x22/> <\
rdf:li stEvt:act\
ion=\x22derived\x22 st\
Evt:parameters=\x22\
converted from a\
pplication/vnd.a\
dobe.photoshop t\
o image/png\x22/> <\
rdf:li stEvt:act\
ion=\x22saved\x22 stEv\
t:instanceID=\x22xm\
p.iid:e6b138af-1\
d36-a946-a341-d5\
b7342ac70b\x22 stEv\
t:when=\x222026-02-\
27T13:25:38-06:0\
0\x22 stEvt:softwar\
eAgent=\x22Adobe Ph\
otoshop 27.3 (Wi\
ndows)\x22 stEvt:ch\
anged=\x22/\x22/> </rd\
f:Seq> </xmpMM:H\
istory> <xmpMM:D\
erivedFrom stRef\
:instanceID=\x22xmp\
.iid:73acb0f0-e7\
a5-3b4a-87da-f36\
6391de0cc\x22 stRef\
:documentID=\x22xmp\
.did:5362cc97-a2\
ba-cc4e-b8e1-497\
e5a8d90d8\x22 stRef\
:originalDocumen\
tID=\x22xmp.did:536\
2cc97-a2ba-cc4e-\
b8e1-497e5a8d90d\
8\x22/> </rdf:Descr\
iption> </rdf:RD\
F> </x:xmpmeta> \
<?xpacket end=\x22r\
\x22?>\xd8D\xb3K\x00\x00\x07\xd9IDATx\
\xda\xed\x9c\xcdq\xe3F\x10\x85\x99\x06\x98\x01\xa5\xa3t\
\xd9\xe3\xe0(U\xb9\xe08\xe8\x00$\x9d\xc8\x04\xe4r\
\x95Rp\x04[\xf4\xc6 \x1d8\xb5\x11l(\x5c\x91\
\xc4\x00\xd3\xdd\xef\xcd\x0c\x00\xca\xa5\xb5q\x98\xe2\x0f@\
\x02\xf8\xf0\xfaw\x86\x5c\x1c\x0e\x87\xc5<\xec\x98!\xcc\
`f03\x98\x19\xcc\x0cf\x063\x83\x99\xc1\xcc`\
\xfeg`\xfe\xfa\xf6\xe3\xf0+\x8e\x0f\x05s<\xc0o\
\x0f\x7f\xcf\xa3\x1d'03\x14<\x163\x84\x19\xcc\x0c\
f\x063\x83\x99\xc1|>0\x7f\xfc\xf9u\x1e\xefC\
\x80\xf9L'\xb6\xfe$p\x16\xb3J\xf0\xf8e\xc1,\
\xde\xab\x196\x86~v=\x06L\xe9\xc1\xfem\x10\xfb\
\xaf\xcb\xd3\xf0\xa7\xc7\xaa\x1d\xcb$\xa0\xfe\xb3\xe7\xfd}\
\xfb\x1dp\xdf\xd2\x93\xf9\xc8\xbb\x5c\xf29\xdfAXv\
\x10\xf4\xf0b[%\xbe_B\x91\xdf1\x08\xccq\xe7\
\xed\xef\xf5\xfbp\x17\x01\x13\xdf\xa9pR^]\x00\xbb\
\xcb\x1e\x02\x90J\x91#VD\xa5T\xd6\xbf\x1fo\xff\
T`\xe2\x0b\xf1\xe4.\xcb\xfd+s\xc7-\xa4J\x80\
\x94\x10\xe4\xeb0\x8a\xc1\x1cw\xdc4\xae\x03s|\x9c\
\x0a\xc7\xfa\x05{\x92\xf1\xf6^)\x15\x80\xa0\xcdf\x09\
\xb7{\x05\x0c\xed\x17\xb6\xe9\xeb[p\xb5\x5c\x1e\x0c\xbe\
\xd0\xca\xc0\xd1\xfe\x84\xddu\x09\xa62\x17\x8b\x14\x83\xc1\
,\xcb\xc1\x1c\x15sV\xcd%\x15\x83}\x82U\x8e\xf4\
\x11vXSB*`JA\xe0\xb3`z\xb5\x04\xc5\
\xd4\xdd\xeb)p\xe2\x88\xe0\xa1O\xa8\x00\x14|!{\
`\x82\xd8\xcc*\x10\x85*\xe3\xa0G\x80q\x02\xcc\x14\
8\x01L*\xe4\xfa\xc4\x1d\xf7\xc4Y\xef\x89Y\xe5\x1c\
\xb0\x8et\x03\xc0\xb4j\xe9L\xaa\x9elR\xb1\x03\xd6\
p\xd2&\xb44\xaa\xf2 \x8f\xb1&VA_\xa5\x95\
\xe4\x87\x83\xd1\x8a\x99\x06\xc7:\xe0\x0a&f\xf1]\xf5\
\x99\xd0\xac\xbf\xc7gT\xc3>\xc3\xc1<\xc7a\xfa<\
\x82\x03\xdeD\xaa\x09\x8fc\xe0h\xc5x\x92\xbdz\x90\
\xb3\xe0\xa4\xae\x82\xaa\xc3p*\xea\xf0\xb3\xe1:\xa8%\
\x86\xd3;\xe0Z9c\x0b'U\xd8\xc9:\xa7J\xa4\
\xf6U2i\xf3\x89\xa8\xc3L\x13\x1fo@I\xd0g\
\xbb\xb5H\xf0N\xcf#\xc5\xc4\xe0\xe2,\xf5\xcb\xed\xdd\
\xe1\xcbM;n\xa3\xc7\xdb\xfeu\x80\x83\x94\xe1)\xa0\
%\xcdW<p\xdc\xa9\xef\xf6\xa4\xa6*\x04\xe3\x80\x9f\
\xa9I\x18\xaf\xbb\x8b\xeda\xdcK0\xe1\xbd\xf6u\x5c\
\xbb\xe0\xe8R\x91\xbc\xc4f\xbc(\x8c\xb3\x92\xc1\x03S\
\xa55\x1aSL\x0c&\x8eJ\xe1}an\x8d\xeb\xc1\
\xbc\x8f\xef\x8f\xd7\xef\xe3\xea\xf0\xfdI\x8f\xf6\xfd\xc7\x95\
P\x0ew\xc2,\x0aU\xd4W\xa0:L\x03\xf7\x89R\
 \xaf\x18\xe3pA\xa4j\xe4~'8\x91b$\xa0\
\xd5\xf9\xf9\xc3U\x0b\xe7\xca\x80I\xb5\x12ru\xd2\x9e\
(\x83\xe70\x15\xf5/\xd4\xf9\xa2\xc4.\x06$\x15T\
\x1b\x9f\xd3)\xe7au\x86\xf2\xd8\xaa\xa5\x1b+\x01\xc6\
\x13\xb3H%dL\x01{\xaa:\x1e\xe9\xb0)=s\
0)\x00\x08\xd4F\x99T\xf0)\xc2\xac\x82\x8aZ0\
\xd8?\xa4\x8b\xc4a\xd1\xaf\xa2a}\x84\xf3\xb5\xceV\
C\xdaj\xf3R\xd91\x07\xd4\xaa\xa6\xf53\xa9\xa22\
\x1e\xf1\x05\xbf\xfd\xf3\xd2\x0d\x06\x05m\xf3\x89\xc2\xb5 \
\x8f\xe1y\x8bt\xc6N(I\xaaIE\xab\x9b;\x05\
\xe9\xdet\xd5X\x05\x1d_\xe8\xeb\xeeE@ap\xd0\
>o\xbb\x17S\xafy\xd5\xff)\xf01\xb5q\xba:\
#\xd6\xa1;\xc0\xd1'\x19\xe7.\xe8\x0e\xf2\x5c\xa5\xe2\
\x179a \x13\x1bP+q\xb5@\xb3\x8a\xd4\xd1)\
\x04%y\xdd\xf3{Z7\xc5~\x84]\x9cV\x0eS\
R\xac\x16\x0b\xc7v\x0c\x0b\xc18\xa3\x18\x0bD\xfa\x15\
\xe3S\x9e\xfa\xd0|\x1e\xd7\xedX\xc1\x93\xf3\x19(\xc8\
\xbf\xbc\xed\xf2\xfba\xd5\xc8\xe3\x15\x81\xd1\x05\xa3\xcde\
H\xe6{\x13%x!\x02=\x81D/r\xbcZ5\
%\x17\x85\x1e\xd9v\xb6O\xaa\x17S\xd8vp\xa6v\
\xd2\xf5\x142\x9f^!q\x82\xb7:%xa_\x1d\
\xae}\xca\x84v\x19\xe5\x90\xf79\x94\x8a\xaa%\xa3\x18\
\x07\x0aJlb!\xb13\xe6$\x8a\xc8\xfb\xbe^\xba\
\xb9#Q)\x03'\xe1k\x92\x9f\xd9!\x13\x1a\x08\x06\
\xb77Y\x0bBv\xfa\x84\x03\xbeUPnl\x85\x8d\
\xc2u\x9cWL\x89J\xaf;\xeeW\xf41\x06\x82\xb1\
\xa6\xc4\x1bW\x16\x5c*#\xd5\xfb\xec\x13\xb3\x04Y8\
\x05\x11J\xdf\x80\x18\xcc\xc8\x99\xc8tNc\x8bK'\
\x92=\xd4\xf9\xd3\xfb\xda\x16\x04\x9fb-\x0a\xcd\xd9\xbc\
ei*\xfb\xd1S\xb48\xb9\x03\xa5C\xc3\x9a\xe8\x8e\
\x84\xfb\x1a\x9a\x15\xea\xb9\xf8\x015\x12\xaa\x97thN\
%wY0\xd6L\x9c\xaa\x95j\x03\x89\xa9\x04\xe5@\
(l\xe6\x1aM\xba\xb3\xdf\xf5y\x9e\xaeE\xdf'\xce\
\xac\xbd\x00b\x0b\xd4\x220\xeb\xa2\xba)U+\xf1\xf6\
\x04\xaa\xc4u'\x0e\xf7\x86q3\xfb\x0c\xa6o~\x9d\
\xc79M@\xebi<)V\x07+F\xf7\x80m.\
\x83L\xc4A\x10\xc8\x14Q\xa4@\x155*\x1dNP\
\x8e \xda\xfcH@\x12Idz\x16rPTJ\xcd\
a\x9b\x08\xd48\x1c\xda\x1b\x94\x18Z\x07\x8dVI\xed\
\x09 =\xe2\x92C\xbcn\xcd*=;a\xfb\xbd\xeb\
\xa1+\xaa\x8c\xb3U\x91\x07C\xe3\xb9\x8fV\x1e\x82\x94\
\x1a!\xda\xf4ft\x15\xc1\xb2\xefm\x1b7x5W\
\xd1\x1a<{\xa7kR&\xd8H\x84\x9cw\x99YF\
\x9fk\xbfG\x87\xe1\x93\x19=I\x9f\xd2\xab\xa6\x87\xd3\
+\xb8|\xf5\xc6 0\xf1\xc5nD#\xdc\x99\xe6x\
w\x91@Y<\xb7\xa9a\x0e\x14o\x97`\xc2\xcc\xc3\
\xb5TR\xd4Je\xb5_n\x81\xc2\xa2tj\x15%\
gh\xaa\x85?/{\x0f\x01\xd4\xdb\x05\x80\xc7ss\
\x9d\xb53\x8f\xef\xd9\xe3\xe5\xe7\xe0\x07\x81\xc1~\x05\x85\
q\xech\xadZ\x18\x5c\x1c\xd1\xc2\xbe\xac\xd7\xcb\xb2\xdf\
-\xc9\xc4G\x81\xc15\x8eR\x0a\xf0!\xcc\xc7`\x7f\
\x93\xea%\xa3\x19\x8a\x1e\xe8\x90\x22\x12\xb9\x81\xc1`0\
\x08Gf)\xa3\x93\x06w\xd7F4G\xe7\xaaP\x02\
h\xfd\xcd08\xbd\x19\xd9)\xa0Q`L\xd4i\x5c\
b\xdd\x8cT\x8eN\xe0l\x1e\xc4\xe6\xa9x\x87\x907\
\xc9\xf2pP\x172\xbe\xd9E`B\xccO\xf5u\xf3\
\x8a\xa9\x81b\x5c\xc2\x0f\xd5\x89\xa6X\x9d\xf9|\x9dl\
A\xc4\x8eW\xb7K\xb6\xcdP0\xd0\xe6\x81i\x98$\
\xaf6pz\xd0\x0ef\xc0\xb8\x18uj\xee\xdcek\
\xb6\xb4\x19a\x9f5X1\xa8\x19\xa5Uc\xa3\x13\x9e\
\x7f\x8aanJ\x16\x09\x14\xa5\x02VA\xa9h\x94\xca\
\x99\x06*\x86\x15~\xdaDjz\xf2\xba\x16\xd2\x12\xd6\
5\x95\x8dd\x18\x14r\xc6\xe19V\x0c\x0a\x0an\x9c\
bp\xcf\xa5.\x98\xba\xadI_\xc6Y\x90\x0d\x9f\xb8\
c\xb3\x13L\xc1\xba\xe9\xf5\x1a5\xbe\xd9z\xe5\x92\xa5\
\xb9\x99\x15UNM\xde\xa7\xb2_\x15i\x1ayg\xa8\
9$WT\xa4\x96\x9d\xd4p\x0dr\x5c2h\x7f)\
\xcfm \x18\xde\xbcv0\xe7\xc0w\xddz\x7f\xea\x1c\
i[\xc3\x91\x95\x155-jc8Z\xa5\xd2o\xba\
\x0b\xd6J\x0dN\xc2\xd8\x924mJ]8\xdd%\xba\
\xfb;\x9b\xc6\xa3\x8c\x15*H\x1dK\xfe\x82\x06\x9b\xea\
d0\xac\xd5\x89\xea\x1d}2S\xe6\x86R\xadT\x96\
dn`2\xcaM\xef\x22?\x16\xd5\xbd\x19\xees\xe4\
\xc1\xc3(\x9a\xfa\xd8\xf1\xcc\x959y\xadZdF\xc8\
\xac.\x06\x86w\xf5p\x88\x8d}\x14\xac\x86w\xa5\xca\
\xc15\x93]\xcdE\xa2 IV\xb3\x8d\xaa\xf5\xc8\xdf\
\x05li\xeb\xc0F#\xe4$K\x07_\x8a\x82\x1d\xbf\
.]6\xa0\x15;\xb9\x837\xf6\xb7\xcf,\xe3\xcdI\
\xb8\xcc\xbf9:%\xa3\x8bW\xdc\x8e-\x00s\xfc+\
\xa6K\xfc\x10\x94\xcdLn\xc0\xcfz\xc2I\xadG\x1d\
\xc3%W_XsB\xb3\x16i0G&\xdd\x9fw\
M\xf9\x0f\x06\xb6pZ\xa7\xfbS\x7f\xc3m\xeb4\xec\
\xfc\x83*Q\xb6\xdc)\xf6\x99C\xf9O\xfc\xdd\xdbG\
\xfd}\xdcO\xc9\xdc\xa4\xa0\xf4\xd0=\xeb\x00\x00\x00\x00\
IEND\xaeB`\x82\
\x00\x00\x16K\
\x89\
PNG\x0d\x0a\x1a\x0a\x00\x00\x00\x0dIHDR\x00\
\x00\x00F\x00\x00\x00S\x08\x06\x00\x00\x00\x225q\xac\
\x00\x00\x00\x09pHYs\x00\x00\x0b\x13\x00\x00\x0b\x13\
\x01\x00\x9a\x9c\x18\x00\x00\x0a\xe6iTXtXML\
:com.adobe.xmp\x00\x00\
\x00\x00\x00<?xpacket beg\
in=\x22\xef\xbb\xbf\x22 id=\x22W5M\
0MpCehiHzreSzNTc\
zkc9d\x22?> <x:xmpm\
eta xmlns:x=\x22ado\
be:ns:meta/\x22 x:x\
mptk=\x22Adobe XMP \
Core 10.0-c000 2\
5.G.ef72e4e, 202\
5/06/27-18:54:05\
        \x22> <rdf:\
RDF xmlns:rdf=\x22h\
ttp://www.w3.org\
/1999/02/22-rdf-\
syntax-ns#\x22> <rd\
f:Description rd\
f:about=\x22\x22 xmlns\
:xmp=\x22http://ns.\
adobe.com/xap/1.\
0/\x22 xmlns:dc=\x22ht\
tp://purl.org/dc\
/elements/1.1/\x22 \
xmlns:photoshop=\
\x22http://ns.adobe\
.com/photoshop/1\
.0/\x22 xmlns:xmpMM\
=\x22http://ns.adob\
e.com/xap/1.0/mm\
/\x22 xmlns:stEvt=\x22\
http://ns.adobe.\
com/xap/1.0/sTyp\
e/ResourceEvent#\
\x22 xmlns:stRef=\x22h\
ttp://ns.adobe.c\
om/xap/1.0/sType\
/ResourceRef#\x22 x\
mlns:tiff=\x22http:\
//ns.adobe.com/t\
iff/1.0/\x22 xmlns:\
exif=\x22http://ns.\
adobe.com/exif/1\
.0/\x22 xmp:Creator\
Tool=\x22Adobe Phot\
oshop 27.3 (Wind\
ows)\x22 xmp:Create\
Date=\x222026-02-09\
T18:59:01-06:00\x22\
 xmp:ModifyDate=\
\x222026-02-27T14:3\
9:02-06:00\x22 xmp:\
MetadataDate=\x2220\
26-02-27T14:39:0\
2-06:00\x22 dc:form\
at=\x22image/png\x22 p\
hotoshop:ColorMo\
de=\x223\x22 xmpMM:Ins\
tanceID=\x22xmp.iid\
:c4e90eaa-685b-c\
d49-a16b-6dfcdbc\
72ce4\x22 xmpMM:Doc\
umentID=\x22adobe:d\
ocid:photoshop:5\
39a6bbf-4745-614\
d-84a5-dad0b72a1\
a80\x22 xmpMM:Origi\
nalDocumentID=\x22x\
mp.did:5362cc97-\
a2ba-cc4e-b8e1-4\
97e5a8d90d8\x22 tif\
f:Orientation=\x221\
\x22 tiff:XResoluti\
on=\x22720000/10000\
\x22 tiff:YResoluti\
on=\x22720000/10000\
\x22 tiff:Resolutio\
nUnit=\x222\x22 exif:C\
olorSpace=\x221\x22 ex\
if:PixelXDimensi\
on=\x2270\x22 exif:Pix\
elYDimension=\x2210\
7\x22> <photoshop:T\
extLayers> <rdf:\
Bag> <rdf:li pho\
toshop:LayerName\
=\x22MET\x22 photoshop\
:LayerText=\x22MET\x22\
/> </rdf:Bag> </\
photoshop:TextLa\
yers> <xmpMM:His\
tory> <rdf:Seq> \
<rdf:li stEvt:ac\
tion=\x22created\x22 s\
tEvt:instanceID=\
\x22xmp.iid:5362cc9\
7-a2ba-cc4e-b8e1\
-497e5a8d90d8\x22 s\
tEvt:when=\x222026-\
02-09T18:59:01-0\
6:00\x22 stEvt:soft\
wareAgent=\x22Adobe\
 Photoshop 27.3 \
(Windows)\x22/> <rd\
f:li stEvt:actio\
n=\x22saved\x22 stEvt:\
instanceID=\x22xmp.\
iid:5e58fed0-21a\
c-364a-849d-8cb9\
16c3b51f\x22 stEvt:\
when=\x222026-02-10\
T18:04:33-06:00\x22\
 stEvt:softwareA\
gent=\x22Adobe Phot\
oshop 27.3 (Wind\
ows)\x22 stEvt:chan\
ged=\x22/\x22/> <rdf:l\
i stEvt:action=\x22\
saved\x22 stEvt:ins\
tanceID=\x22xmp.iid\
:5c34e2e2-a2e0-5\
74c-b156-f1f2c99\
939ae\x22 stEvt:whe\
n=\x222026-02-27T14\
:39:02-06:00\x22 st\
Evt:softwareAgen\
t=\x22Adobe Photosh\
op 27.3 (Windows\
)\x22 stEvt:changed\
=\x22/\x22/> <rdf:li s\
tEvt:action=\x22con\
verted\x22 stEvt:pa\
rameters=\x22from a\
pplication/vnd.a\
dobe.photoshop t\
o image/png\x22/> <\
rdf:li stEvt:act\
ion=\x22derived\x22 st\
Evt:parameters=\x22\
converted from a\
pplication/vnd.a\
dobe.photoshop t\
o image/png\x22/> <\
rdf:li stEvt:act\
ion=\x22saved\x22 stEv\
t:instanceID=\x22xm\
p.iid:c4e90eaa-6\
85b-cd49-a16b-6d\
fcdbc72ce4\x22 stEv\
t:when=\x222026-02-\
27T14:39:02-06:0\
0\x22 stEvt:softwar\
eAgent=\x22Adobe Ph\
otoshop 27.3 (Wi\
ndows)\x22 stEvt:ch\
anged=\x22/\x22/> </rd\
f:Seq> </xmpMM:H\
istory> <xmpMM:D\
erivedFrom stRef\
:instanceID=\x22xmp\
.iid:5c34e2e2-a2\
e0-574c-b156-f1f\
2c99939ae\x22 stRef\
:documentID=\x22xmp\
.did:5362cc97-a2\
ba-cc4e-b8e1-497\
e5a8d90d8\x22 stRef\
:originalDocumen\
tID=\x22xmp.did:536\
2cc97-a2ba-cc4e-\
b8e1-497e5a8d90d\
8\x22/> </rdf:Descr\
iption> </rdf:RD\
F> </x:xmpmeta> \
<?xpacket end=\x22r\
\x22?>\xee\x95\x1b\x99\x00\x00\x0b\x0bIDATx\
\xda\xed\x5cKr\xe3\xc8\x15\xd4\x01\x08\x1c\x83\xe4\x11\xd4\
w\x10\xbdu\x8f\x0f`\xb5\xd7\xf6\xc2\xfb\xf6\x05\x1ca\
\x91\x11\x1e\xf5\xd2\xcb\xf6B\x1d1s\x01\xf9\x0cR\x90\
\x0bo\xe5;h\x86\xe6\x03\xf0\x80\xac\xac|\x85\xa2z\
\x16\x1d3T\xc4\x0b~\x04\x12\x85\xac|\xf9>U\xe0\
\xd5\xf1x\xbc2\xfb\xfb\x8f\xff=\x8e\xf6\x03<\xff\xc6\
\xedo\xff>\xfc\xa2\xe6x\x8c\xa0\xfc\xd2'x\xab}\
\xfc\x06\xc6\xd0\x01\xf3-\x81\xf2-\xd9\x05\x98\x08\x18\xf5\
\xe6\xf3\xbb\xab\xce\x9e\xae\xaf\x8e\xcb\xa69\xfe\xf1\xc3\xed\
\xf1\xf6O\x1fNv{\xfc\xfe\xd3\xfd\xf0\xfcC\xf7\xfe\
\xd5\xc9\x1bw'\xf6\xb9m\xf7';\x0c\xb6\xef-\xf9\
?\xfe\x8f\x8eS\xc7\xdb\xf7\xdb9\xfb\xf3\xde\x0e6\x9d\
\xdf\x1eW\xa71\xe2{<F{\xb4\xef\xd9|\xf9\xdf\
\xf1\xe6\xe1\xa53|^\x05\x0c\x82\xb2j\xda\x0e\x18?\
\x09\x9e\x10\xcd\xc1a0\xf8\xa2\xe51{}\x9c}\xa7\
\x19\x9fk\x9a\xa4\xc9Vm\x9b\x8c\x91\xc7\xd9\x812\x80\
\xc1\xd6\x81$\xc0\xc9\x801@:pN\x8f\xeb\xb6\x19\
\x07\xf3\xcf\xfb\xef;S\xc08s\xc6\x8b\x8b\xd8B`\
\xec\x02f9K\xfc|\x0a\x0c|o\x05\xe3tP\xde\
\xff\xe1\xbb\xce\x1c\x18\x07\x00\x19\xd3[\xff\xbc\x9a1f\
~\xc2\x88-6\x107\x1b\x84\xcf2\xbaM\xc6\x1c\x05\
\x14\xfc\xdfY\x12\xb1\x93\xcfmnd\xcc\xc6q:(\
>\xa6\x1e\x08\x06dbK\x1d0\xd7=[\x0c\x98\x1a\
7r\xe3\xc1dnRp\x1b\x07'\x02\x05\xbf\xdb\xed\
\xf7\xdf\xbd\xef\x1e\x97\xcdb\x04\x06'\xc9\xc7!]\xc7\
\x9e\x13Hu\xaet\xed\x8ciG\xca\x96\x18\xa3\x06\xde\
\xb9\x96p\x93\x0c\x1cp\x1f>\x97]\xbc\x03\xc0\x80\x98\
\xd9\xf8\xcc\xec=\xff,\x1e\xe7la\xc6$\x8f\x81\x00\
K`\x1c\x9c\xd5\xe2t\xe2\xd3\x8c\xd8\x09\xcd\xdf\x95\xda\
\xf3`\xf0\xd1]k{\x10n\x04,A\x8dp=\xb3\
\xc7\x1c\x98\xe9u\xe7F\x030>F<\x16\xd9rC\
\xda\x92\xe8L-0\xcf\x0e\xcc\xa03k\xf3\xe1a\xe0\
\x06\x8c\x0f\xbeDs\x9e\xe1\xc4\xb5\x801\xee:\xab\xc5\
\x22\xd1\x097f\x0bO\x80\xb3\xc5\x82\x84\x8d\x11\xcf\x97\
\x88+\xb0fC\xaetS\x0b\x8c\x89\x19\xb2\xc6\xc3\xb6\
\xd2\x94\xb9\x81+\xd7\xc2P\x8c\x11\xc4.\xcc.py\
\x02\xc9\x81\x8f\xbe\x7ft#\x18\xd7ra\x9fo\xc7\x08\
9\x09\xed\x8b\xd4\x16dQ\x150NQ\xd7\x99.\xc9\
[4E\xb1U\x80\xf0s\xbb\x08\xccM<\xdfH\x8e\
\x19\xcek\xc7\xae:\x16\x0c\x8f\xa7\xd7\xeb\x81\x11\xa8-\
\xe8\xde\x0en\x9a\xb3\xe4.\x93\xb8\x12<\xce\x023\xcd\
\xc0b\x8aNF\xf5\xc5\x22\xd1\x97\x1a\x96\x8c\x17b\x17\
6|~\xdd\xb4\xa3\x8e\xf4\x9f\xf1\xe8\xd2\x03\x81\xe2\xcf\
\x11\xd2\x18a\x93d\xacf`u$\xe2\xbcEh\xcc\
lT\xfa\xdc?\xba\x8e\x18\xfa\x89\xd6\x0c\xd4\xf5,\xd3\
\xc1@\xc1\xb5\xcf\xd8\x05t\x83\xb7\x99^\xf4\xaf=e\
w@\x0c\x1c\x06\xd2\x8e\x19\xc1\x80\x5c\xea\x19\x5c\x1a\x93\
NO\xfet\xce\x12\x84\xe8\xe4u\xeab\xb3\x8cqj\
\xda\x85\xe1\xe0\x1c\xa4\x84\xe6\x0d<\x1a+\xc0\xe7U\xb6\
\xea\xb3l\x9fA6\xad\x16\xfd\xf7\xb8\xeb>\x93=]\
\xa7e\x0a\x8b\xb3\x87\xeb\x91-\x14\x969:mDt\
\xaav\xa5u\xd3$\xe5A2\x83\xf4\xfc\x09\x5c\x0e\x01\
\xf12\x82\xeb\x17\x17NcS\xc6\x10*`;\x16\x0e\
\xc0\xad\x07\xbd\xb1\xf3`:\xe0\xc6i~\x04\x88\x0a\xe1\
\xb3\xc0\x18\xfa^\xb1\xfa \x7fzL\x01y\x123\x89\
z\xe4\xec\xc0Z\x07)\xdf\x87\xe8\xd4U\x9f\x08\xf0\x15\
\xb8 '\x94>>Y\x1c\xaa$\x8e\x01\xc2ck\x81\
qu\xc7\xd9\xfb\xf9?\xbd\x19@f\xfc\xfa\x99\x00r\
\x1d\x8aDz=\xb8M\xa6%X\xa7Q\x8a\xe0\xacC\
\xe6a+a\xc3\x91\x06.^E\xa6\xcd\xb9\x09^\x17\
!,\x22\xc1,v\x00\xdc\x05\xf6\x08\x00\xc1Ez\x9d\
\xc5\xe1\xb8\x8b,\xcdB\xbb\xe7\xf5\x94Tby\x80\x80\
\xa0\xab&\xc0\x90\xd0\xa2\xc02h\xea\xf8\xaa\x04\xcff\
\x0bE\xd7\x81y\xbd\x9b\x07\x08#\xc9\x0a4\xa2+\xf6\
\x16M\x1a\x86\x07cP\xb1\xaaGwdAg`\xd4\
\x05O\xd9n^\x16\x943\xdf\xcf\x04\x8c\xe7\x12p\x01\
\x9d\xdb\xdc\xcd\xdb\xcf\xc4\x9c'\x15]\xaeSMr\xd7\
D\xcd\xf2\x84\xd2\x85\xdb\x01Q\xc0(&\x84\xba\xa2J\
\x83/\xb5\xb5\xd2pAO0\x9b%`^\xff\xa1\x99\
\xc3\x02\xcd\x11gtQf\xda\xbb\xbc\xa8\x8cj'\x8f\
F:O\xe1:)\x8fD\x18\xbd\xea\x1bU0\xd3\xaf\
\x8f3:#\xdc\xca\xc5\x99\x85\x1a\xff7~\xe7c\x9a\
/a\xbb\x03#\x12W\xef2\xdb\xa5\xe4-\x02\x8dY\
uV\x07\x0fg\xfb\xa7s\xc1\xa9\xb4\xd7;`\xd8\x18\
\x91\x9a\xd9f\x18\xb77\xb2\x10<\x80\x92t\x12O\x15\
\xfdM\x90\xcbTw\xf0T\x8e\x91\xcc>_\xe4_\x06\
{\x0b@\x8f\xa9\xab-\x9b\xa6\x1a\x14]\x0a\xf4\x17\xcb\
=\xe7\x04\x9c\x873J\x02[c\xea+\xd9v\xcc4\
\x97\x8b\xbc\x0da\x17b\xda\x82Q\xea\xf5\xcf_\x07L\
\xda\x84o\xb3\x8a\x9e\x01\x19+\xea\xa1jg1\x8d\x96\
l\x1c\x1c\xee\x01\xcf\x02\xa3\x96&\x96\x8b<\xe1{\xab\
[eb}\x07I\xe25\x86\xec6\x11\xdf\xae8\xf5\
\xf0?\xf4yW\xcd\xd4\x7f\xc1\x5cE6\xe3\xc5\xfaU\
u\xcfW\x01\xd3\xd5MC\x9fdNs\xe4EW2\
&\xcbe\x9a\xbe8]B\xa1\x8aY\xb0\xb7?\xa7\xe2\
\xb1\x07\xa5\xb4d\xa3\xfa\xceU\x99\xaf\x01\x83\x85\x1f\xd6\
%Y\xaf\xe4\xdd\x99\xac\x99\xd3 Q^<\x11\x83\xa2\
\xa6\xbc\x03\xa3\xda\xa7\x19S\x10\x1c`\xce,0~b\
\x9e\x955%~cF\xfcX\x0f\x8c\xe9\xd0k\x8d\x08\
S\x12\xe8\xb5\x13\x83\x82\x8c\xd9\x05+\x12\xe8R!\x83\
NV\x05\x0c/c\xd8k\xf7k\xae\x82k\xb3\xe2*\
w\x0b\xea\xae\x0e\x98S\xfd\x86\xc0d\xfd\xe4}\x0e\x04\
2\xc6\xc32\xafT\xf8q\xd5\x1a\xe3\xdd6\x04\xc7\x5c\
j\x8d=\x14\x06\xe61O\xe6\xde$\xd2\xf0=\x18\xa9\
T\x942\x17K\x96\x87\xf79+6\xa2\xc7\xcb\xae6\
\x0b\x0cg\x9c\xe8Rc\x93\xa9\x9d\x8aL\xcc^\x95+\
|MR\xe85\xd4\xd8\xbdk\xdb\xa1\xf7;4\xae\xba\
\x82w\x91l*\xd8Qh\xbe\x89\xda\x0e'C\x10\xcf\
\x06F\xd9\x0aX\x83\xccPu\xd1\xd72'\xab\xb7H\
\x88m\xd2x\xd5\xd3\x01\xe2\x15\xc7\xb4>\xea\x1f\xab\x19\
c'\xc1\x9a\x04\xab\xdaNk\x86.}\x169\xde\xc5\
\xcf\xb1\x8a\xae\x01\xc8u\x08\xdb\x96\xc9\xf6\x946]%\
\xc8\xd6\xca\x0f\xc7l}\x1a3a\xcea\xaa\x18c\x07\
\xda\x89\xb8\x159\xe54M\xd6F\x98\x03\x06\x01\x94\xfa\
\xf38\x01\x80e\xc7U\xb7E\xb0\xff\xf3\xff{V\xde\
g\xc6\xb7\xa9\xf8\x0eLQmNv1\xd6\x9b\x0a`\
^\x12p\xbc\x03?\xae\x15\x0f\xdd=\xd9\x10\x87\xcd\x00\
\xde\xb3\x8d\xbatI\xb8\x07\x10\x90!\xfe\x1c\xff|\xc1\
\xae_yl\xb2\xa8\xb4\x11\xcd*\x95\xf4\xa9F\xd5\xc7\
\x220\x0f90.\xba}\x97~H\xc9}\xe6\xc0\xad\
<cE\x9dZ6M\xb8\x0a\x80\xf5\x97b\x07\x9a\x02\
\xc7\xcb\x02w%\xee\xbd\xa8\x1a\xc9\x99u\x03Ux\x95\
\xc68\x05\x1d\x98i\xed\xa8\xd5\xe5B\xd3G\x07_\x94\
\xe3u%g\x1a\x03\xc8]>d\x0c\xffE\xc0`\xe6\
;\xb1ej%`8\x8e\xd8R\x9d\xc7\xa4\x8cy/\
\xf7\xb7q\xb7\xde\xfd\x1e\x99\x82\xc7%\xa1\xde\x5c\xa0i\
G\xb0\x1d4_\x0e\x99\xfb\xfb\xf4\xe9S\xa2\x81\xce\x18\
\x17T\x0c\xcf\xd1\x967nIlk\xc5\x17Y\xe3\xab\
\x8b\x0cF\x9a\x9e\xdff\x09\x987\xb1\xd3\xcf\xdd\x16\xf7\
\xf0\xa9?|\xdf@\xb9\xbf\xbf\x1f\xf7\xd4\xf8\xa490\
\xeeN>\xb9;\x91\xd70\x8b\xaa\xc35\xb7\x01\x91\xb6\
\xaa'\xe2K\xb6\xa6;\xcba\x9f\xcb\xaa\xc0\xa0h\x0f\
_\xa4%\xfe\x9e\x81\xe2\xc6\x9b\x8d0*a\xfa\xcf\xc2\
\xbbU\x9b$k\x13<\xd54\xf6\x01f\x0b\xf1\xc36\
\x0d\xd6\x94\xd2f vGgV\x09\x18c\x89\x19\x02\
\xa3\xb6\xd3f\xed\xcbAs\xb8DP\xbbK\xcfb\x8c\
bO\xe2\xdf\xb4G\x8f\xd7\xa9\x9dM\xa5l\xda\x8e\x9d\
\x8bB\xc8\x96\x08\x98-1\x82\xbby\x5ca;0U\
\xcdp\x14_\x5c{\xe1\xd5=\xbc\x00\x04Ee\xcc\xaa\
\xb1\xcd\x9b\x8aJ\xa2\xab@\xf1\xf3b3\x9c\xdde*\
\x09\xa0h$\xcd\xa9n\x86#c\xe4\x02\x16-Xm\
a\xdbX\xb4{\x93\xb7\xb3\xabmj\xb5\xc08\xbb\xd4\
\xf2\xc9N4\xa4\x92|E\xacqcv<\x0bL\x0e\
\x88^n\xc0\x86\xb3o4dW\xc3\x0dE\xa5\xc6v\
\x09\x18\xd7\x16\xfc~\xb5;4k~\x83\xb0\xaa-\xac\
g\xed\x0c\xcf4\x86A\xa2]\x04J\xe9\xd5}\x00\xab\
a\x07\x95\x9br)N\xf00\x1a1+\xd9e%c\
\xf6\x1a\x9cl\x1b\xc8\x97\xde\xaa\x18\x93\xd1\x8e\x8a2\x0c\
\x83\xea&\x0a\x06h%\xb6\x96E\x0bg\xfe\x88\x91J\
m)A\x06\x85w\xb2\x90\xaeD\xeb\xdbu\x8cy\xd0\
\xcb\x9b\xe8V2\xf4\xd1\x06g6\xbf@\x05\x88\x02m\
\xca\x96\x9b\xc4\x05\x130T\xca\x7f\xd0\x8bl\xdc\xa3\xe1\
\x9dV\xe7\xe71\xaa\xeb\x15\xf4M#\x1a\xe3\x0d\x14*\
'\xc2\xdd\x9b\xdc\xeaX\xb5S\xb9\xa0v\x99G\x09\x5c\
\xe9\xf6\x9f\xb37@\xab\xccwCY\xe46X\xccR\
\xb3\xb3\x13\x17\xc1Ic\xb4/\x98\xb7z(\xc1\xcf\xd6\
\x8aJ \x89\x96'.\xfe\x9f\xa51\xe8N\xaa\xeeP\
\x83\x8an\xa2\xd8Q\x13\xc9\xbf\x1b\x01R\xebEj\xc7\
\x02kH4\x9ema\xa2n\xde\xc2\x98\x08\x14\x09D\
\xc1\xc7\xd5La\xb4Se\x07\x8an\xb4\xe90\x9b\x84\
\x83^mT\x93\xa6\x16\xdb\xaa\xa2\x12w\xbfv3\xf7\
,2;\xb2\xcaU\x1c\xa7r\x22?\xaf\xaf*\xea{\
\x01^\xb2\xee~\x89\xb5\xb2p\x14Rp\x96\xf8&\xa0\
\x14\xd6\x80w\x85\xdb\xfc\xd4L\x8d\xad\x01\x112K\x9b\
\x07\xc3\xe42\x10\xffp\xac\xc1\x1dv\x12\x98\x8f\x19c\
^\xe4\x02\xb8\x12\xd7\xdd\x5c$P\xc9\x16\xdf\x04!J\
\x8f\x8d\xca\xa3\xe8\xfe\x00\xb9\xfa(\x5c[\x8e\x8d\x5c\xb1\
J|e3G ]\x0c\xd73\xb7\xfcm\x02f0\
\x08\xa5\xda\xad\xa8u\xfbBsJL\xdc,0\xdbC\
\xe1\xbe\xc5},x\x92Y\xfb\x98Yav\xad\xc0\x09\
ve\x96.XF\xa9\xbd\x8ebU\x8d\xaaP/\x0e\
\xc7\x22u# T\xf4P\xa1{\x13\xa5\xeb\xa2\xe0C\
\xad\x91[=\xf6\xc1\xad\x86A\x80\xa8\x02\xa6x;p\
\xa5\xe0F\xee\xc4\xdf\x13\xb3$J2s=\x0aY\xbd\
\xd7\xcd\xa9]0\x9671fw(\x8b\xa9\xca#v\
3\xee\x98\xd6-\xe9\xeemy\xcb\x1e\xef\xdf\xa5%\xd6\
\xdd!\xcez\xd5=\xde<\x9ez\xc6\x94\xc2\xa0\xd0\x9c\
\xb9\x08\xa6\x00R\xb7\xe0q;\x80AP\xd1I\x8e\xe5\
\x10GI\x95\x87\xcdngupv\x22*\x95\x84.\
*\x22KUp/\xc2\x85{\x15\xd5\x86\xe5\x87\x97d\
\x93s\xf4c\x1b\xc5$t_fK\xf8k \xbf\xd5\
_\x1b\xba\xfc~L\x0d0\xbf\xfb\xeb\xbf\x8e\x17pR\
3L:`\x1c\x9c_\x8b\x9d\x0d\xc6\xe7\x14\x94\x04\x98\
\x8b\xa5v\x01\xe6\x02\xcc\x05\x98\x0b0\x17`.\xc0\x5c\
\x80\xb9\x00s\x01\xe6\xd7\x06\x8c\xa5\xd0\x17 R\xeb\xee\
\xa9\xf0\xdf\xf3\xbd\x002\x812\xfe\xd0q\xf6\x0b\xd0\xbf\
a\xf3_\x80\xfe?\x97\x1d\x91\xf9\x93\x86\x8c8\x00\x00\
\x00\x00IEND\xaeB`\x82\
\x00\x00\x117\
\x89\
PNG\x0d\x0a\x1a\x0a\x00\x00\x00\x0dIHDR\x00\
\x00\x00F\x00\x00\x00S\x08\x06\x00\x00\x00\x225q\xac\
\x00\x00\x00\x09pHYs\x00\x00\x0b\x13\x00\x00\x0b\x13\
\x01\x00\x9a\x9c\x18\x00\x00\x0a\xe6iTXtXML\
:com.adobe.xmp\x00\x00\
\x00\x00\x00<?xpacket beg\
in=\x22\xef\xbb\xbf\x22 id=\x22W5M\
0MpCehiHzreSzNTc\
zkc9d\x22?> <x:xmpm\
eta xmlns:x=\x22ado\
be:ns:meta/\x22 x:x\
mptk=\x22Adobe XMP \
Core 10.0-c000 2\
5.G.ef72e4e, 202\
5/06/27-18:54:05\
        \x22> <rdf:\
RDF xmlns:rdf=\x22h\
ttp://www.w3.org\
/1999/02/22-rdf-\
syntax-ns#\x22> <rd\
f:Description rd\
f:about=\x22\x22 xmlns\
:xmp=\x22http://ns.\
adobe.com/xap/1.\
0/\x22 xmlns:dc=\x22ht\
tp://purl.org/dc\
/elements/1.1/\x22 \
xmlns:photoshop=\
\x22http://ns.adobe\
.com/photoshop/1\
.0/\x22 xmlns:xmpMM\
=\x22http://ns.adob\
e.com/xap/1.0/mm\
/\x22 xmlns:stEvt=\x22\
http://ns.adobe.\
com/xap/1.0/sTyp\
e/ResourceEvent#\
\x22 xmlns:stRef=\x22h\
ttp://ns.adobe.c\
om/xap/1.0/sType\
/ResourceRef#\x22 x\
mlns:tiff=\x22http:\
//ns.adobe.com/t\
iff/1.0/\x22 xmlns:\
exif=\x22http://ns.\
adobe.com/exif/1\
.0/\x22 xmp:Creator\
Tool=\x22Adobe Phot\
oshop 27.3 (Wind\
ows)\x22 xmp:Create\
Date=\x222026-02-09\
T18:59:01-06:00\x22\
 xmp:ModifyDate=\
\x222026-02-26T17:5\
0:18-06:00\x22 xmp:\
MetadataDate=\x2220\
26-02-26T17:50:1\
8-06:00\x22 dc:form\
at=\x22image/png\x22 p\
hotoshop:ColorMo\
de=\x223\x22 xmpMM:Ins\
tanceID=\x22xmp.iid\
:91adde1f-499e-7\
241-b4e7-4345ccb\
eaabc\x22 xmpMM:Doc\
umentID=\x22adobe:d\
ocid:photoshop:d\
07aee21-dc99-ea4\
f-b1ab-85dd01f10\
c7f\x22 xmpMM:Origi\
nalDocumentID=\x22x\
mp.did:5362cc97-\
a2ba-cc4e-b8e1-4\
97e5a8d90d8\x22 tif\
f:Orientation=\x221\
\x22 tiff:XResoluti\
on=\x22720000/10000\
\x22 tiff:YResoluti\
on=\x22720000/10000\
\x22 tiff:Resolutio\
nUnit=\x222\x22 exif:C\
olorSpace=\x221\x22 ex\
if:PixelXDimensi\
on=\x2270\x22 exif:Pix\
elYDimension=\x2210\
7\x22> <photoshop:T\
extLayers> <rdf:\
Bag> <rdf:li pho\
toshop:LayerName\
=\x22MET\x22 photoshop\
:LayerText=\x22MET\x22\
/> </rdf:Bag> </\
photoshop:TextLa\
yers> <xmpMM:His\
tory> <rdf:Seq> \
<rdf:li stEvt:ac\
tion=\x22created\x22 s\
tEvt:instanceID=\
\x22xmp.iid:5362cc9\
7-a2ba-cc4e-b8e1\
-497e5a8d90d8\x22 s\
tEvt:when=\x222026-\
02-09T18:59:01-0\
6:00\x22 stEvt:soft\
wareAgent=\x22Adobe\
 Photoshop 27.3 \
(Windows)\x22/> <rd\
f:li stEvt:actio\
n=\x22saved\x22 stEvt:\
instanceID=\x22xmp.\
iid:5e58fed0-21a\
c-364a-849d-8cb9\
16c3b51f\x22 stEvt:\
when=\x222026-02-10\
T18:04:33-06:00\x22\
 stEvt:softwareA\
gent=\x22Adobe Phot\
oshop 27.3 (Wind\
ows)\x22 stEvt:chan\
ged=\x22/\x22/> <rdf:l\
i stEvt:action=\x22\
saved\x22 stEvt:ins\
tanceID=\x22xmp.iid\
:2d4ec50f-c05b-2\
243-be70-29ef5e5\
01559\x22 stEvt:whe\
n=\x222026-02-26T17\
:50:18-06:00\x22 st\
Evt:softwareAgen\
t=\x22Adobe Photosh\
op 27.3 (Windows\
)\x22 stEvt:changed\
=\x22/\x22/> <rdf:li s\
tEvt:action=\x22con\
verted\x22 stEvt:pa\
rameters=\x22from a\
pplication/vnd.a\
dobe.photoshop t\
o image/png\x22/> <\
rdf:li stEvt:act\
ion=\x22derived\x22 st\
Evt:parameters=\x22\
converted from a\
pplication/vnd.a\
dobe.photoshop t\
o image/png\x22/> <\
rdf:li stEvt:act\
ion=\x22saved\x22 stEv\
t:instanceID=\x22xm\
p.iid:91adde1f-4\
99e-7241-b4e7-43\
45ccbeaabc\x22 stEv\
t:when=\x222026-02-\
26T17:50:18-06:0\
0\x22 stEvt:softwar\
eAgent=\x22Adobe Ph\
otoshop 27.3 (Wi\
ndows)\x22 stEvt:ch\
anged=\x22/\x22/> </rd\
f:Seq> </xmpMM:H\
istory> <xmpMM:D\
erivedFrom stRef\
:instanceID=\x22xmp\
.iid:2d4ec50f-c0\
5b-2243-be70-29e\
f5e501559\x22 stRef\
:documentID=\x22xmp\
.did:5362cc97-a2\
ba-cc4e-b8e1-497\
e5a8d90d8\x22 stRef\
:originalDocumen\
tID=\x22xmp.did:536\
2cc97-a2ba-cc4e-\
b8e1-497e5a8d90d\
8\x22/> </rdf:Descr\
iption> </rdf:RD\
F> </x:xmpmeta> \
<?xpacket end=\x22r\
\x22?>r\xadn9\x00\x00\x05\xf7IDATx\
\xda\xed\x9cM\x92\x1aG\x10\x85\xfb,\x96g\xb6\xd2\x1e\
\xc5x\xa7\xa5C\xf7@\x07\xf0vt\x00\x1c>C\xe1\
\xcd,\xa8Ew\x84\xae\x80\x96\x9c\xc0G\xc1\xd3@\xd1\
YY/\xb3\xb2\x1ah\x9aP-2\x18c\xd4t}\
\xbc\xfc\xad\x82f\xbf\xdf7\xd5R\xab\x10*\x98\x0a\xa6\
\x82\xa9`*\x98\x0a\xa6\x82\xa9`*\x98_\x0c\xcc?\
?\xfe\xdb?\xa2\xdd\x14L\xff\x06\x7f\xfe\xf5o\xb5\x93\
\x1d\xc0T(\xd8\x9a\x0a\xa1\x82\xa9`*\x98\x0a\xa6\x82\
\x99\x1f\x98o\x7f\xb7\xd5\xde-\x023\xa7\x1b[\xce\x04\
NSU\x82\xed\xa1\xc04\xef\x1dLo\xd7\xbcVo\
\xcbG\x06C\x17r\xadk=\xff\xf1E\xbc^\xf3H\
@\xb4\x85\x94^\xeb\xe9\xe5\xcbc\x81\xa17O\x17\x10\
l,\x98\xf3\xf5N\xd7\x99%\x18\xbe\xf8psT\x19\
\xcfd\x01a\x11\xfdc)\x18\xae8\x0aeV`\xc2\
M~]\xb7Gs\xc7G\x04\xe5\xbc\x10\xa6\x18\xc9\x96\
\x8aJ\xb8\xf2f\x09&\xc0\x08`T(/\xa9\xf4)\
Pt\x1dI\x95\xe8=\xe6\x05\x86,\x08\xc5\x92'\x06\
$X\xa2\xb6\xc8\xba\xe4\x9a\xbb\xdd.1\x0eg~\xae\
\xe4\x86O\x99\xfb=\x92\xbd\xe4\x82\xdcrP\xe8\x07\xa1\
\xc5\xacY\x04_\x14S\x90R\x90\x9d!\x91X\x95\x83\
B\xdfs\x96\xe9\x1ae\x0b\x9e\x81\xa8i\x0b\xa6\x8a\xb1\
\x80\x99}\x1d\xc3]\x89g m\xb1t\xd1c\xc0h\
\x95\xf4\x00fu\x9fnW\xcbF90\xc8\xadJ\x5c\
I\xab\x89\x9a\xb9T\xba\xcf\xa0\x22\xb5\x06R\x1a\xd0K\
^?k0Z5\x5c\xa2\x00\x1a\x88)\xd0\xe4\xff\xaf\
\xdb\xc7\x03C\xb3Ki\xcc\xe0\x85\x9f\xf4\xbcT\x10\xce\
\x1bL_\xa4]\x02\x86\xa5\xed(\x95s\xe8N\x87\xd3\
\xdck&B\x83\xbb\x5c\xcd\xea\x19\x09\xb9\xc9\xb0\xf8n\
x\x14\x8aA\xaa\xac\x8b\xc1<\x8d\xecrK\xda\x04+\
\x1c\xa9\xc8\x8b\x1e\xb9J\xc0\xdf\x18\xcc\xaa\x00\xca\x8b\xad\
e/QY\xd4TJ\x8bXK\xc1\xb9K\x5c#\x81\
\x82\xae\xcd\xfe\x1d\xba\xbffLJ\xe5\x95\xa9\xb5\x9b\xe6\
\xaf\xd7\x9b\xc2\xf1\x0aH\xff\xee\x22 i@\xee\xc6\x83\
Ae\xbbE5\xda\x98\x01f\x0c\xf6)\xef~n\xce\
&5\x91Y\xc0 \xd8\xa2.\xbf\x08\x8c\xa5\xfbU\xeb\
\x01\xf5\x86;q\x11G\x18\xfed\x04\x8c\x029q\xaf\
5N\xd1\xbb\xed\x06\xd66\xa3\xc0\xa0\xe1\x91\x0af\x05\
\xc08\xc1M\x98\x8b\x0c*\xf1\x89b\x90k\xf6\x0bM\
^\x03\x5c\xf2\xf0\xda\x9f\xf8\xb5E`4\x17B\xb3\x12\
\xd3(S\x9c\xa5t\x190>R\xcdy\x91\x04\x8a\x06\
\xe7\x0c1z\xad\x17\x93\x83\x09\x8c6\x0f1\x95\xd7\x05\
1 \x06\xb3Q\x172\x80\xc3\x00\xa9\x1ab(X\x89\
E`\xb8|\xb5Z\xc0\xa4\x1c\xa7d\x9fu\x0bo\x9c\
+#\x86\x22[\x0c\x91A\xd9\xc6\xb0\xcd\x05^\x14\xcc\
\x9c\xb4\x10\x5cU\x8a\xd5$(\xddS0>\x09\xbaH\
9\xc3\xe2<\x08\xd4\xe4q\x8b\xdc-UL\x16\x8c\xda\
xi\xd9\xc5\xd9\xe1\x88n\xe4Z\x03\x14}\x91\xb1\xc2\
\xd0\xb5<\xccv&0j\x0cpJ\xf9-\x94\xf3z\
\xbc\xe9\xa2B\x0c\xaba#\x07\xe4\xad\xe4\x22\x0a4\x02\
\xc6\xd4]s\xa5D\x17y\x7fC\xb1\xfc\xce\x94\xe5b\
\xc5\x0b`\xaa\x10(\x88\xedF\xcd^\x163\xcfc\xd2\
t&[RH9\x10{\xdc\xf0\xb7\xde\x0et\xac\xb8\
\xf3\xe2'\x9c<\xbf\x1d\xe3r\xbe\x1cL\x14\xc9\x0d\x9f\
\xca\xb0\xb0N\xeer3;\x85\xb8\xea\xb5\xaa\xc1+\xca\
\x92\x03y\xb6\x95\xd1\x86\xdfi\xcd \x07:\xb1\xaa\x15\
2\xd6o\xbf\x7f\xda\x7f\xfe\xfe&\x02\xca\xbb\x84W\x82\
\xab\xae\x1a\xd3T\xa0tH\xa5\xd5\x03j\x87\xcc\x94\xf3\
\xe1\xe9\xd3\xc1>\xbf\xbe\x1d\x00QH\xbajpms\
\x8d\xb8r\xd1h3\x06\xe4A\xecA\xee\xd4\x89n\xd5\
\xc3Y\xbc\xc3Y\x00@\xf2\xe2\xbdP\x9bx!eo\
\xce\x8d\xa3\xf5`ds\xc9D\x1f\xdd\xb8\xa9\xf6q\xc3\
\x0c\xe4\xe8V\x1f#\xe5\x84\xbfq\xf9\xaf\x15u^\x8c\
I\xc5\xe7j.\x19G\xc2l%\xcdV\x84\x0c\xc6\x95\
\xd3\xc7\x9e\xb3\x8b\xbd\x0e\xa0\xac\xfdZ\xb6\x97[\xdd\x02\
\xcc\x0a\xc0\xd9\x0ap\x9c\x9e\xa1\xd0VG\x0f$\x809\
\x04g\xa0\xa2\xc8\x94\xe7\x16\xaf\xa9\xfa&;\xce\x8a[\
\xf9\x8d\xb1\x8dH\x07U\x14PPP\x04\xe0\xa4\xa8\x04\
\x08S\xd7\xe2\x95=75\x18\x09\x8e\x5c\xf8\x09\xc18\
3\xf4\x0e\x0b\x8c2\x19\x83\x11\x00\xf0@\x8e\xdcp\xb2\
\x03\xd0Qp\xe4\xadC\xe6\xa0\x0f?\x09\xc5\x9bR\xba\
 \xeaj\x14D\xbfx\xae\xb2\x05\x8bO\x96\xdd\xc7r\
0+k \xf6\xac\x1a6f(\x07&\xf7,>q\
8\xd4m\x02,\xa4(\xb4!w\xd5\x02\xcf\x9c\xa5\xb6\
\x9b\xb4_R\xf6tb\xa5\xe4\xd3;\x8a?4`s\
8\xd2\x09\xd1\x89\xc1\xf8\xc2\xe0\x9b\xab\x94\xd3\xe0|\x00\
@T\x13\xfe\xfb\x08\xe6\xe3\x00\xe6\xfb\x1b\xde\xa9\x9cZ\
1\x14\x8e\xbai&\xa8A\x9d\xff\x08Y\x8b\xab\x84\x9b\
\xa4\xc4\xbb\x80\xc9M\xe8\xe2\xf8\xd1\xe1\x00\xec\xe4}\xa7\
C\xa5,\x80\xe8!\x05P\xc9\x08\xd5\xdd\x02\xcc\xea\x82\
s.\xaeMf39U\x88\xdb\xac.\xee\xce\x83\xfb\
P \xfd\xa3\xe5\x5c\xcc\xe4\xdfW\x82\xa7\x0fr{\xd2\
k\x00F\xd8\x98\xe3\xe9\x1b\xb9On\xbb\xe6\xfe`\xb4\
\x1aF8\x85 \xba\xe2i\x18\x16\xb2\x1f\xaam\xf8^\
R2S&Yiyw0\xb9\xf8\xe2pS)m\
\xb1\xd2*\xdbr\x0e\x8f\xbf\xcf\xa4\x95\xaf\xd9\x95\x9c\xbe\
\xdb\x10\x1a\xd2d\x83\x8f,\x8a\xceYr]|\xe9\x8e\
\xe94`\xa2m\x11}\xa2\xc7w\x08\xa4\x05\xf1\xa9\xa1\
%n\x8d\xfe\xe2\xd7\xcd\xbfa\xe2\x94\xed\x96d\xcf\xda\
\xa7\xbb\x8b\xc9P\x9b\x15\x91\xae\x15c\xc9<\xc1\xb8\xd6\
~Rj\xdd\xda\x07\xda\x9aZ\xae\xad\x98\xe5\x8d\xbf\x93\
\xa4\xaae-\x9dp\xf0\xca\x9c\xd7\x9b\xdb\x8ay\xba\x92\
\xf1\xc0`\xe9\x88RjF\xa5s\xbc\xa3\xd6\xd0\xff\x14\
\xd3d`\x94\xe3#\x97|uPn!\xbaQ`z\
&\xe7\x1f\xef\xba\xe6o0\x98\xaa\xdf\x91RWOb\
\x08)\xbe\xa4\xcd\x09\xbf\x94\xf6\xf0?\xf7v\xab\x9f\x8f\
\xfb\x1f\xa1\xc5\xd9\x0b{ex\x11\x00\x00\x00\x00IE\
ND\xaeB`\x82\
\x00\x00\x11\x03\
\x89\
PNG\x0d\x0a\x1a\x0a\x00\x00\x00\x0dIHDR\x00\
\x00\x00F\x00\x00\x00S\x08\x06\x00\x00\x00\x225q\xac\
\x00\x00\x00\x09pHYs\x00\x00\x0b\x13\x00\x00\x0b\x13\
\x01\x00\x9a\x9c\x18\x00\x00\x0a\xe6iTXtXML\
:com.adobe.xmp\x00\x00\
\x00\x00\x00<?xpacket beg\
in=\x22\xef\xbb\xbf\x22 id=\x22W5M\
0MpCehiHzreSzNTc\
zkc9d\x22?> <x:xmpm\
eta xmlns:x=\x22ado\
be:ns:meta/\x22 x:x\
mptk=\x22Adobe XMP \
Core 10.0-c000 2\
5.G.ef72e4e, 202\
5/06/27-18:54:05\
        \x22> <rdf:\
RDF xmlns:rdf=\x22h\
ttp://www.w3.org\
/1999/02/22-rdf-\
syntax-ns#\x22> <rd\
f:Description rd\
f:about=\x22\x22 xmlns\
:xmp=\x22http://ns.\
adobe.com/xap/1.\
0/\x22 xmlns:dc=\x22ht\
tp://purl.org/dc\
/elements/1.1/\x22 \
xmlns:photoshop=\
\x22http://ns.adobe\
.com/photoshop/1\
.0/\x22 xmlns:xmpMM\
=\x22http://ns.adob\
e.com/xap/1.0/mm\
/\x22 xmlns:stEvt=\x22\
http://ns.adobe.\
com/xap/1.0/sTyp\
e/ResourceEvent#\
\x22 xmlns:stRef=\x22h\
ttp://ns.adobe.c\
om/xap/1.0/sType\
/ResourceRef#\x22 x\
mlns:tiff=\x22http:\
//ns.adobe.com/t\
iff/1.0/\x22 xmlns:\
exif=\x22http://ns.\
adobe.com/exif/1\
.0/\x22 xmp:Creator\
Tool=\x22Adobe Phot\
oshop 27.3 (Wind\
ows)\x22 xmp:Create\
Date=\x222026-02-09\
T18:59:01-06:00\x22\
 xmp:ModifyDate=\
\x222026-02-26T17:5\
9:42-06:00\x22 xmp:\
MetadataDate=\x2220\
26-02-26T17:59:4\
2-06:00\x22 dc:form\
at=\x22image/png\x22 p\
hotoshop:ColorMo\
de=\x223\x22 xmpMM:Ins\
tanceID=\x22xmp.iid\
:9e2a8f64-c77a-d\
34d-a260-b2e3ab3\
50959\x22 xmpMM:Doc\
umentID=\x22adobe:d\
ocid:photoshop:2\
24d2d4b-e57e-854\
d-a68f-1b8192f54\
983\x22 xmpMM:Origi\
nalDocumentID=\x22x\
mp.did:5362cc97-\
a2ba-cc4e-b8e1-4\
97e5a8d90d8\x22 tif\
f:Orientation=\x221\
\x22 tiff:XResoluti\
on=\x22720000/10000\
\x22 tiff:YResoluti\
on=\x22720000/10000\
\x22 tiff:Resolutio\
nUnit=\x222\x22 exif:C\
olorSpace=\x221\x22 ex\
if:PixelXDimensi\
on=\x2270\x22 exif:Pix\
elYDimension=\x2210\
7\x22> <photoshop:T\
extLayers> <rdf:\
Bag> <rdf:li pho\
toshop:LayerName\
=\x22MET\x22 photoshop\
:LayerText=\x22MET\x22\
/> </rdf:Bag> </\
photoshop:TextLa\
yers> <xmpMM:His\
tory> <rdf:Seq> \
<rdf:li stEvt:ac\
tion=\x22created\x22 s\
tEvt:instanceID=\
\x22xmp.iid:5362cc9\
7-a2ba-cc4e-b8e1\
-497e5a8d90d8\x22 s\
tEvt:when=\x222026-\
02-09T18:59:01-0\
6:00\x22 stEvt:soft\
wareAgent=\x22Adobe\
 Photoshop 27.3 \
(Windows)\x22/> <rd\
f:li stEvt:actio\
n=\x22saved\x22 stEvt:\
instanceID=\x22xmp.\
iid:5e58fed0-21a\
c-364a-849d-8cb9\
16c3b51f\x22 stEvt:\
when=\x222026-02-10\
T18:04:33-06:00\x22\
 stEvt:softwareA\
gent=\x22Adobe Phot\
oshop 27.3 (Wind\
ows)\x22 stEvt:chan\
ged=\x22/\x22/> <rdf:l\
i stEvt:action=\x22\
saved\x22 stEvt:ins\
tanceID=\x22xmp.iid\
:649fc7e6-956a-6\
742-9724-111d91b\
3a990\x22 stEvt:whe\
n=\x222026-02-26T17\
:59:42-06:00\x22 st\
Evt:softwareAgen\
t=\x22Adobe Photosh\
op 27.3 (Windows\
)\x22 stEvt:changed\
=\x22/\x22/> <rdf:li s\
tEvt:action=\x22con\
verted\x22 stEvt:pa\
rameters=\x22from a\
pplication/vnd.a\
dobe.photoshop t\
o image/png\x22/> <\
rdf:li stEvt:act\
ion=\x22derived\x22 st\
Evt:parameters=\x22\
converted from a\
pplication/vnd.a\
dobe.photoshop t\
o image/png\x22/> <\
rdf:li stEvt:act\
ion=\x22saved\x22 stEv\
t:instanceID=\x22xm\
p.iid:9e2a8f64-c\
77a-d34d-a260-b2\
e3ab350959\x22 stEv\
t:when=\x222026-02-\
26T17:59:42-06:0\
0\x22 stEvt:softwar\
eAgent=\x22Adobe Ph\
otoshop 27.3 (Wi\
ndows)\x22 stEvt:ch\
anged=\x22/\x22/> </rd\
f:Seq> </xmpMM:H\
istory> <xmpMM:D\
erivedFrom stRef\
:instanceID=\x22xmp\
.iid:649fc7e6-95\
6a-6742-9724-111\
d91b3a990\x22 stRef\
:documentID=\x22xmp\
.did:5362cc97-a2\
ba-cc4e-b8e1-497\
e5a8d90d8\x22 stRef\
:originalDocumen\
tID=\x22xmp.did:536\
2cc97-a2ba-cc4e-\
b8e1-497e5a8d90d\
8\x22/> </rdf:Descr\
iption> </rdf:RD\
F> </x:xmpmeta> \
<?xpacket end=\x22r\
\x22?>\xbc\xd3\xc4\x99\x00\x00\x05\xc3IDATx\
\xda\xed\x9c\xbdr\xd3@\x10\xc7=\x93\xe1)\xc8\xb3@\
\x05]RJ3\xf8\x19\x9c\x9a>\xbc\x00\x15)\x92\x92\
\xd2T\x16<\x0ccx\x82\xa4\x83\xd6 \xc9+\xed\xee\
\xed\xde\xf79\x02_fv\xac\xc8\xb2t\xfa\xdd\x7f\xf7\
\xf6\xf64Z\x1d\x0e\x87Uo\x1f\xbf\xfd<L\xf6\x15\
m/\xdc>|\xf9\x9e\xd5\x80\xc7\x04%\xf7\x05b\xed\
v\x01m\x18\xc0,\x09\xca\x92\xec\xec\xc0\xac\xfe:\x89\
f\xe4\xb8s\x87Q\x14L\xe8EK\xdfT\xc8\xef\x9e\
\x1d\x8c/\xa8\x98s\xe5\xb2E\x80\xc1\x8dyN\x18\x8b\
\x05\xb3$+\x12|+\x98\x0a\xe6\xbc\xc0\x18\xf7S\xc1\
\x14\x06\xf3\xaf\xc39+0\xe3l0\x15\xcc6\xcfl\
w\x090\xf0_l\xb2\xb9z\xaey\x09\xbf\x91\x9c0\
\x16\x05&\xf7M\xc5\xb8J\xccy\xd4\xfb\xc9\x05\xe3\xcd\
\xabw\x87\xb7\xaf\xdf\x1d?\xd7Iq \x06R\xeco\
\xb3\x82\x81\x93\xf6 f\x18\xd4r\xc6\x8aR\xbf\xb5\xde\
c\x0c\x14\x0c\x04\x0c\xf6===MV\x0a\xcc\xc3M\
{\xb8\xdf4\xc9q+\x1b\x18p\x99\x19\xc4z\xf8|\
||$@\xc0`\x7f.0\x0f7\x0d\xb1\xb2`\xb6\
\xb1P\xc6m\x0c\xa0\xff\x94 \xa5\x80\x91\x80\x8c\xd6\x0e\
\x963\xa9\x0bV\x0c\x0e\xae\x9aJ4\xd5\xa4\xba\xd4\xef\
\x1f\xbb\xa8\xef\x01`\xefr\x1a\xc0,`\xc6\xd8\xb2&\
\xaa\xc1PR\xc0Hn\xd1\xdf\xf0\xaf\xfd\xce\x0b\x8c\xcd\
Fe5bL\xca\x12c\xf0H\xc4G!\x1b\x9c~\
\x9f\x1d\xca\xd8p\xd7\x0d\xfaC\xe9\x148\xa3j^^\
}\x1a\xac\xc8\xa8D\xc1\xacI\xbc\xc1n\x05\xfbu\xa9\
\x1f\xa1\xf4\xca\xd8\xef\x9cp\xc0F%u\xec\x7f\x0b\x9c\
\xfd\x8e\x80\xb9\xbc\xba\xcb\x0f\xc6\xccc\xd6\x86\x8ah\xb2\
g\x82\x01\xbf\xa7J\xe9\xbcz\xdf\xb0\xbd\x06\x8e\x1a\xb8\
RQ0\xda4\x00\x03\xd1\xa0\xf0\xe0\xe8\xba!\xbbu\
\xde\x00\x01L\x0f\xe5\xf2\xba0\x18\x0cGs\x99\xde \
\x00c\xff\xf6\x89+.e\xf8\xbb\xddnV\x8b\x07\x94\
,\x8a\xd1\xb2^\x1e\x8c\x87\xde\xfa\xdb(\x00\xd3\xf7\xa0\
o\xf0t\xdd\xb4\x0f\xd4\x107J\x02\x83\x87\xf0\xdel\
\xc3\xf5\x04\xe6\xea\x8e\xa8&\x04\x82\xcf(%\x0d\xf5p\
\x8d\x107J\x06\x83\x03\xac\x0d\x0a\x1e\xb2\xfb\x86A\xe3\
\xfa\x00L\xe1t\xe2\xc8c\xcda\x18\x00IEp\xbc\
\xefP\x9d4*I\x89\x1ew!\xbc\x8d\x831U\x8d\
[\x11\x18\x9c\xec>\x9dS]\xf8\x9aE\xc1\xc00\xcd\
3`\x0e\x08g\xcb\x10\xa0\x07I#Y\xbb]\xaa\x8b\
\x8aGX)\xe0\xc6\xbe\x0f\x18\xacR\x83.N\xec(\
\x103\xb7\xc1*\xe0\x8d\x0d\x87\x82\xbf\xef\x8c}\xdcu\
!\xe8F\x83\xb9\x0d\x8c-<o\x99\xfeg\xc7`(\
\xa0\x14\x0c\xc6\x84\xe3\x0b\xa4\x13U2\xa9\x92\x05|\xef\
\xce\x8f/T\xad\xc5B\x15\x9469\x10\xfc{<l\
\xc26\xc0\xf2\x99\x18J\xc3\xb5\xa4D\x1eWN\x04\xc6\
\xac\xe2\xe18\x22\xae\x07\xb3\xd1\x017z\x02\x84$\x1f\
b\xd8e\xb8J|\x15s\x9b\x0a&\xe5\xa1 h\xe4\
t\x13\xd7w\xc6\x0d\xc2\xf7XY\xb6\xea\xe0t\xbek\
\x13\xect\xbd\xd4\x18S\xfa98\xdc\x9b\xb0\xcdc\x0d\
@\xd1\xc0\xe0t\x00\xc7,\x1e_0\xe0\x90\xac7\x1c\
\xcc6\x0d\x0c\x81\x81\x14\xc1\xf7Is-\x9cAkE\
0Im\xf8\x1a\xe5\xc0\xc4\xda\xd6\xed\x82<6`\x15\
\xd9\xc0\x10wb\xb1%\xe5A\xc9\xd5)\xdd\x08\x96=\
\xe6O\xbf\xa2\xb6\x06\xc6\xb5\x0a\xc1\x0b\xe8\xb8\xbc\xf9\xec\
`hq\xaa!\x95;\x0cF\x9a\xf7p\x08\x12,\xd8\
/\x0d\xe5\x12\x98a\xfb\x08(\x1d\xcc6])\x14\xc6\
\x0c\x05\x1a+\xd5]\x00\x00d\xd3xU@\xda\xcf\x13\
C\x0c\x9ew\xc8\xbd\x03\xce\xea\x14J\xe1n\x03\x86U\
\x14R\x00w\x17\xc6;c\xf9DT\xce\xd1\x85O\x06\
F\xf6\xf1\xd6\xb2p\xa6\xc1\xe9\xa2\xab|\x5c%\xd0A\
\xd4\xa5\xe7\x15\xcd\x93=Q%I\xd7\x84C\x1b\x1f[\
\xb4\x92 \xca.\xd4\xaan]\xf4\x01\xe8\xe1\x82G\xdf\
\x95\x02\x9f<\x22\xd9\xc0\xc4W\xf8x\x87\xcc\x1d\xd3\x0a\
\xb1'\x16\xcc6L\x1dx\x14\xa2\x12\x96\xdd\x09\xbe\xb3\
\xbbH\xe7\xbdT\x82\xc1\xc8n\x9cI1\xb6\x15D\x1e\
P!\xa0\x99\xfel\xca\x98\xf6b\x9bV\xf0f\xc7K\
0\xe4\x07\x04Zq\x84Z\x85\x81h\x1dqc\xbe\x88\
\x9c\xaf4j\xe3\xcc\xfa\xafOA\xca\xe5J\xad\xb1v\
\xad\x0d\x00V0\xb2\x22hd\x97\x22\xbd\xa4\x18\xcd\xcc\
\xdf4f.\x93\x18|\xa56=X\x1e4r>2\
O{\xba%q\xc2\x04\xa4\x81C\xdb*H\xf9\xd3w\
Q\xcd\xe5^\x18\x06\xef\xb0\xa8B\x95\x9c\x94\xe9\xca\x90\
\xd2|~\x9c\x99\xdc5jF\x9ac4\xfaM\xa6\x02\
\xad\xf8\xa0Q\xd4$\xd2\x1ci\xa4\x89_#\x0c\x7fz\
\x96iK\xae88C5\xfb\x90\x1a\xf0x\xbc\xdc9\
\x89`\xa8[\xb5\xe2\xf0\xa6\xab\xa0Q \xb5bR'\
\xc1uB\xd8\x87\x04]3\x8e\x05\x81\xb9\xf5\x9a\x042\
\x18\x9b\xc6\xfal\x9c+pk\xc7\xc7f\xba\xf0?\xbd\
\x16\xea\x80\x180\xa1\xb3d)?\xd1\xb2Y#\xe3\xdd\
4\x8abZ\xcbB\xbf\xff\xa3\x1f\xd2\xdc\x08\xab\xb7H\
\xa1J\x1a\xce5 z\xe06]\x91\x9f\xc3g\xe1\xde\
\x9et\xea\xea,^\xc1\xf3m\xec\x8b\x8b\x0be\xa6-\
\xa9\x8f>\xbf\x1b;\xa3\xb7\x05\xfc\xe9\xbc\xdb\x85\x946\
\xa9\xebHj\x0a\x88\x01[\xfd:\xf7\xccUy\xbe\xb4\
\xb8\x9a\xaf\x9a\xbfl\xc2e\xee\xbeN\xab\xa6\x15\x0b\x04\
\xd3\x8a\xbe\x8f\xa5\x9e\x0fL\xc1<&u\x1d\xc9\xa7\xc1\
|r\xe9\xeb\xff\xbeu!i\xaa\xb2\xc8\xe5\x93R/\
\xc6(\xf1\x02\x8e\xfab\x1d\x0d\xcc\xf5\xfb\xcf\x87\x0a\x87\
Z\xcfd\x00\x03p\xfe\x17\x8bYB\xc6P\x08\x98j\
\xd4*\x98\x0a\xa6\x82\xa9`*\x98\x0a\xa6\x82\xa9`*\
\x98\xff\x0dL\x9fBW\x10\xd4z&\xd3\xfb|+\x90\
\x19\xca\xf4\xa2c\xe3\x0d\xd0gl\xf0\x06\xe8?\x90\xb0\
J\x1d\x85Q\xefY\x00\x00\x00\x00IEND\xaeB\
`\x82\
\x00\x00\x12K\
\x89\
PNG\x0d\x0a\x1a\x0a\x00\x00\x00\x0dIHDR\x00\
\x00\x00F\x00\x00\x00S\x08\x06\x00\x00\x00\x225q\xac\
\x00\x00\x00\x09pHYs\x00\x00\x0b\x13\x00\x00\x0b\x13\
\x01\x00\x9a\x9c\x18\x00\x00\x0a\xe6iTXtXML\
:com.adobe.xmp\x00\x00\
\x00\x00\x00<?xpacket beg\
in=\x22\xef\xbb\xbf\x22 id=\x22W5M\
0MpCehiHzreSzNTc\
zkc9d\x22?> <x:xmpm\
eta xmlns:x=\x22ado\
be:ns:meta/\x22 x:x\
mptk=\x22Adobe XMP \
Core 10.0-c000 2\
5.G.ef72e4e, 202\
5/06/27-18:54:05\
        \x22> <rdf:\
RDF xmlns:rdf=\x22h\
ttp://www.w3.org\
/1999/02/22-rdf-\
syntax-ns#\x22> <rd\
f:Description rd\
f:about=\x22\x22 xmlns\
:xmp=\x22http://ns.\
adobe.com/xap/1.\
0/\x22 xmlns:dc=\x22ht\
tp://purl.org/dc\
/elements/1.1/\x22 \
xmlns:photoshop=\
\x22http://ns.adobe\
.com/photoshop/1\
.0/\x22 xmlns:xmpMM\
=\x22http://ns.adob\
e.com/xap/1.0/mm\
/\x22 xmlns:stEvt=\x22\
http://ns.adobe.\
com/xap/1.0/sTyp\
e/ResourceEvent#\
\x22 xmlns:stRef=\x22h\
ttp://ns.adobe.c\
om/xap/1.0/sType\
/ResourceRef#\x22 x\
mlns:tiff=\x22http:\
//ns.adobe.com/t\
iff/1.0/\x22 xmlns:\
exif=\x22http://ns.\
adobe.com/exif/1\
.0/\x22 xmp:Creator\
Tool=\x22Adobe Phot\
oshop 27.3 (Wind\
ows)\x22 xmp:Create\
Date=\x222026-02-09\
T18:59:01-06:00\x22\
 xmp:ModifyDate=\
\x222026-02-26T17:4\
9:33-06:00\x22 xmp:\
MetadataDate=\x2220\
26-02-26T17:49:3\
3-06:00\x22 dc:form\
at=\x22image/png\x22 p\
hotoshop:ColorMo\
de=\x223\x22 xmpMM:Ins\
tanceID=\x22xmp.iid\
:d9239e66-68d2-1\
d40-ba72-24ae7f1\
bc040\x22 xmpMM:Doc\
umentID=\x22adobe:d\
ocid:photoshop:6\
522795b-09a2-904\
d-9753-69ec34f93\
a56\x22 xmpMM:Origi\
nalDocumentID=\x22x\
mp.did:5362cc97-\
a2ba-cc4e-b8e1-4\
97e5a8d90d8\x22 tif\
f:Orientation=\x221\
\x22 tiff:XResoluti\
on=\x22720000/10000\
\x22 tiff:YResoluti\
on=\x22720000/10000\
\x22 tiff:Resolutio\
nUnit=\x222\x22 exif:C\
olorSpace=\x221\x22 ex\
if:PixelXDimensi\
on=\x2270\x22 exif:Pix\
elYDimension=\x2210\
7\x22> <photoshop:T\
extLayers> <rdf:\
Bag> <rdf:li pho\
toshop:LayerName\
=\x22MET\x22 photoshop\
:LayerText=\x22MET\x22\
/> </rdf:Bag> </\
photoshop:TextLa\
yers> <xmpMM:His\
tory> <rdf:Seq> \
<rdf:li stEvt:ac\
tion=\x22created\x22 s\
tEvt:instanceID=\
\x22xmp.iid:5362cc9\
7-a2ba-cc4e-b8e1\
-497e5a8d90d8\x22 s\
tEvt:when=\x222026-\
02-09T18:59:01-0\
6:00\x22 stEvt:soft\
wareAgent=\x22Adobe\
 Photoshop 27.3 \
(Windows)\x22/> <rd\
f:li stEvt:actio\
n=\x22saved\x22 stEvt:\
instanceID=\x22xmp.\
iid:5e58fed0-21a\
c-364a-849d-8cb9\
16c3b51f\x22 stEvt:\
when=\x222026-02-10\
T18:04:33-06:00\x22\
 stEvt:softwareA\
gent=\x22Adobe Phot\
oshop 27.3 (Wind\
ows)\x22 stEvt:chan\
ged=\x22/\x22/> <rdf:l\
i stEvt:action=\x22\
saved\x22 stEvt:ins\
tanceID=\x22xmp.iid\
:1f95d941-c45d-0\
245-a7b6-27f8cbb\
9fb6f\x22 stEvt:whe\
n=\x222026-02-26T17\
:49:33-06:00\x22 st\
Evt:softwareAgen\
t=\x22Adobe Photosh\
op 27.3 (Windows\
)\x22 stEvt:changed\
=\x22/\x22/> <rdf:li s\
tEvt:action=\x22con\
verted\x22 stEvt:pa\
rameters=\x22from a\
pplication/vnd.a\
dobe.photoshop t\
o image/png\x22/> <\
rdf:li stEvt:act\
ion=\x22derived\x22 st\
Evt:parameters=\x22\
converted from a\
pplication/vnd.a\
dobe.photoshop t\
o image/png\x22/> <\
rdf:li stEvt:act\
ion=\x22saved\x22 stEv\
t:instanceID=\x22xm\
p.iid:d9239e66-6\
8d2-1d40-ba72-24\
ae7f1bc040\x22 stEv\
t:when=\x222026-02-\
26T17:49:33-06:0\
0\x22 stEvt:softwar\
eAgent=\x22Adobe Ph\
otoshop 27.3 (Wi\
ndows)\x22 stEvt:ch\
anged=\x22/\x22/> </rd\
f:Seq> </xmpMM:H\
istory> <xmpMM:D\
erivedFrom stRef\
:instanceID=\x22xmp\
.iid:1f95d941-c4\
5d-0245-a7b6-27f\
8cbb9fb6f\x22 stRef\
:documentID=\x22xmp\
.did:5362cc97-a2\
ba-cc4e-b8e1-497\
e5a8d90d8\x22 stRef\
:originalDocumen\
tID=\x22xmp.did:536\
2cc97-a2ba-cc4e-\
b8e1-497e5a8d90d\
8\x22/> </rdf:Descr\
iption> </rdf:RD\
F> </x:xmpmeta> \
<?xpacket end=\x22r\
\x22?>\x98\xa6U\xed\x00\x00\x07\x0bIDATx\
\xda\xed\x9c;r\xdbH\x10\x86q\x1e\xef\xca\xb9|\x02\
\xa9\xca\xdeL\xca\x87\xa7pN_\xc0\x17\xb0\xa3\x0d\xb9\
\xe1\xee\x11\xc0L\x0a\x88H\xa8\xf2%\xe8X+\x80\x98\
\x99\xee\x9e\xbf\x1b\x03\x90\x04A\x15\x5c\xd5\x05\x91\xa6\x00\
\xf4\x87~\xcfP\xc5\xf7\xff~\x15\x9d\xbc\x06\xf9\x97\xfc\
<s\xf9\xf6\xcf\xcb\xa9\xa5h$@9\xc3\x05F\xc9\
z\x1e\xf7Q\xcc\x0a\xca\x9c\xe4\xaa\xc0\x14E\xd1\xca)\
\xcf\xd5\x08\xb2\xd2\xe2\xda\xa0\x9c\x02\x8c?\xcf\xc7/\x8f\
\xea\xf9\x8ak\x02b)2\xf4\x5c7\x9f\x1f\xaf\x0b\x0c\
\xbd\xf9\x83\x02\x0f\xad\x02^\xc6\x82\x09\xe7\xeb\xce3K\
0Ry\x7fs\xd42>\x06\x05\x1e\x02\x9cF\x99\xa1\
`\xa4\xc5Q(\xb3\x02\xe3or\xb5}i\xc5\x95\x87\
#\x82\x12\x14\x11\x16\xa3\xc9\xda\xb0\x12\x0a#\xc7\x02/\
\x02\xc6\xc3\xf0`L(\xc4Z\xbc\x22\xfe\xf7\xdc\x16\x9f\
G\xb3Jt\x8dy\x81!\x0a\xc9`\xe8-\xc4\xbfn\
\x8e^\xa8\xb5\xd1s\x1c\xa4N\xce\x89\xfeI8\xb3s\
\xa5\xf6\x89wOY\xfa\xbd\x0c\xb8\xd4\x85\x5c\x07\x85Z\
\xdd\x0a\x80\xd6\xa0\xd0\x07\xd1\x5cg\xd6\xc1\x17\xc5\x94C\
\xd0\x8d7\xafIp\xab\xce\xb5r\xa0\xd0k\xce2]\
\xa3l\x11](\x05b)\xec\xdd+\x17\xcc\xec\xeb\x18\
\xe9J2\x03\xad\x0ce\xa9\xd2\xd4\x95\xf2\xc0<\x98\x95\
t\x04\xb3\xb9L\xb7\xabg\xa3\xc7\x10Sr\x95]\x0d\
t%\xab&*\xe6R\xe9\xca\xc0\x9b\xebBT|0\
\xcf\xfd\xfc\xac\xc1X\xd5\xf0\x10\x0b\xa0\x81\x98\x02\x95\xff\
O3\xd7\xd5\x80\xa1\xd9eh\xcc\xa0`\xa4\xf2(\xbd\
\xcb\x82p\xd6`\x9a\x22\xcd+\xe0\x06f\x19\x0a\xd6\x83\
a\xa9\xbc|I*n\x0bNq\xa9\x99\x08\x0d\xee\xb4\
\x1a\x96G+#!7\x89\xca\xd7\xe1\x88\x8aA\x0a\xfe\
$`n\xbe\xd8\x15\xe3xk\xe17L\x01e\xd50\
\xc4\x0d\x83\xd5\x11+q\xa4\xbfb\x9f\xe9\xce\x9f\x82\xd9\
\x0c\x80\xf29\xafe\x1fbe\xb4\xa9\x947\x8ez*\
n%5WZ\xc0I^\x93\xbe\xca\xf5\xc4\x9abL\
J\xa5uF\x1f\x1c\xaa\xb8\xfc<j\x0a\xe9\xd1\xb2\x80\
\xd5\xd6\xfe\xd9\xb1\xf7k\xe6^2P7\xef\x8f\x06\x83\
\xca\xf6\x1c\xab\x09A\x11<!9Bp\xd2\xfc\xdf\x8e\
\xaf\xbfwA(D\x0aB\xc6\x19\x18OJ|mz\
\x8eA`b\xc9\xfe\xa0v\xbff=\xa0\x8c\x09\x9c\x18\
\x15\xb0\xf8\x12\x80T\x9dD0\x12\x22r/\xa7\x01\xf2\
\x05\xe0~\xc7R\xf9Q`\xa4\x1b\xf5\x82\xd9\x80\xc0\x0a\
L\x1f\xa5\xd2h%Ub1\xc85\x1bE\xe5g\x98\
[\x92\xcf\xa3\xf3\x0d\x06#Kuk<h\x05Wi\
\xb6\x0c\x10\x184a0\x15\xb3\x9a\xa0$\x81\x82\x14N\
\xe64\xec\xb3\x95\x9a\x1c\xb2\xc0X\xf3\x90\xac\xf2Z\x98\
-J\xc9\xd4j\xa4\xa2\x9a\x22\x11\x1c\x06H\x9bP\x0e\
\x05[\xe2 0\xd2|\xb5L\x90\x93\x96\x93\x18\x01\xb2\
\x08\xbaqi\x19\x1c\x8a.\x1c\xa2\x80\xb2\xe7\xb0\xb3\x0b\
<\x16\xccJ\x10\xe1\x8d\xaaR\xad&A\xe9\xee\x120\
U\x12t\x91\xe5D\xe5*\x10\xa8\xc9q\x8f\xdc-\xb5\
\x98^0\xa8!sp\xf8,\x0a\xa62\x1f\x8e\x03\xd9\
\xc2K?\x14[Ina\xe8\x5c\x15\xccvY`\x1c\
P^6c\xd2\xb5\xac\xe1\xb4\x1d\x8ckR\x97\xd4\x8a\
5\xec\xf4\x80\xbc\xd7\x5c\xc4\x80F\xc0du\xd7\xb2\xe0\
b'y\xbb z\xc2\xda\x93wF\x07+\xe3\x16}\
\x00&\x04\x0ab\xbf3\xb3W\x8ed\xcfc\xd2t\xa6\
\x0bM\xaf.)\xd7k\xf2\xba6\xe1\xc8T\x1d\xdd\x09\
?\xe1\xe4\xfd\xfd\x18\x97\xab\x86\x83a\x91<\xe3\xa9\xc4\
\x0a\xb6N;\xda2o\xa5\xd0\xc1\xaa7\xd7\x1a*\xc3\
\xb2\xf4@\xde\xdb\xcaX\xc3\xef\xb4f\xd0\x03\x1dj\xe2\
\x12W#A\xf9\xc3\x9f\x9f^\xef\x7f>\xab\xbdK\xbf\
KTFp\xb5\xad&k*0tHe\xd5\x03\xb2\
'r \xb3y\xcb\xf9\xe3\xe6S+\xf7?\x9eZ@\
\x14\x92m5\xb8\xb69E\x5c9j\xb4\xc9\x01\xa57\
\xec\xa0;\xd5j\xf3\xd7\xc0\xb9{\x83s\x07\x00\xe9\xca\
WJmR)){\x17\x1a\xc7\xdc\x8d\x91\xc51\x13\
}t\xe3\xd4B\xac\x11\x80\x9f\x81\x1c\xdc\xea\xb6\xb3\x9c\
\x0eN\x07\x09\x97\xffVQW\xa91i\xf0\xbe\x9ac\
\xc6\x91\xc8T\x93\x8a\xb6\x04C\xa82\x9d\xe6{\xcbi\
bOp\xb1\x1f\x11Tn\xbf\xd6\xdb\xcbm\xce\x01f\
\x03\xe0\xec1\x1ck\xb4(\xb3\x16\x85\xe3\xc1\xb4\xc1\x19\
X\xd1A\xd0{\xcf\xec\xbd;\xff\xbb\xddq2\x8b\xc1\
\x01\xd9\xd78\xb6+%U\xef6\x05\xe4-(*{\
P2\x02\x130\xc8g\xee\xfck\x02vR0\x1a\x1c\
Y\x97\xa0\x19l\xb2#\xca\x18z{\x05Y&\x13\xae\
\xe6!\xf1@\xfe\x04\xddp\x1201\xde\xc4\xe8\x0fS\
\xb5\x1a\x94kV\xe3\xc8\xa6\x94*D]\x8d\x82h\x94\
\xe7V\xf6\xc4\xac\x0d-\xdf\x9e\x06\xcc&7\x10W\xc1\
\x95\xa8\xc2h\xcd\xc8\x81\x15A\xb4\x22\x80\xd2\xfb\xa18\
\x8cn\xe3a!\x8bB\x0br'-\xf0\xb2\xb3\xd4~\
\xc7f5i\xb3Y\xc3\x1d\x9b\xfa\xc0\x9c\xa7wi\x19\
\xf7\x04\x0c\x05D\xc1\xa0\xebM\x0c\xa6\x22\xfd\x13PP\
\xb3\x1ae\x1e\x8c\x82s\x0b X\xcdsx}\x00s\
\x1b\xc1\xd0JZt\xfe\x93\x82\xa1pV`l\x99\xb4\
\x062\x18+\xeb@h|J\xddF\xba\x11\x154\x14\
\x9b\xdcb\xe4\xd0\xdb\x19J\xb2\x91\x84\xb0\x0c>\xa7I\
\x81\xb5\x95\xb2\x02\xa2\x81\xe4A%#\xd4\xf2\x1c`6\
\xe3\xf7\xb9p(u\x92\xba\x91Uh\xcb\xac4\x08\xc7\
\xb8r\xcb\x804G\xb4/F\xf6i\x93ZL2\x05\
TR\xb45\x0eMF\xab%\xde\xcf\x22]\x8a\xba\x8f\
\x5c\xaeA\xa3\x8f\x8b\x80q\xda\xaa\xe3\x16l\xc3\x10\xc1\
VsE?\x0c\xf3\xd9\x0f\xd56reQ\xce\x94\xe9\
^\xe0\xf5\xa5\xc1hs`9\xf1\x93\x05]2K\x06\
\x0bgpW\x95\xa8{\xe4u&\xad|-Wr\xda\
\xb0\x1c\x00\xf3\x0di\xb2g\x86(E\xe7,\xc9y\x95\
\xf5\xad\x8b\xb5\x04xwT\xad~K\x04\xc6\x10\xb2B\
\xa0)$\xa7\x86h\xe1^\xc6\xb5\xd1_\xfc:\xdfF\
C\xb0\xb3\xa9\xec[\xb3\xae\xd2\xd5\xc5d\xa8M\xdb\x0e\
\xb1*\xba\xc5YnV`\xe4\x93s\xc6\xd3\xb5\xd7\x93\
\xf0\x9cW\x9d+\x97\xc3\x8b9\x15\xcc\xfal\xee\xa4l\
\x11\x03J\xf4/\xbdV\xe6\xe0]\x035OWR*\
^m\x82\x97+Z3\x8a\xc6\xaa\xf3s%\xa5\xb2\xd5\
\xf6\xcf\x1d\xf3\xd5A\xd9B\xb8\xad\xbe\xe9\xf0\xec`\xd6\
#\xab_\xb7=.\x06h[\xe0\xb5\xedk\xea\xf97\
\x17\xb2\x18i5q*W\x0f\xee[\xb4=6\xda\xc6\
F7p(5\xe9w\x09\x92\x00\xac\x04\xcb17\xce\
\xb6\xad\x95\xb8\xc8\xa3\xd5\xf2\xec\xc0\xf0\x0dH5\xcc\x18\
c\xc1$P\xc0\x038\xe6{\x0f\xc5\xa9\xc6\x0d\xbd{\
\xf82\xb7\xa3\xe5\xce\x98\xd1\xec\x07}\xc5x\xf4\xbd_\
\xeaKZ\xa7\xfc\xab\x1e\xe78\xff\xf2\x87u40\x7f\
}\xfd\xfbu\x81\xc3\xa5a\xd2\x82\xf1p\xde\x8b\x0c\x86\
\xb1\xe1P\x18\x98E\xb8,`\x160\x0b\x98\x05\xcc\x02\
f\x01\xb3\x80Y\xc0,`\xde\x1b\x98\xa6\x84^@p\
i\x98\x84\xbf\xe7\xbb\x00a=c\xf8C\xc7\xc5{j\
\x22\x8f\x94\x96\xc7\xffo\xb3z+\xde\xa4\x1c\x9e\x00\x00\
\x00\x00IEND\xaeB`\x82\
\x00\x00\x12-\
\x89\
PNG\x0d\x0a\x1a\x0a\x00\x00\x00\x0dIHDR\x00\
\x00\x00F\x00\x00\x00S\x08\x06\x00\x00\x00\x225q\xac\
\x00\x00\x00\x09pHYs\x00\x00\x0b\x13\x00\x00\x0b\x13\
\x01\x00\x9a\x9c\x18\x00\x00\x0a\xe6iTXtXML\
:com.adobe.xmp\x00\x00\
\x00\x00\x00<?xpacket beg\
in=\x22\xef\xbb\xbf\x22 id=\x22W5M\
0MpCehiHzreSzNTc\
zkc9d\x22?> <x:xmpm\
eta xmlns:x=\x22ado\
be:ns:meta/\x22 x:x\
mptk=\x22Adobe XMP \
Core 10.0-c000 2\
5.G.ef72e4e, 202\
5/06/27-18:54:05\
        \x22> <rdf:\
RDF xmlns:rdf=\x22h\
ttp://www.w3.org\
/1999/02/22-rdf-\
syntax-ns#\x22> <rd\
f:Description rd\
f:about=\x22\x22 xmlns\
:xmp=\x22http://ns.\
adobe.com/xap/1.\
0/\x22 xmlns:dc=\x22ht\
tp://purl.org/dc\
/elements/1.1/\x22 \
xmlns:photoshop=\
\x22http://ns.adobe\
.com/photoshop/1\
.0/\x22 xmlns:xmpMM\
=\x22http://ns.adob\
e.com/xap/1.0/mm\
/\x22 xmlns:stEvt=\x22\
http://ns.adobe.\
com/xap/1.0/sTyp\
e/ResourceEvent#\
\x22 xmlns:stRef=\x22h\
ttp://ns.adobe.c\
om/xap/1.0/sType\
/ResourceRef#\x22 x\
mlns:tiff=\x22http:\
//ns.adobe.com/t\
iff/1.0/\x22 xmlns:\
exif=\x22http://ns.\
adobe.com/exif/1\
.0/\x22 xmp:Creator\
Tool=\x22Adobe Phot\
oshop 27.3 (Wind\
ows)\x22 xmp:Create\
Date=\x222026-02-09\
T18:59:01-06:00\x22\
 xmp:ModifyDate=\
\x222026-02-26T17:5\
8:16-06:00\x22 xmp:\
MetadataDate=\x2220\
26-02-26T17:58:1\
6-06:00\x22 dc:form\
at=\x22image/png\x22 p\
hotoshop:ColorMo\
de=\x223\x22 xmpMM:Ins\
tanceID=\x22xmp.iid\
:1de2d073-45ed-6\
44c-bedd-4a0dec0\
ecc68\x22 xmpMM:Doc\
umentID=\x22adobe:d\
ocid:photoshop:e\
6d27abc-acd2-6b4\
9-9c23-8b15a4531\
9a8\x22 xmpMM:Origi\
nalDocumentID=\x22x\
mp.did:5362cc97-\
a2ba-cc4e-b8e1-4\
97e5a8d90d8\x22 tif\
f:Orientation=\x221\
\x22 tiff:XResoluti\
on=\x22720000/10000\
\x22 tiff:YResoluti\
on=\x22720000/10000\
\x22 tiff:Resolutio\
nUnit=\x222\x22 exif:C\
olorSpace=\x221\x22 ex\
if:PixelXDimensi\
on=\x2270\x22 exif:Pix\
elYDimension=\x2210\
7\x22> <photoshop:T\
extLayers> <rdf:\
Bag> <rdf:li pho\
toshop:LayerName\
=\x22MET\x22 photoshop\
:LayerText=\x22MET\x22\
/> </rdf:Bag> </\
photoshop:TextLa\
yers> <xmpMM:His\
tory> <rdf:Seq> \
<rdf:li stEvt:ac\
tion=\x22created\x22 s\
tEvt:instanceID=\
\x22xmp.iid:5362cc9\
7-a2ba-cc4e-b8e1\
-497e5a8d90d8\x22 s\
tEvt:when=\x222026-\
02-09T18:59:01-0\
6:00\x22 stEvt:soft\
wareAgent=\x22Adobe\
 Photoshop 27.3 \
(Windows)\x22/> <rd\
f:li stEvt:actio\
n=\x22saved\x22 stEvt:\
instanceID=\x22xmp.\
iid:5e58fed0-21a\
c-364a-849d-8cb9\
16c3b51f\x22 stEvt:\
when=\x222026-02-10\
T18:04:33-06:00\x22\
 stEvt:softwareA\
gent=\x22Adobe Phot\
oshop 27.3 (Wind\
ows)\x22 stEvt:chan\
ged=\x22/\x22/> <rdf:l\
i stEvt:action=\x22\
saved\x22 stEvt:ins\
tanceID=\x22xmp.iid\
:3c8e8216-9807-e\
d45-9ed1-c5efaa1\
08b0c\x22 stEvt:whe\
n=\x222026-02-26T17\
:58:16-06:00\x22 st\
Evt:softwareAgen\
t=\x22Adobe Photosh\
op 27.3 (Windows\
)\x22 stEvt:changed\
=\x22/\x22/> <rdf:li s\
tEvt:action=\x22con\
verted\x22 stEvt:pa\
rameters=\x22from a\
pplication/vnd.a\
dobe.photoshop t\
o image/png\x22/> <\
rdf:li stEvt:act\
ion=\x22derived\x22 st\
Evt:parameters=\x22\
converted from a\
pplication/vnd.a\
dobe.photoshop t\
o image/png\x22/> <\
rdf:li stEvt:act\
ion=\x22saved\x22 stEv\
t:instanceID=\x22xm\
p.iid:1de2d073-4\
5ed-644c-bedd-4a\
0dec0ecc68\x22 stEv\
t:when=\x222026-02-\
26T17:58:16-06:0\
0\x22 stEvt:softwar\
eAgent=\x22Adobe Ph\
otoshop 27.3 (Wi\
ndows)\x22 stEvt:ch\
anged=\x22/\x22/> </rd\
f:Seq> </xmpMM:H\
istory> <xmpMM:D\
erivedFrom stRef\
:instanceID=\x22xmp\
.iid:3c8e8216-98\
07-ed45-9ed1-c5e\
faa108b0c\x22 stRef\
:documentID=\x22xmp\
.did:5362cc97-a2\
ba-cc4e-b8e1-497\
e5a8d90d8\x22 stRef\
:originalDocumen\
tID=\x22xmp.did:536\
2cc97-a2ba-cc4e-\
b8e1-497e5a8d90d\
8\x22/> </rdf:Descr\
iption> </rdf:RD\
F> </x:xmpmeta> \
<?xpacket end=\x22r\
\x22?>\x94\xf5\xe1\xaa\x00\x00\x06\xedIDATx\
\xda\xed\x9cMr\xe36\x10\x85y\x16y\x94*y3\
s\x02b\x97e.\xe2\x1c 7\x98\x9dS9D\xb6\
\xe4b\x169\x80\xb9\xa0\x97:A\x8e\xe2\x982\x7f\x1a\
\xdd\xaf\x7f@\xc9);\xc1\x02eI\xa6H\xe0\xd3\xc3\
\xebF\x83R\xf3\xf2\xf2\xd2\xd4&[\x85P\xc1T0\
\x15L\x05S\xc1T0\x15L\x05S\xc1\xfc\xcf\xc0\xfc\
\xf1\xd7\xdf/\x9f\xb1\xbd+\x98\xe9\x02\xbf\xfc\xf6gm\
s\xbb\x80\xa9Ppk*\x84\x0a\xa6\x82\xa9`*\x98\
\x0a\xe6\xe3\x81\xf9\xf5\xf7\x1f\xb5\xbd\xb6\x0c\xccG\xea\xd8\
\xc3\x07\x81\xd3T\x95\xe0V\xc1(*\xfdT`\x9a\xd7\
\xa5\xdd\xd4nq\x0e\xef<M\xe9I\xff\x0b`~J\
?\xdf\x0e\xcc\xad?\xad\xd2s\xed}\x9f\x06\xe6\xd8\xda\
p\x9a\x7f\xbbS\xe7\xa7\xf6\xd2J\xce\xb9\x1c\xe7\x0d&\
\xda\x87\xe9<\x9ej\xc2`\xce\xcf\xddU\x9dZ\x06w\
\x013\xa4\xec\xaf\xa5\xa4\xe5\xb5i \xde`\x1e\x0a\x14\
\xe3\x9d\xaf\x89B9?%1\x80\x92\xa9q9\xcf\x02\
di\xf4\xf9\xf4X\x01E\xa5\x1fi\xef\x0ef\x85\xf2\
\xdc_:MOz\x9c[\xe4\x93\xe4\xd3\xe8\xad%\x09\
hH\x10\xc8\xd2\xe09.\xefM\x19dK}\x14\xca\
\x95`\xfal\x00\xfc\xe4\x91\xf9\xaaN%\x06\x89z\x09\
\x1f\xc0r\x0d\xa186-)$\x0e(\xfb`[\xbb\
\xef\x8d\xaf\x96.\xeb\x0c?yT1\xdc\xc4s0\xad\
Tc+;\x9f\xbf/\x89sh\xd3\x94\xab0\xa2\x9a\
\xc6\xfct'\xb5\xac`\x12TL\x14\x8a\xaa\x1e\xa6\x94\
\x05\xc4\xe5\xf1\x0c\xc92n\x0d\x94\xe6?G\xa6\x16-\
\xd25\xaeZ\xb2\x0e\xa4|\xee\x93N_\x1b\xba\xd7\x8e\
\x02\xe8\x14\x8a6`:\xb5\xd6\xd7\xceg\xd1\xf8\x07\xe0\
{\xcc#W\xcb+\x94\xb1\x83\xf2\xa49\xc5\xde\x10N\
\xa3\x14R\xa10\xdcy\xc0h\xb0\xcb\x80\xe9\xf9\xb4\xe3\
\x96c\xbd$\xaf1\xd5\xb2L#fr\xd1\xb4\xba4\
\xd9\xe3\xbeu$\x86k\xa9 \x83\xa3L#tlQ\
\x82\x07\xc1\x18\x86\xb67c\xe6y\x0d7G\x1e\x9e=\
(|\xc0\x1e\x9c\xdb\x80\x19\x920;\xf3\xa4,\x0a\xa8\
`\x8c\xe8\xa1\x19\xb4\xa5\x82R0\xe1E\xa4\x88F,\
\x87\xa1\xce\xaf\xa5\xee|J\xa8\xae\x8fr\x1a\x90\x7fh\
\xd9\xb07E\xaccC\xa9\x85\xa9\x96\xb1\x03aQ&\
d\x19\x10`\xa2\x1aD\x1cvi\xe8M7\x07\x13^\
\xb8\xea`z\xe91\xcco\xbcLU\x0b\x89<\xbc\xba\
\xb9\x89\x15\xa6\x01\x14\x0bd\x1c\xccc\x00\x0c\xf0\x18\x1e\
\xbay\x9aM\xd5\x03\xc1\xd0\x14>\x90\xc9F\xa6G\xc4\
\x97\x96k\x17\x99\xef\xe6/\xbd\x04\x93\x01J\x22\x95\xd7\
T\x93\x81y\xfc\xa1.\x09\xd4U\xb73H\xcd\xac\xb5\
\xf7\xf2d5\x94\xc7\xe4\xc6\x0b2_\xa8\x9adN'\
\xae\x98U-\x83\xb3\xd6\x01\xbeS\x0cE\xbb\x0eX\xcd\
\x07=\xa6\xc7y\x8c\xf1\xe9jp\xb8\xf9f\x03\xf0\x00\
)i\x82\x0e$\x89%\x8c\xee_v\xeaaL%\x14\
\xae\x95\x8e;\x91\x03*\xc6\xec\xac?\x18\xf3\x1cC\x0c\
\x88\x95\xac\xda`\xc6n\xad\xde\xa9\x1d\x02\x8bL\xae\x0a\
\xdf\x07\xa4wi9NQ\x8b(\x92\xf41\x1e\xae\xc7\
\xadz'\x12=^\x18b\x17\xb1\xbc\xc2|\xee\x0cD\
]U\x8b\xf7{@\xecL\xde0\xdf>\x87\x04\xa3\x13\
\x96e\xa9\xa9F\x06\x95\xc1\x98\xfb\xe4F8\xcbx\x99\
\xaaL0+\x9c\x91\xe62\xfd\x96\x01[\xc5\xec\xa7-\
B\xa9^0\xa4X\xc7\xe7\xebJ\x18,\xc7\x1a;\x99\
,\x82\xa5E4\x1d([Df\x0bJYx\xe6\x03\
\xde:\x92\xfc\xccV\xf3\x15\x9e2\x18-\x92\xbb\xc0H\
8\xa4[\x80\xe9e\xd1JI\xe1\xb7\x8e$\x1c.\x87\
$\x1b\x822v\x0a\xa0^\xf4\x0b\x950\xe8\xb1*\x1c\
\xd6\xefB0d:\xf1\x08\x15\xc8Te\xda\x9fl\xbf\
\xb1 \xd0~\x8cX5\x9a\xe2\xad)\x15\xaa\xf9\xe29\
\x0d\x0aW\x8a$\xd1\xd4\x92e\x84\x94//\xd6)\x95\
\x00\x90\x8e\xe5V\x1dT\x8c\xdb\xef\xd9\xb3\xa2\x057\xbb\
\x18>\x82O\xef\xc9\x87\x81\x8d\x99\x84r+${S\
\x07\xfe\xbfg\xd3\x87\xa4\x1a\x04*2\xe3p\xcd\xf7\x01\
\xaa\x86\x5c\xc0\xccI\xda\x1043\x171\x15\xd2\xe1>\
\xa9 u\xd5\x14\x976\xedd\xafs\x17\x94j\xb4\xd1\
<\xe8\xfb}\x0ei\xec\x1c\xd5\xb0B\xdasW\x14\xc1\
\xae\xbeqH\xcd\x1f\xd4\x05[Y\x19a5\xcaW0\
\xe7\xef\xa7\xb9\xddK\xbf\xd0@\x8d\x9d\xefC\xa3\xccy\
\xa2\xb7\x9c5\xa1\x1d\xc3g\xba4(/\x17\xc0<\x86\
\xee\x01\xcdPx\xcb!!\xaf\xe9\xc1c\xecI\xa5{\
`M\xe9v\xea\xeeE\x1dL\xf7\x93\xaa\x9c\xbc\x9d\x9c\
\xc8\xd3c\xd5\x8c\x9d\xc8\xa0i\xc5r7\x98\xf2u\xcf\
\x0ePs\xa4:|\xf9F\xe0\xe8\x90\x84q\xab\xea\xc9\
\x95\xc2\xdf\xbb\x1bL$\x8dVU3$\xbbn\x02^\
\xcbU\xb3)\xe5\xee\xf8M\xa8\xc7\x02\x05\x0bY\xe4\xd8\
\xe8mn\x8d?}\x92\x1d\x9a\x8b|G\x83\xc4\xa7\xd4\
[\x9bT$\xc1 H'\xf6\xda\x09\x1e\xc7S\x83p\
\xcd\xd7\xf4\x94=\x09]$J\xb1\x0a\xe0\x04bj\x0b\
\x94\x0d\xcc\x09*F\x82\xd0\x8e\xbb\x87\xc9]\xb8\xe6\xeb\
\xd67\x86\xa4\x14\xacZ\xfb\xb1\xb9\xb1\xd6\x0a8\x13\x98\
\xc3\x97\xaf\xebc}\xf0'5\xaa\x1d\x88\xda\xd4\x8c\x1b\
\xd4bp\xa1\xca+\x1e\xed\xf1\x19\x1e\xba\x9d\x92#U\
\x0eU\x0fW\x8a\x84v\x12`\x16S\xf7\x16\x91~\x05\
/j\xa2^\x8d\xd6-i\xb6fY\x92\xc3\xe1`\xe8\
T;\x88\xe9\xf6\xd6(X\xcf\x1e\x5c0{6\xb4\xd4\
J\x9d\x9b\xeb$\xb3\xe2\xbf\x84q\x0e\x07\xa9\x89\x83\xa3\
\xc7d+{%X\xb8\xf5\x98\xab\xf2\x9a\xbdI\x9f1\
\x1d\xd1\xb4:0%\xd1\xff-\xaa\xa1>\x95G\xa3\xa4\
\xde\xefS\x0e\x06m\xad\xa2\xdbHw\xae\x99\xbc\xad\x92\
\xe5\xda\xd4\x8c\x17\xa5L\xaf\xe5\xcf\xe5_\xd3\x22\x22\x1e\
\xe3.\x0b\x86@\xa9\xf2)\xf9\xc6k\xben\xdfvr\
\xa7\xa8eS\xcd\xd7\xcc{`@)\xdd\x89\xf4\xa7P\
\xe9\xa6X0\xb71\x81\xb6\xf0\x8eL\xe43\xdc\x8f\xee\
\x8e\xb6\xe9\x86\xf3\x98]\xdf\x01\xd8\xb1%\xaa\xe76\xa9\
h\xaf\x9cN!\x04\xca\xba\x81`w\xa1\x0a&|\xd1\
dN\x8b>c\x07\x8b\xd9\xeb\xf3\xb1+Z^l\xde\
#\x01\x89\xe9\x0fj\xd1\xd7\x15\xaa\xb4M|oI\x90\
\x95*;\xb3V\x12\xaa\xd89\xdb5\xdcl\xb7-\x1c\
\xbbH\xbfo\x11\x99\x85\xb7d\x17\xa1\x10 \xae\x86\xd1\
*O\xf2\x22v\xa7\x14\xb5{x\xef\x0e\xdc\x8d\xd0\x82\
E\x00Nc\xfaJx\x83\x5c\xab\xf4\xf7F\xa5\x9f\x0f\
:X\xd0\x1e\x95R+\x5c\xb1\xfbk4\x13\xcc\x03\x8c\
B\xca\x9e\xb3SfP\xabl\xa3\xb7\x05\xe2\xbd\xd6K\
u\x99\xd3,\xb6\x96\x0bG%s\xdf\xc7\xd9`\xa3\xdf\
\x0b\xd2+m\x86\xa7\x8c%\xdb%\xfd\xae;\xbf\x90\x15\
@0\xd3O1\x85\x16\x92N\x19\xa1\xe4\xf6y\xbc9\
fM!\x5c\xcb\x15@\xdd\x95\x7f2\xbf\x02\xb0\xf4u\
b\xb2\xfexWh=\x04.|\xedW\x85\xb1\xba\x94\
)5vf\xa1\xbb\xa8F\xad|\xb0\xcb/\xa5}\xfa\
\x9f{{\xaf\x9f\x8f\xfb\x07a!\x1d\xe7!\xf0\xbe|\
\x00\x00\x00\x00IEND\xaeB`\x82\
\x00\x00\x07\xfd\
\x89\
PNG\x0d\x0a\x1a\x0a\x00\x00\x00\x0dIHDR\x00\
\x00\x00+\x00\x00\x00z\x08\x06\x00\x00\x00&\x8f\xaa\x92\
\x00\x00\x00\x09pHYs\x00\x00\x0b\x13\x00\x00\x0b\x13\
\x01\x00\x9a\x9c\x18\x00\x00\x064iTXtXML\
:com.adobe.xmp\x00\x00\
\x00\x00\x00<?xpacket beg\
in=\x22\xef\xbb\xbf\x22 id=\x22W5M\
0MpCehiHzreSzNTc\
zkc9d\x22?> <x:xmpm\
eta xmlns:x=\x22ado\
be:ns:meta/\x22 x:x\
mptk=\x22Adobe XMP \
Core 10.0-c000 2\
5.G.ef72e4e, 202\
5/06/27-18:54:05\
        \x22> <rdf:\
RDF xmlns:rdf=\x22h\
ttp://www.w3.org\
/1999/02/22-rdf-\
syntax-ns#\x22> <rd\
f:Description rd\
f:about=\x22\x22 xmlns\
:xmp=\x22http://ns.\
adobe.com/xap/1.\
0/\x22 xmlns:dc=\x22ht\
tp://purl.org/dc\
/elements/1.1/\x22 \
xmlns:photoshop=\
\x22http://ns.adobe\
.com/photoshop/1\
.0/\x22 xmlns:xmpMM\
=\x22http://ns.adob\
e.com/xap/1.0/mm\
/\x22 xmlns:stEvt=\x22\
http://ns.adobe.\
com/xap/1.0/sTyp\
e/ResourceEvent#\
\x22 xmp:CreatorToo\
l=\x22Adobe Photosh\
op 27.3 (Windows\
)\x22 xmp:CreateDat\
e=\x222026-02-27T21\
:38:54-06:00\x22 xm\
p:ModifyDate=\x2220\
26-02-27T22:35:5\
8-06:00\x22 xmp:Met\
adataDate=\x222026-\
02-27T22:35:58-0\
6:00\x22 dc:format=\
\x22image/png\x22 phot\
oshop:ColorMode=\
\x223\x22 xmpMM:Instan\
ceID=\x22xmp.iid:36\
444c3f-be1a-5548\
-9a27-6b22cecd4f\
8a\x22 xmpMM:Docume\
ntID=\x22adobe:doci\
d:photoshop:9b30\
b940-9e51-794e-8\
4b2-71dd836931f5\
\x22 xmpMM:Original\
DocumentID=\x22xmp.\
did:25495051-b02\
0-674e-9777-b945\
3e161976\x22> <xmpM\
M:History> <rdf:\
Seq> <rdf:li stE\
vt:action=\x22creat\
ed\x22 stEvt:instan\
ceID=\x22xmp.iid:25\
495051-b020-674e\
-9777-b9453e1619\
76\x22 stEvt:when=\x22\
2026-02-27T21:38\
:54-06:00\x22 stEvt\
:softwareAgent=\x22\
Adobe Photoshop \
27.3 (Windows)\x22/\
> <rdf:li stEvt:\
action=\x22converte\
d\x22 stEvt:paramet\
ers=\x22from applic\
ation/vnd.adobe.\
photoshop to ima\
ge/png\x22/> <rdf:l\
i stEvt:action=\x22\
saved\x22 stEvt:ins\
tanceID=\x22xmp.iid\
:36444c3f-be1a-5\
548-9a27-6b22cec\
d4f8a\x22 stEvt:whe\
n=\x222026-02-27T22\
:35:58-06:00\x22 st\
Evt:softwareAgen\
t=\x22Adobe Photosh\
op 27.3 (Windows\
)\x22 stEvt:changed\
=\x22/\x22/> </rdf:Seq\
> </xmpMM:Histor\
y> </rdf:Descrip\
tion> </rdf:RDF>\
 </x:xmpmeta> <?\
xpacket end=\x22r\x22?\
>p\x99\xe0\xa4\x00\x00\x01oIDATx\xda\xed\
\xdcA\x0e\xc2 \x10@QN\xe8y\xdc\xd3\x0bx\x08\
\x97t\xeba\x5cx\x14\xb4&\xc5\xc4\xc4\xdaN\xa7\xc0\
\xc0_\xccB\xa3\xed\x13\x842\x94\xe2b\x8cn\x8a\xcb\
\xed\x11\xb5b\x18\xef\xaa1\x1b\x13t\xe9\xc3^\xf9\xe4\
R\xb0\x93\x96\x84{\xfd\xce\xa5X{\x9c-\x05Q\x1c\
\xbb\xe9\x9cR\xa4\xf8\xa4\xc1\x12v\x04\x0b\x16\xac\xb8\xcb\
\xaa\xb2\xeb2\x81-\x19U`\xfd\xd1\xd8\x9c\xd5\xdf\x07\
\xf6\x1f\xca\xd4@f\x0f\xd6S\xb2`{\xc7\xd2\xcf2\
6\xa8\x1d\xfb]\xbdG\x0d\x11\xbd%,\xffYS\xd8\
\x9f\xd5\x1c\xf6\xcd\xb6\xf4\x87]\xdb\xa0D\x0d,X\xc2\
2\xc9\xa1\x8d\x0dt]\x8d`s50o\x09\xab\xda\
\xc0\xfe\xbd\x06\x0b\x16l\xab\xd8\x92c\x86>\xb1\x8c\x0d\
\xb4\xc7\x06]c\x97\x8e[]\xa6P\x14\xab\x99\xc3\x81\
\xdd\xf3=\xb0\xac7`\xbd\x01c\x83\x8c\xf3\x06\xa6n\
\xda\x91\xd6\x80m\x16\x1bZ)\xd9\xc0\xbc\x01\xeb\x0d\xec\
\x5cn}\x0b\xd3\xf4C\xb7\xd3\xf4,\xa3\x06\x0b\x96\xa5\
\xff\xa4\xe2d\xb7\xa4\xe2\xa4\xe2d\xb7`\xc1\x82%\x15\
\xe7rk\x07\xbbvU=X\xe9s\x0a\xd2\xf7\xc1\x82\
-\x8d\xad\xf2I;S\xd8\x1aR\xf0\xcd[\xb3T\x81\
=\x9d\xaf\x87l\x01\xa4\x1d\x93\xf3\x8d\x9d\xc19\xf61\
\x92\xdc\x13\x9b\x8d\x09k!\xc0\x82\x05\x0b\x16,\xd8\x0f\
v\xba\xa4Z\x80N\xce\xb4\xd5`\xed\xd0\xb4/\xa2\xf6\
&\x8e\xda1o\xe2\xf8\x04\x8e4\x00\xc1\xf7w/T\
\x00\x00\x00\x00IEND\xaeB`\x82\
\x00\x00\x12i\
\x89\
PNG\x0d\x0a\x1a\x0a\x00\x00\x00\x0dIHDR\x00\
\x00\x00F\x00\x00\x00S\x08\x06\x00\x00\x00\x225q\xac\
\x00\x00\x00\x09pHYs\x00\x00\x0b\x13\x00\x00\x0b\x13\
\x01\x00\x9a\x9c\x18\x00\x00\x0a\xe6iTXtXML\
:com.adobe.xmp\x00\x00\
\x00\x00\x00<?xpacket beg\
in=\x22\xef\xbb\xbf\x22 id=\x22W5M\
0MpCehiHzreSzNTc\
zkc9d\x22?> <x:xmpm\
eta xmlns:x=\x22ado\
be:ns:meta/\x22 x:x\
mptk=\x22Adobe XMP \
Core 10.0-c000 2\
5.G.ef72e4e, 202\
5/06/27-18:54:05\
        \x22> <rdf:\
RDF xmlns:rdf=\x22h\
ttp://www.w3.org\
/1999/02/22-rdf-\
syntax-ns#\x22> <rd\
f:Description rd\
f:about=\x22\x22 xmlns\
:xmp=\x22http://ns.\
adobe.com/xap/1.\
0/\x22 xmlns:dc=\x22ht\
tp://purl.org/dc\
/elements/1.1/\x22 \
xmlns:photoshop=\
\x22http://ns.adobe\
.com/photoshop/1\
.0/\x22 xmlns:xmpMM\
=\x22http://ns.adob\
e.com/xap/1.0/mm\
/\x22 xmlns:stEvt=\x22\
http://ns.adobe.\
com/xap/1.0/sTyp\
e/ResourceEvent#\
\x22 xmlns:stRef=\x22h\
ttp://ns.adobe.c\
om/xap/1.0/sType\
/ResourceRef#\x22 x\
mlns:tiff=\x22http:\
//ns.adobe.com/t\
iff/1.0/\x22 xmlns:\
exif=\x22http://ns.\
adobe.com/exif/1\
.0/\x22 xmp:Creator\
Tool=\x22Adobe Phot\
oshop 27.3 (Wind\
ows)\x22 xmp:Create\
Date=\x222026-02-09\
T18:59:01-06:00\x22\
 xmp:ModifyDate=\
\x222026-02-27T13:2\
1:28-06:00\x22 xmp:\
MetadataDate=\x2220\
26-02-27T13:21:2\
8-06:00\x22 dc:form\
at=\x22image/png\x22 p\
hotoshop:ColorMo\
de=\x223\x22 xmpMM:Ins\
tanceID=\x22xmp.iid\
:4b7ed794-06fe-0\
c4d-a6dc-f9ac2ad\
7b199\x22 xmpMM:Doc\
umentID=\x22adobe:d\
ocid:photoshop:f\
0f14e86-b093-b04\
9-84e6-2a50e1eb1\
33f\x22 xmpMM:Origi\
nalDocumentID=\x22x\
mp.did:5362cc97-\
a2ba-cc4e-b8e1-4\
97e5a8d90d8\x22 tif\
f:Orientation=\x221\
\x22 tiff:XResoluti\
on=\x22720000/10000\
\x22 tiff:YResoluti\
on=\x22720000/10000\
\x22 tiff:Resolutio\
nUnit=\x222\x22 exif:C\
olorSpace=\x221\x22 ex\
if:PixelXDimensi\
on=\x2270\x22 exif:Pix\
elYDimension=\x2210\
7\x22> <photoshop:T\
extLayers> <rdf:\
Bag> <rdf:li pho\
toshop:LayerName\
=\x22MET\x22 photoshop\
:LayerText=\x22MET\x22\
/> </rdf:Bag> </\
photoshop:TextLa\
yers> <xmpMM:His\
tory> <rdf:Seq> \
<rdf:li stEvt:ac\
tion=\x22created\x22 s\
tEvt:instanceID=\
\x22xmp.iid:5362cc9\
7-a2ba-cc4e-b8e1\
-497e5a8d90d8\x22 s\
tEvt:when=\x222026-\
02-09T18:59:01-0\
6:00\x22 stEvt:soft\
wareAgent=\x22Adobe\
 Photoshop 27.3 \
(Windows)\x22/> <rd\
f:li stEvt:actio\
n=\x22saved\x22 stEvt:\
instanceID=\x22xmp.\
iid:5e58fed0-21a\
c-364a-849d-8cb9\
16c3b51f\x22 stEvt:\
when=\x222026-02-10\
T18:04:33-06:00\x22\
 stEvt:softwareA\
gent=\x22Adobe Phot\
oshop 27.3 (Wind\
ows)\x22 stEvt:chan\
ged=\x22/\x22/> <rdf:l\
i stEvt:action=\x22\
saved\x22 stEvt:ins\
tanceID=\x22xmp.iid\
:1397187b-c3e2-4\
f41-a02b-63b67ab\
9193c\x22 stEvt:whe\
n=\x222026-02-27T13\
:21:28-06:00\x22 st\
Evt:softwareAgen\
t=\x22Adobe Photosh\
op 27.3 (Windows\
)\x22 stEvt:changed\
=\x22/\x22/> <rdf:li s\
tEvt:action=\x22con\
verted\x22 stEvt:pa\
rameters=\x22from a\
pplication/vnd.a\
dobe.photoshop t\
o image/png\x22/> <\
rdf:li stEvt:act\
ion=\x22derived\x22 st\
Evt:parameters=\x22\
converted from a\
pplication/vnd.a\
dobe.photoshop t\
o image/png\x22/> <\
rdf:li stEvt:act\
ion=\x22saved\x22 stEv\
t:instanceID=\x22xm\
p.iid:4b7ed794-0\
6fe-0c4d-a6dc-f9\
ac2ad7b199\x22 stEv\
t:when=\x222026-02-\
27T13:21:28-06:0\
0\x22 stEvt:softwar\
eAgent=\x22Adobe Ph\
otoshop 27.3 (Wi\
ndows)\x22 stEvt:ch\
anged=\x22/\x22/> </rd\
f:Seq> </xmpMM:H\
istory> <xmpMM:D\
erivedFrom stRef\
:instanceID=\x22xmp\
.iid:1397187b-c3\
e2-4f41-a02b-63b\
67ab9193c\x22 stRef\
:documentID=\x22xmp\
.did:5362cc97-a2\
ba-cc4e-b8e1-497\
e5a8d90d8\x22 stRef\
:originalDocumen\
tID=\x22xmp.did:536\
2cc97-a2ba-cc4e-\
b8e1-497e5a8d90d\
8\x22/> </rdf:Descr\
iption> </rdf:RD\
F> </x:xmpmeta> \
<?xpacket end=\x22r\
\x22?>\xdd\xca\xbe*\x00\x00\x07)IDATx\
\xda\xed\x9c;\x92\xe36\x10\x86u(1\xb5\xa3u\xe8\
\x10\xa8Z\x9dA\x1b;\x97\x8b\x13o\xbe\x13:\x94\xa3\
\xa1}\x04\xef\x1d\xb6\xb4>\x85\x5c3\x91V/\x10\x8d\
\xee\xbf\x1b ER\xaa1\xa7\xaa\x8bz\x91\x22>\xf4\
\x1b\x18-\x0e\x87\xc3\xe2$\x9f\xff\xfe\xf7\xd0\xca_\xe4\
\xf1\x83\xcb\xef\x7f~\x1bT\x02\x8f\x16\xca\xd0_\xd0W\
6\x0fp\x0fg0\x8f\x04\xe5\x91d\x140\x8b\xa3\x22\
j\xf2\x88\x10\x90\x96.\xc6\x82rxZ\x1e\xa5\xba\x1e\
\x97\xed\xf3{@\xb2&J\xbb\x97Q\xc0\xa40\x88\xd4\
\xe9s~S%\x03\xe8\xa2\x81q\x92*\xf5\x1e\xe8\xbd\
L\x0f\xa6&\xc7Z\xd7\xa0V\xcb\xc4\xe7\xa5\xe6q\xb8\
\x08\xb0<\x8f\x9f_\xdd\x01L\xadhJ\xad\xcdZ\xa5\
kYmi_%\x00\xa5\xd7\xaa\x8cc\x95\x9c?\x01\
\x98\x0a\xcf\xbey\xb3\x95\xaaIHtmX*\xd7T\
&\xa1^\xde\x11\x0c\x9d]\x0e\x88\x98\x0b\x1d\xf8\xf3'\
\x7f\x14w\xf8\xb2v\xe7\xc7\xe1\x18D\x9a\xe0\xb2\xd8l\
\xee\x07\xa66 (\x8e/\xc2@@\x5c\xfb\x1a}\xce\
!A\xf3S5U\xf7/\xe3jL\xbd4\xa2\xc1\xe5\
}\xae\x1d\x1c\x0a\x07\x10\x9f;\xa6A\x8e\x01\xaa\x0c_\
\xc6\xfdT5\x0d\x18\xd5\x01?IgI\x07J\xc1\xc4\
\x81K\x00\x14\xa6\x04\xe8\x92\xcfHm\x95\x1a\xa3\x85\xfc\
q\xc1d\x22\x08\x87r\x1e\xe8\xda\x09\x1fB\xdf?_\
\xfb\x5c\xcc\xc8\xf7)P\x9cdV\xd9\xfc\xa5\x17\x98.\
\x89\x97\xf43U\xe2`S\x7f\x91jC{\x8d+\x00\
\xeeO8\x98|\x04\x03f]/\xcd\x041\x82\xd9\xda\
u\xc4\xe9\x22\xbf\xfc\xbc:|\xf8\xe9\xe3\xf1\xf8\xb1=\
\x86\xc7Ap\xb4\xa8\x80\x93\xd5\x81\xe8`\x9c\x0d\x00\xfc\
iQ+\x9b5\x97jJ\x80\x10e\x95\x00\x89\xb0V\
\x09 \xe4l\xbb\x0a\xf5%7\x81\xa9\x97\xc5u\xda\xa2\
\x04\x0a\x1d\xbc\xfb\xe7\xf5,\x9e\xca\xd7\x93\xbc\x9d\x8f\xa7\
\xf7\xc2giNc\x0d \x07&\xf1Ek\xd7\x13L\
U\xa4)\x9d\xc0P\x8d\x89\x10\xde\xaeP.\x8f\xdd\xf5\
q8\xa2\x99\xa2a\xb5\x04Nx=\xfa#\xdd\xcfh\
P\x84\xcfS\xc2\xf3\xcd\xa6D5\xe7\x02\xe9\xb5\x85\x11\
\xb4&\x82\xe1\xf9\x0a\x89\x18\xc6@\xf8k<,\xd3\xe8\
\xa4\xfd\xd1\xefl\xc1\x18yK\xef\xa8\x14\xe0P\xa7\xeb\
\xaff\x95\x80\xe1\x1aC\xb5e\x1d\xb3\xd7\xdc\xc0\xa2\xe3\
\xf5m\x08G\xd1){.\x0d\xf3O#\x80\xa1f\x15\
\xe1\xac\x12X\x14ZT\xdf\xa5\x88,9\xcd\xe9\x1c\x8e\
\x15M\xa19\x125\xed20\xdb\xdb:b<*\xa5\
\x8e7\x05\x13L\xe2\xbf\xef/Gi\xceGm\xb0\xd6\
{\xf13\xf2\x1a\x97kGy\x16\x09\xdfrx\x8d\xe9\
\x9a\xf0\xa5\xe9\xffE[\xc2\x0d\xefw\xc7c\x90\xef\xba\
X\xe0Ta\xd7\x8c\x1aS\x8d\x0f&$|AS\x1c\
\x0d\xdd\xc7#\xd2\x98\xb3\xb6\xec\xa2\xb6 9\x01\xdb\xef\
\x08<\x00\xc8\x84b\x00\xd6Z\x0c\x83\x81I\xc3w\x0c\
\xd7\x11\xce\x9b\xa8\xb2\xf1\x80\x9a^\x83\xcci\x17\x84B\
\xca\x93Q\xc0P\xe7\x1bC\xf4\x1b\x89L\x17@\xbc$\
Ho\xb8\x91\xaa\xbf+\x07\xb0gZwzn]\x9f\
\x97\x05\xa3D\xa5TS\xf4d/\xcd8\xab\x02\x13\x88\
\x8e\xd4\xd2\xa8\x12\x9f\xb3\xdf\xe9f48\x98\xa8)\xab\
\x08&I\xec.\xcf\x83\xcf\xe1\x85d\x89o\x083\xaf\
}V\xbe\xde\x14\x99\xe4\xe0`\xf8\xac\x84A#\xf3\xf1\
\xd7\x1a\xe9\x83\x02\xa6\x85\xb3\xeb\xee+nv\xba\xc6Z\
V1\x18\xd9\x90\x8e\x99c\x12\x81\xbe\xbe&m\x08*\
\xf4\xcby\xc6\x99\x1fLS\x1c\x85\xf6\xbbn\xd1\xa8w\
\x11)\xfb%19\x92m\x07\x9a\xfd\xae\xd4\xd5A\xbe\
j\x90\xf3!\xdd\xa51\xa1uM\xecT0V\x0fU\
kH\xe5\xd4\xb3\x1cN\xa3F\x9e|2\xd7\x08 }\
\xa2Q\x070\xa99\xd1Z\x04\xb5&K\x17\xfa\x91\x99\
\xe4\xcd\xa7Q\x93>\xee\x93\xb8\xf9t\xddD\xb0\xd0\xfd\
\x8bl0K\x18\x1e\x9a]\xd9\x0e\x88\x0a.\xb2\xd1\x09\
\xc8\x85\xed\xf0y\xda\x00\xe7P\x06\x01S\x02\x09\xc1\xe0\
\x0be\xd0\xcf\x5c\xdb\x0fh\xb1\x0b\xad\x17E0\x8d\xea\
T\xe5\xfdx\x98q\x97\xb6\x1aL0\x1b\x05\x92\x0e\xc4\
\x89\x8e?v\xc0\xe9\xecI(\x1e\xae.\xda-O\x0f\
\xb4\x1a/\xdf\x0e\xa61\x08\x8e\x5c\x1eu\xa2\xed\xc8\xe1\
\xc0\xe5S\x08\xc5'\xa6qz\xdf\x93\xda\x8b\xd6bI\
\x93|\xedT\x8d\xe3\xad\xd5Q\xc0D\xcdq\x86II\
_\x03w&\xd4)\x18\x047\xc0\x89\x1d\xc2\xd7\x04\x14\
jF\xa1\xf3\xbb\xb4\x1a6\xb7\x16\x91\xa1M\x89\x22\x13\
\x0a\xf3(\x22Q\xedB\x9a\x18f=@\xa0\x19v\x04\
\xe3\x81\xefK\x97s\xfb\x98\xd1m`\xda^\xacS\x17\
\xe4i\x84\xa1PR\x0d\xd1\xcc\xd210q\x99&\x14\
\xa9\x9a\x7fB\xdf\x9f[X\xbc\x0d\xcc\xf6\x9b\xc8a\xbe\
\xac\x81)\xad\xe5\x96\x0d\xb4\x80\x86|\x13\xbdn\x00\x12\
\xce\xa3+\x112*\xe1\xeb\xf4\xdd\x08\xd9[c\xf0V\
\x0d\xebq\xd9k|@Ac\x823\xa6\x0eX\xf3s\
|Bz5\xe3\xfa\x80\xc9%y\xfc&\xe9\xe7\xe5\x86\
 \x9c\x06\x04\xc7\x1b\xc0\xa0L\x17A\xa6;&&\x07\
\x93\xcbi\xec\x8cY\xdf\x14\xa4\xe5\x22Z\x89\x80\x00s\
\x13\x1f\x17\xccVq\xbeA\xd6\xf6\x80u\xad\xf2\x22\xaa\
%\x99o\xa6\xad\x80}\x5c\xbeD\x199*\xe1\x1bA\
\x03\xc5\xa6\xe7\xb1\xe3\xfeD\xd7\x9e^\xcc*<\xb7\xfb\
jR0\xc8\x9c\xac\x5cF\x03\xa8\x9a\x15X\x94\xd35\
\xc6\xc3\xedi%\x15\xff\x88`\xd0L!\x13rJ\x14\
C\xd1)\xbe_\xd2\xa4\xb2\xb3p\x0f\xeb\xb6I\xc0\xc0\
\xd9_\xe7\xa2\x93\x07\x1a&\xcd\xb1Lc\x5cv\x02&\
s\xbe\xb2\xa1\x85\xb5\x83j\x93\xcct\x9d\xb25\x95B\
\xe1]\xba\x06,\xbd:VH\xfaA\xcch\x00\x1f\x83\
2O/\x1aHZ\xce\xc3w{#\xc7k5\xbc\x91\
\xf9\xf2\x0dF\x93\x82I\x13=\xaf\x84_+\x1bvj\
e\x0c5\xa65\xabF\x01\x83\x9bf\x16\x98\xcd\xd8`\
\xe4\xac\xe3\xe4\x8e\x9b\x96\x15\xd5JW\x08p/(\xcd\
\x85\xee\xa21\xd9\xac\xd7\xc8i\xd01\xdd?\xf3\x92]\
O\xd2\xf3\xa1;\x9b\x92\x0d\xc7gj\x22\xafF\xa5\x92\
e\x13\xcb\xf1\xdf\xeax\x07\xd98\x94\xcbUhTB\
\x99.\xaau\xacu\xa34\xb1\xf3j\xa6}w0Z\
N\x83\x1aQ|\x96\x91\x7f\xd0K\x82\xe8WJZ\x1d\
\x83\x80\xd9\xdc\xac5\xce\xc8Bse\x83\xcf\xb6EC\
u\x9d\xb6\x14\xec<\xea\xae\x1a\xa3\xf7hp\xbb\x92;\
d\xe8\x8f\x14\x1f\xa1\xf7xy\xff\xd9\x0f\xf2\xef\xcb\x8b\
\xa1\xff\xb7Y\xf31zx\xf6P\x9bt0\xf9p\x7f\
W0\x9b\x1e;9\xb5\x84\xceZ~\xc1y\x13\xce_\
\x9e\xbbD\xa4\xedD\x1a\xd3'S\xd6j(m\x99W\
\x16\xa2\xbe\xe8\xdc\xbb\x9aR7S\xf3\xa0\x1a\xf7\xd9e\
^Tr\xf0\x0c{\xa8\x9fF\x98\x0c\x8cl\x8b:\xa5\
/\xec\xd5\x0dH\xdc\x9f\xa0Zm\x1a0\xdb\xb1\xe0x\
5\xc7\xb1\x1c\xa7\x5c?w\xa3@\x99\x5cc\xfa\xfe2\
\xc7\x10\xe7>\xc4\xef\xc7\xbc\x8b\x1f\xd6\xf9\xf5\xb7?\x0e\
3\x9cTNL\xce`\x02\x9c\xf7\x22\x9dalS(\
\x09\x98YR\x99\xc1\xcc`f03\x98\x19\xcc\x0cf\
\x063\x83\x99\xc1\xbc70\xa7\x14z\x06\x91\xca\x89I\
\xfb{\xbe3\x90\x08\xa5\xfd\xa1c\xf1\x0b\xd0\xffc\x09\
\xbf\x00\xfd\x03\xc8\xed{\x0d\x836\x84o\x00\x00\x00\x00\
IEND\xaeB`\x82\
\x00\x00\x0b\x9e\
\x89\
PNG\x0d\x0a\x1a\x0a\x00\x00\x00\x0dIHDR\x00\
\x00\x00F\x00\x00\x00S\x08\x06\x00\x00\x00\x225q\xac\
\x00\x00\x00\x19tEXtSoftware\
\x00Adobe ImageRead\
yq\xc9e<\x00\x00\x03wiTXtXML\
:com.adobe.xmp\x00\x00\
\x00\x00\x00<?xpacket beg\
in=\x22\xef\xbb\xbf\x22 id=\x22W5M\
0MpCehiHzreSzNTc\
zkc9d\x22?> <x:xmpm\
eta xmlns:x=\x22ado\
be:ns:meta/\x22 x:x\
mptk=\x22Adobe XMP \
Core 10.0-c000 7\
9.d20e46630, 202\
5/12/09-02:11:23\
        \x22> <rdf:\
RDF xmlns:rdf=\x22h\
ttp://www.w3.org\
/1999/02/22-rdf-\
syntax-ns#\x22> <rd\
f:Description rd\
f:about=\x22\x22 xmlns\
:xmpMM=\x22http://n\
s.adobe.com/xap/\
1.0/mm/\x22 xmlns:s\
tRef=\x22http://ns.\
adobe.com/xap/1.\
0/sType/Resource\
Ref#\x22 xmlns:xmp=\
\x22http://ns.adobe\
.com/xap/1.0/\x22 x\
mpMM:OriginalDoc\
umentID=\x22xmp.did\
:5362cc97-a2ba-c\
c4e-b8e1-497e5a8\
d90d8\x22 xmpMM:Doc\
umentID=\x22xmp.did\
:C83F3A07685911F\
1ACBBC4D5D48DD20\
A\x22 xmpMM:Instanc\
eID=\x22xmp.iid:C83\
F3A06685911F1ACB\
BC4D5D48DD20A\x22 x\
mp:CreatorTool=\x22\
Adobe Photoshop \
27.3 (Windows)\x22>\
 <xmpMM:DerivedF\
rom stRef:instan\
ceID=\x22xmp.iid:ce\
8ad683-864b-f749\
-95bc-2b2987cfa7\
07\x22 stRef:docume\
ntID=\x22xmp.did:53\
62cc97-a2ba-cc4e\
-b8e1-497e5a8d90\
d8\x22/> </rdf:Desc\
ription> </rdf:R\
DF> </x:xmpmeta>\
 <?xpacket end=\x22\
r\x22?>\x9b\x1aw*\x00\x00\x07\xbdIDAT\
x\xda\xec\x9c]h\x5cE\x14\xc7g\xd3\xc5\x82%i\
h\xa2\x81\x16\xac!\x06+\xf4A\xa4\xb5Z*\x05-\
\x926X\x02A!\xad\xa5\xd17\xb5M\xfd6>\xf4\
A\xfb\xd0\xa8\x15m\x1a\xedK\x95\x82\xda\x80\xb24\xb1\
\xb4\x89\xa5\x05\xa3!R\xe37\xd5\x0a1D[\x12\x8c\
\x98\x18\x13,\x18\x12\xe2\x9eM\xce\xcd\xd9\xd9\x99\xb9g\
\xe6\xee\xdd\xdd\xe2=p\xc9\xee\xe6\xce\xbd3\xbf\xf9\x9f\
3gf\xeenlnnND\x96iE\x11\x82\x08\
L\x04&\x02\x13\x81\x89\xc0D`\x220\x11\x98\x08\xcc\
\xff\xc2\xe2\xf8\xa2\xb5\xfb\xd7krn\xd0Tss,\
\x8c\xeb\xc6`\xae\x04P\xce\xf7\xf4E2Y\xb0\xce\x83\
;b\xb1\xc3]C\x11\x14U\x8c\x89\xa0D\xc17\x02\
\x13\x81\x89\xc0D`\x0a/\xc1\xbb\xa9\xa2$\xa2\x91\xb4\
\xcb\xa3\x93\x8b`(\x94K\xe7\x8f+\x0b\x94\x94\x96f\
\xe5\xc6\x93\x13\x13\x05\x09\xe4\xb6\xfb\x1a=\x81\x00\x9c\xb8\
\x0cellLY\x10?/++\x0b\x5c\x09\xdd=\
\xf2i\xd0v\x0a'n[\xe1BlT6LnW\
\x14|\xfd\x82/\xd8\xa6\x87\x9e\x11\x1dm\xcf\xe7\xbc\x12\
\xe57Vh\xff\xf7\xe7\x1f\xa39\xa9C\xdd\x9eW\xf5\
`T\x95\x85\x8a\xc9\x85dC\x98r\x99\x8e\xd7\x9a\xbd\
s>\xae\xa9\xcf(\xf7\xcf\xc6*\xd1p\xb0E\xd9\xf8\
\xf6\x17\x9bE\xc9\xfa\xdb\xe7\x03v\xffwbY\xdf`\
\xea\xf5\xf6\xee\x84\xa8{\xae%\xed\xde\xf4\xbe\xaaF\xaa\
\xea+\x971*\x86\xd3\x83\xdc^\x07(*\x18\x08\x04\
\x1a]\xa2\xe9\x08\xb0\x14\x88\x050p\xee\xec\x02\x18\xd3\
}\xe15Ga\x9c2\xa1\xc5\x18\x1d\x94%\xfb\xea=\
%\xe8*\xea\x0d\xedI\xa5P\x98x]\xaa\xc4\x9c\xc4\
\x18\x1b\xb5\xd0\xca\x95\xaf\xaep\xba94\xdct?\x8e\
j }\x08c\xa4\x8c\xdb\xdcH\x173\x1e\xbd\xf4\x19\
\xfb\x86\xb3\x87\x13)\xd5`c\xc5;\xfe\xf0Pa\xa0\
\x1a\x80\x05\xf7\xde\x9e\xac\x0b\x8d5\xa1\x83\x81\x0cW\x06\
\x83@t\xeea2\x8c'4\x80\xd2\xc6VVU\x89\
\xa1\xc1Ag\xd5\xa8\xea\xebg\x1c\x95\x15q\xe3\x85\x0c\
\x05\x1a\x0c=\x0f\x7fM\xd9p\x09i\x14\xc6\x89e}\
\x83\xd6.G\xef\xfbS\xe7\xd9\xb4Xc\x9b\x8ds\xa6\
7\xce\xc1\x976\xd8t#\xda(\x1at\xe9\xe7:\xa5\
\xa5\xa9\x86\x5cc\xd5\xda\xea\xfc,;\xc8=\x00\x95\xa4\
\x15\xb5\x19\x0eeupUC\x15\xa6\x02\xf9\xf7\xe0\x90\
\x93k\xdb\x83\x993WR\xae('\xb6\xd0\x80kR\
\x8d\xdc\x11\x08\x96\x9e\x0b \xf1\xfc\xe1\x8b\x03\x81\x1b\xee\
\xe7~\x8b`b\xfe\xbdO\xe1\xf8\xb9\x026\x0az\x16\
\x0eUNb\x1bk\xe0\xfc\xf1\xa6C\x9e+\xc1u\xc3\
\x9a\x92\x14\xa9\xd6K\xe4\x88-\xc7\x09\x95rT=@\
\xcf\x9by\xef\x9cR5\xa6\xd8D\x95\x86\x80\xa9\xa9\x94\
\xe3\x92\xb5\xb3b\x8cj\x18\xa32\xa6\xae\xc5\x0d\xd0.\
\x06 \x11\x04\x05\x020\xb2\xe1J\xd6y\x8cI\xc6\x93\
\x0e\x8d]\xd1\xfa\xac\xaf\xdb\x99L\x86bRK\xce\xc1\
x\x95\x83X\xa1\x80\xa3r?\x93r\x00\xd4L\xf2Z\
\xcb\xab*}\xcb\xe6\x0a\x84\xb3b\xa8\xc4\xc7\x93G|\
\xd7\x16\xaf\xc1\xaa\x86\xd1\xecVu\x0d\x0fxqa\x80\
\xc8\x8c1\x8c\x87?\xa0gu\x8d3\x01T\xb9\xd0\xe5\
ONzq\x02\x0e\x9dZr\x91\xc4\x99\x15\xc3|\xba\
\x04\xe0\xc8\xa3\x82I\x15T]\xb4\xf7\xbb\x8a\xaf\xa6T\
\xb2u\xea\xfa\xf9\xc6O_\xd1*\xa6y\xe9\x94\xb1N\
\x9b\xaf[R\x98\x1bn\x9c<D\x86\xd23=\x9b:\
\xa0\xd1\xbb\x06\xbe\xd1\x96\xe3(\x06\xae\xa3\x8aQ\xd9X\
\xaf\x89\x07\xbd\x00g\xc4\xf1z~Z\x88\x0f\xda\xdb\xd2\
\xfe\xb7\xaf\xf9%e\x99c\xbf}\x9fR\x044^\xe4\
a\xd7\x82\x05\x06\xd6YU\xf3\x12p\xad\xe5\x06\xa5\xa4\
\x80,\xcd\x84AM\xb7\xec\xe0\x07\xc4d-\xff\x16\x8b\
f\xba^3\xa7\xcf\xec\xb3\xe6Jr\x82\x05p\xa0q\
*\x95\x00\x10\x0aeg\xc3\x1e\xab{\x1d}\xf2A\xb1\
\x7f\xd3\xaa\xe0\xdd\x1f3\xef\x86:\xaf\xf96l\xbb\x85\
\x95\x8eS\xd3\xa9\x84\x0b\x07\xa0\x80\xad\x5c\xb71\x03\x10\
\xfe\xcf\xe4\xba\xa0\x1aS\xac\xf1sA\x96+\xd5\xd4\xd6\
\x893\xa7;\xc4\xb6\x81\x92\x0c86\xc3*\xc0\x020\
\x14\xce\xfa{\xef\xf2-\xf7\xd8\x9b\x1fe@\xc1\xbf\xfb\
O~*\xc2\xd8\x22\xb6v%\x19\x84m\x22f\x8a7\
\xd4F\xbe\xeaK\x83\x81\x07\xc7Nw\x9d`\xa9\xc6\x0a\
\x8c*^\xe8\xe4\x8a\x87\xc9T\xae#\xc7\x1e\x95\x1d\xe8\
\x1df)(\xaf+x\x9e;UO\xa6\x0f\xbfL\xf3\
\x8b+\xbaE#\xaa\x1a\xdb\xb2AU\xe3\x9c\xc7\xd0\xac\
\xf3\xaa\xcf\xca\xfb\xa9D\xabx\xa0>\x13\xce\xfd\x9b\xab\
\xc5_\x9a\xeb\xcf\x97i\x12G\xd7\xa9\x033\xaa\xe6\xd6\
;\xd6\xe4/\x8f\xe9N\x06^P\x0c&^\x98g\x00\
\x1cH\xed\x13\x8ck@CU\xf6\xf2['\x8ce\x00\
\x0e\x8cH0:\xa9F\xadw\x7f\xb8\xa2\xec\x10\x98\x93\
\xd1\x11\x8a\xe65Y\xdb>i?\xf3\x8b\xe7N+\xb7\
Tzj\x09\x92\x84A\x83\x05\x13\xe8\x9dO\xbd\x90R\
\x08\xc7\xb5\x10\x8a)\x0e\x85\xba}\x82pl\xe3\x8d\xab\
\x01 ]@\x96\xe3\x8c\x0c\xc5%\xd6\xb0\xc0\x80\x04\xc1\
\x9dlg\xb7\x10tU.\x04j\xd1\xb9\x96.\x13\xfd\
\xf2\x8dW\xd8\xc3uN\x17\xaa\xc0\x9djj\xe7\xdd\xa9\
[t\x88\x91sn+\xf4\x13\xcd\xc7Y\xe7\x01\x08j\
r\x8c\xb15\x1aktI%\x9dR\x05\x9a]\xdb\xc4\
\x18\x00\x82\xcb\x0cT-\xba\xa5\xcd\xa0 \x5c\xf6\xafc\
.\x8a\x99w\xa7c\xde\xe8D\xdd\xe9wE\xe3\xe4\xdc\
\xa5\xb4\xa5Q\x9c\x12\x8dy]\x95C\xd5$\xb2=\xbb\
\x96G'N\xea\x7f\xa4\xf5H\xa8\x8d\xe5.\xa6g}\
\x05\xcf\xef\xd1-p']\xc5\x00\xce\xd9\x9e\x01#\x9c\
 \x8d\x82\xe1\xdb\xb6<w\x14\xb5\x8a1\xb2;\xe1\xa8\
\xf4#cF}\xb6\xa7)\x95\xe9\xeem\xda\x1b\xa8'\
\x01\x06\x1d\xb6\xcbW\xdf\xa0\xe8\xc8\xa2\xdc/m\xba\x8c\
N\xe8V\x08\x88\x9a\xdc\xb0\x5cN\x14\xad\x5cI\xe9\xb3\
Y\xfa~-w\xc9\xc1\xb4\x9c\x00\x07}\x1fV\x5c\x8a\
\xb3|>\xe6?:\xd9\xcc\xae\xe9p\xfd\xc8\xd3\x07\x8c\
 \xd0j\xb7\xeeH\xfb\x1c\xde\xc3\x019\x89\xe9Q\xb5\
\x9cn\x9f\xf8\x8dNr\xc0F\xa5\x00\x109\xe3\xd5\xad\
\xff\xf8\xa9AVO\xdeW\xf0\x84f\xa5?\x9b\x13G\
j\xa8\x0c\xf9u\xc1\xed]\xdb\xba\x13\xba\x11\xaaF^\
\x97\x01WPe\xa1\x08@\xe7N\xf8\x9e\xb3f\x1c\x1e\
\x18\xc5\xbe\x0c\x1d\x9d\xda\x12\xbdZ(\xb8\xa8$\xc7\x19\
\xba\x9e\xc2q%\x0a\xc5U5\x8f?\xbcAl\xb8\xfb\
\x9eT}\xfd\xe2R\x9c\x95\xdc\xc5\xdc\x9f\x9d\x05(.\
\xb3\xe2\x89\x89qQZ\xba\x22C=\xf0\xb9\x0c\xd9\xb4\
\xf0\x840r\xb6\xb4\xc9q'L\xeeT\xdb\x1f\xb6#\
\x19*\x08aq\x94A\xed\xc2\x17\x9f\x8b\xb7\xdf\xbf\xc0\
\xde\xb2\x89\x07y6\x1f\xddIXl\xa0\xb9\xe6/\xa8\
\x22\xce\x86\x1dB\xa10\xb03\xc1\x86\xbf\xee\x08\x7fS\
\x9f\xbb\xc9\x86\xaa\xf1\x03\xa4\x9b\x9b\xa9\xe2\x0a(\xa3\x7f\
$\xf3\xdc\xddO\x1c\xca\x80\x91\xd3\xa7\x1d\xd0\x9d&'\
\xe2\xbe*S\x01\x01X\x1cYS(\xb2\x9b\xf4+\x02\
\x7f6\xbe|\x11X1\xe0N\x9c-\x0c\xdd\xdc\x87\x93\
\x9e\x9bb\x06\x05\x9b\xcd\xaf\x09\x86\xeeJ\xf2$\x12\x1e\
'\xd9\xf9m\xa7\x98\x1a\x9d\x09\x14@Q\x19\x9cx\xe1\
\x0c\xc6\xe1\xf1\x91\xb4\xca\xd1/\xb1sz\x8dB\xd1\xa9\
\xc5/\x80\x06Y\xa8\xe2\xcc\xad\xe2\xba4\xc5E\x96\x9c\
2\xf0\x10\x12\xa7<7\x80\x06]\xbd\xd3\xd59\xf5S\
L\x03?_\xf4>@i\xe2\xc35xc\xbf\xf9\x90\
|>w\x0e\xa5*g;\x07s\xb9\xb7\xac4\xf8j\
5Z\xf5\x9a\xb5\x8b?\xde\x05pz?|=m\xf3\
J\xd7\x1b\xaa\x8dtn\xcf\xc9e]\xbe\x9d\xe6Z\xde\
\xafm\x00\x07\xa0\xc0/\xa5\xc5\xf0\x17\xa0\xaf\xd5\x9f{\
\x13!\xfd|\xdc\x7f\x02\x0c\x00B\x95\xb7\x09\xe8\xd6E\
7\x00\x00\x00\x00IEND\xaeB`\x82\
\x00\x00\x13\xb3\
\x89\
PNG\x0d\x0a\x1a\x0a\x00\x00\x00\x0dIHDR\x00\
\x00\x00F\x00\x00\x00S\x08\x06\x00\x00\x00\x225q\xac\
\x00\x00\x00\x09pHYs\x00\x00\x0b\x13\x00\x00\x0b\x13\
\x01\x00\x9a\x9c\x18\x00\x00\x0a\xe6iTXtXML\
:com.adobe.xmp\x00\x00\
\x00\x00\x00<?xpacket beg\
in=\x22\xef\xbb\xbf\x22 id=\x22W5M\
0MpCehiHzreSzNTc\
zkc9d\x22?> <x:xmpm\
eta xmlns:x=\x22ado\
be:ns:meta/\x22 x:x\
mptk=\x22Adobe XMP \
Core 10.0-c000 2\
5.G.ef72e4e, 202\
5/06/27-18:54:05\
        \x22> <rdf:\
RDF xmlns:rdf=\x22h\
ttp://www.w3.org\
/1999/02/22-rdf-\
syntax-ns#\x22> <rd\
f:Description rd\
f:about=\x22\x22 xmlns\
:xmp=\x22http://ns.\
adobe.com/xap/1.\
0/\x22 xmlns:dc=\x22ht\
tp://purl.org/dc\
/elements/1.1/\x22 \
xmlns:photoshop=\
\x22http://ns.adobe\
.com/photoshop/1\
.0/\x22 xmlns:xmpMM\
=\x22http://ns.adob\
e.com/xap/1.0/mm\
/\x22 xmlns:stEvt=\x22\
http://ns.adobe.\
com/xap/1.0/sTyp\
e/ResourceEvent#\
\x22 xmlns:stRef=\x22h\
ttp://ns.adobe.c\
om/xap/1.0/sType\
/ResourceRef#\x22 x\
mlns:tiff=\x22http:\
//ns.adobe.com/t\
iff/1.0/\x22 xmlns:\
exif=\x22http://ns.\
adobe.com/exif/1\
.0/\x22 xmp:Creator\
Tool=\x22Adobe Phot\
oshop 27.3 (Wind\
ows)\x22 xmp:Create\
Date=\x222026-02-09\
T18:59:01-06:00\x22\
 xmp:ModifyDate=\
\x222026-02-27T13:2\
3:02-06:00\x22 xmp:\
MetadataDate=\x2220\
26-02-27T13:23:0\
2-06:00\x22 dc:form\
at=\x22image/png\x22 p\
hotoshop:ColorMo\
de=\x223\x22 xmpMM:Ins\
tanceID=\x22xmp.iid\
:91f46710-a43a-1\
f4e-ad43-86ae800\
52155\x22 xmpMM:Doc\
umentID=\x22adobe:d\
ocid:photoshop:b\
b82828a-f192-574\
6-bccf-ea58e0a66\
a16\x22 xmpMM:Origi\
nalDocumentID=\x22x\
mp.did:5362cc97-\
a2ba-cc4e-b8e1-4\
97e5a8d90d8\x22 tif\
f:Orientation=\x221\
\x22 tiff:XResoluti\
on=\x22720000/10000\
\x22 tiff:YResoluti\
on=\x22720000/10000\
\x22 tiff:Resolutio\
nUnit=\x222\x22 exif:C\
olorSpace=\x221\x22 ex\
if:PixelXDimensi\
on=\x2270\x22 exif:Pix\
elYDimension=\x2210\
7\x22> <photoshop:T\
extLayers> <rdf:\
Bag> <rdf:li pho\
toshop:LayerName\
=\x22MET\x22 photoshop\
:LayerText=\x22MET\x22\
/> </rdf:Bag> </\
photoshop:TextLa\
yers> <xmpMM:His\
tory> <rdf:Seq> \
<rdf:li stEvt:ac\
tion=\x22created\x22 s\
tEvt:instanceID=\
\x22xmp.iid:5362cc9\
7-a2ba-cc4e-b8e1\
-497e5a8d90d8\x22 s\
tEvt:when=\x222026-\
02-09T18:59:01-0\
6:00\x22 stEvt:soft\
wareAgent=\x22Adobe\
 Photoshop 27.3 \
(Windows)\x22/> <rd\
f:li stEvt:actio\
n=\x22saved\x22 stEvt:\
instanceID=\x22xmp.\
iid:5e58fed0-21a\
c-364a-849d-8cb9\
16c3b51f\x22 stEvt:\
when=\x222026-02-10\
T18:04:33-06:00\x22\
 stEvt:softwareA\
gent=\x22Adobe Phot\
oshop 27.3 (Wind\
ows)\x22 stEvt:chan\
ged=\x22/\x22/> <rdf:l\
i stEvt:action=\x22\
saved\x22 stEvt:ins\
tanceID=\x22xmp.iid\
:8fcaa9b3-0ff9-4\
c40-8a95-c0bd9e3\
da8f2\x22 stEvt:whe\
n=\x222026-02-27T13\
:23:02-06:00\x22 st\
Evt:softwareAgen\
t=\x22Adobe Photosh\
op 27.3 (Windows\
)\x22 stEvt:changed\
=\x22/\x22/> <rdf:li s\
tEvt:action=\x22con\
verted\x22 stEvt:pa\
rameters=\x22from a\
pplication/vnd.a\
dobe.photoshop t\
o image/png\x22/> <\
rdf:li stEvt:act\
ion=\x22derived\x22 st\
Evt:parameters=\x22\
converted from a\
pplication/vnd.a\
dobe.photoshop t\
o image/png\x22/> <\
rdf:li stEvt:act\
ion=\x22saved\x22 stEv\
t:instanceID=\x22xm\
p.iid:91f46710-a\
43a-1f4e-ad43-86\
ae80052155\x22 stEv\
t:when=\x222026-02-\
27T13:23:02-06:0\
0\x22 stEvt:softwar\
eAgent=\x22Adobe Ph\
otoshop 27.3 (Wi\
ndows)\x22 stEvt:ch\
anged=\x22/\x22/> </rd\
f:Seq> </xmpMM:H\
istory> <xmpMM:D\
erivedFrom stRef\
:instanceID=\x22xmp\
.iid:8fcaa9b3-0f\
f9-4c40-8a95-c0b\
d9e3da8f2\x22 stRef\
:documentID=\x22xmp\
.did:5362cc97-a2\
ba-cc4e-b8e1-497\
e5a8d90d8\x22 stRef\
:originalDocumen\
tID=\x22xmp.did:536\
2cc97-a2ba-cc4e-\
b8e1-497e5a8d90d\
8\x22/> </rdf:Descr\
iption> </rdf:RD\
F> </x:xmpmeta> \
<?xpacket end=\x22r\
\x22?>l&7\x04\x00\x00\x08sIDATx\
\xda\xed\x5c;r\xe3F\x10\xe5M\xc03P\x8a\xedh\
\x1dz&\xf6f\xd8K8\xa7/\xe0Z)#C\x87\
r$\xae\xefB\x16\xedS\xc8\x89XE\x0b\x04\x06\xd3\
\x9f\xd7\x83\x19\x80Z\xd3k\x04]\x04\xf1#\xf0\xf0\xfa\
\xf5g\x86X\x9c\xcf\xe7Ec\xbf\xfe\xf1\xd7\xb9\xb7/\
d\xf9\xc6\xed\x97\xdf\x0fW\xb5\x80G\x0f\xca\xb5\x7f`\
\xac\xado\xe0\x1a.\xc0\xdc\x12(\xb7d\xffY`\x16\
od\xb7\xac\xf4X\xc4\xd2E\xeeIn\x0d\x88\xd7\xfd\
\xf2b\xa7C\xf3Yu\xb6L\x02\x14\x8fm\xf7?u\
\xe7\x80\xfb\xe6^\xcc{>\xe5\x9c\xe3\x1a\x00Z\x10\x96\
=\x08\xd2Nl[\xc5\xce\xcfA\xe1\xe7(\x02\xa6\xd9\
y\xfb\xc9\xbf\x99\xbb\x0a0\xf4I\x85\x8b\x0aO{\xe8\
)G@(K8S\xb8u\x8c\x10\xe7\x0f\xdb\xc2z\
\xba\xfd\xa6\x80\xa17\x22oB\x1f\xb3\x04\xcb\x08\xa4\x8a\
\x01\xc9A\xe0\xdfO\x1d\xcb\xb2\x81iv\xdc\xd4\xae\x07\
\xa6\xf9\x9c\x0a\x8e\xd6\x85H}\xee&\xedrdJ\x05\
@\xa0\xda\x22])n\xe7\xc7W\x80qq\xbb\xbc\xbf\
\x85\xcd\x96\xeb\x03\x83o4\x0a\xe1I\xdd\x14\xa2\xbe\x16\
\x5c\xad;\xfa74\xa8\xfc\xb8l`\x1a\xc6\xb4\xac\xb9\
&c\xb0&0z\x1f\xb4Fh\xd3\xae\x84X`1\
E\x01\x9f\x03LdK`\x8c\xef\xbfO\x01\x87F\x04\
y\xc3'\xc1\x0c\xf5\x84\xf7(\x22Ul\xbd\xdc\xdf\x02\
R\xeaU\xd0\x9aB`\x1c\x03f\x0a8\x01\x98T\xc8\
EB\x8a\xf4\x85\x82\x89\xa3S\xc5\xf5f\xaf]QF\
\xba\x02`:\xb6\xf4.\xe5'\xbb\x14\x15`\x09\x8e\xd4\
\x1b+\xb4#\xcd@\xe7\x94``\xd7\x8c\xeb\x0b\x81\x91\
\x8c\x99\x06\x8e\x16\xe0\x0aD\x98\x8a=\xd5\xd3@h\x96\
\xe7\xd1@,\xa1\xfb\xb2c\x92\x8cy\xa2a\xba\xb5 \
\xc0\x1b\xc2\x9a\xf09\x06\x1c\xc9\x18\xf4\xd4OJ#\x96\
\xc0\x05\xb1\x0b\xf5l\x82.U\x99\x82?\x18\xae\x03[\
(8Q\x80\xbd\x10c\x0dN\xaa\xb0\xe3uN\x95H\
\xed\xabd\xd2f=\xf9\x94k\xe2\xdf+(\x09b\xb6\
\xebY\x82wY&\x8c\xa1\xc0\xd1,\xf5\x87\xef\x7f:\
\x7f\xf8\xae\xb5\xb0\xdc|\x06k\xbe\x07pt\x02\x06\x04\
\xf6`k\xc8\xeb\x1e\xe568\xec\xcb\xa4R\xban\x01\
0\x0e\xe8\x8c7\xc2\xb8\xefo6\x82\xf1\x91\x01\x13\xd6\
\x85\xef\xb4v\xd1\xfaR\x01P,=\xc2a\xdc*\x19\
\xfa2\xe0\xc03\xde\x22\xc6P`hT\x0a\xeb\x99\xbb\
\xd5\xae\x07\xa6\xb1\xf3\xc3\xfd\x9b\xdd\x9d\xcf\x8f\xd2\xba\xf5\
\x0f+\xc6\x1c[\x84\xad(T\x99Z\x81\xea0\x993\
\x9d\x12\xa5\xc00c\x94\xe0\x82HU\xf3\xfd\x9a\xe3)\
c8@\xabv\xf9\xf3]\x07\xce\x9d\x02\x06\xb6\x12P\
J\xbfO\x1d\x13]\x89\xba\xd4\x09\x8a\xfb\xb2\x04\x18\x9c\
\xd8Q\x808\x83\xbc\xd2\x9c\x9e9\x9fW-(\x0f\x1d\
[z[1`\x90N\xbc\x9a\xb5\xd3\x12f\xaev\x96\
+#\x93\x8et\xd8\x95\x9el`R\x00 \xa06\xc2\
\xa5\x82\xa60\xb7\x0a,\xea\x80\xc1\xfa\x90.\x12\xcb\xa2\
_e\x86\xf5\x11\xe2\xab\xc5V\x82\xb4\x95\xee%\xb2c\
\x1b\xa0\x8e5\x9d\xce\xa4\x8aJj\xf4\x86\xff\xfes\xf7\
f\xcf\x17\xb3@A\xdb\x90;\x066f\xe41v\xde\
\xc2\xc5\xd81&q6\xf1hE\xc3v\xd0 \xd9U\
\xb3*hz\xa3/\xc7\xe7\x1e\x10j\x08\x14e\xc7g\
U\xaf\xd1\xcf\xac\x04O\xbb\x8eW\x19\xb1\x0c\xdd\x01\x1c\
y\x914wAO\xd0\xceU*\xfb&\x93\xb6Kn\
G.VP+\xd9l\x81nE\xd8\x11\xc0@I^\
\x5cn\x19\x83\xdb\x03QG\xac\x9bk\x99\xb3\x13\xdf\x13\
\xe0\x1c\x118\xbac\x98\x09\x8cS\x8c\xd1\x80p]Q\
\x9a\xf2\x18Csk\xf7\x9d\xad\xe0\xc5\x9d\x14(;u\
C\xea\xfb\x11\xb3b\x985K\x16\x95\xb2\x80\x91\x05\xa3\
\xceep\xe6\x1bE\xf6>F\xa0G\x90\xe8\x11\xe1\x95\
\xac\xc9\xb9\xa9\xf8\xb9\x83b,\xc1A\x80\xa6z1\x99\
m\x07\xa7j'YOQ\xf7\xf9\xd01&2\x84&\
x\xabK\x82\x17\xf6\x95\xe1:P\xda\x12\xcf$s\x8c\
\xf56(\x95\xc9\x96\x01\xc68PPb\x17\x0b\x89\x9d\
t'^D~\xec\xeb%*\xc8\xa8\x16\xca\x15\xdd\x97\
c\xa6\xfb\x1c\x91\x0b\x15\x02\x83\xdb\x9bV\x0b\x82w\xfa\
\xa8\x00\xd3\xaa\x9a\x16\x902J\xa1\xe21\x80\x93\x07\xd0\
n\x00\xb4\x9d\x02E\xfeF!0\xda\x95\xec\xc6\x95\x06\
.\x95\x91\xca}\xacvA\x16{\x04\x00/G[l\
\x11\xf8#G\x22\xd39\x8d..\x1dK\xf6P\xe7O\
\xee\xcbZ\x10\x03C\xac\xcd\xcd\xe3$oW\x90\xb7,\
Ue?z\x88\x16'w\xa0t\xa8\xad&\xba3\xc2\
\xbd\x87n\x85z.\x92\xfa\xa5\xf5\xd2I\xd4Yt}\
10\xdaM\x9c\xa8\x95\xbc\x02\xc9b\x09\xca\x81P\xd8\
L6\x9a\xf6z\x90\xac\xef\xf3<\xde\xb3\xbe\x0f\xcd\xac\
)\xa8\xa8@\xcd\x02f\x9dU7\xa5j%\xbb=\x81\
*q9\xee\x8c{\xc3\xb8\x99\xdd\x02\x13\x9b_\xad\xb5\
i\x02\x9aO\x83gM\x8cp%\xd9\x03\xd6\xb9\x0cr\
\x11\x07\x81@\xaeH\xb5\x05\x0d\xc2\xeb.\x1f\xd7\x89\x0b\
\x10]~\xc4@bIdz\x14\xb2(*\xa5\xc6\xb0\
U\x04\xaa\x1d\x0e\xed5J\x0c\xb5@\xa3YR\xaf\xfb\
\xa5\xd9r\xa0FK\x0e\xf6\xbds\xab\xf4\xe8\x84\xee\xf7\
\xaeKgT)\xb1\x15\x91\x07\x83f\xe7>\x92y\x08\
\xa4\x94\x85R \xba\xd1\x1d\x01K\xaf\xdb\xd6\xaex6\
W\xd6\x1c<\xfd\xa4\xbdQ&\xe8H\x84\xc4;\xcf-\
\xc9q\xddyd\x18\xbe\xb8\xd1#\xd7\x94\xc8\x9a\x08N\
dp\xfe\xec\x8d\x22`\xe8\xcdnX#\xdc\xa9\xe6x\
\x7f\x93\x80Yvn\xe3a\x0eD\xb7s`\xc2\xc8\xc3\
=g\x12i\xa5Z\xb5\xdf\xd0\x04\x85E\xee\xd0*J\
\xce\xd0P\x8b\xbd\x9c\xb7\x0e\x01(\xb7\xf7\xc0\x84B\xf5\
qe\xb63\x9bu\xfa\xf7\x86\xc7\xe0\x8b\x80\xc1\xba\x82\
\xc28\x16Z\xcd\x16\x0b\x5c\x1c\xd1\xc2\xbeV\xaf\xd7\xca\
~\xb7F&>\x0a\x18\x5c\xe3\x08\xa6\x00\x0d\xb14\x06\
\xebM\xaa\x97\x8cF(\x22\xa0%\x957\x92\x81b`\
0\x10\xce\x18\xa5$\x17\x0d\x9e\xae\x8eh\xce\x1c\xabB\
\x09\xa0\xd6\x9b\x1cpx\xdd$\xa3\x22=g10*\
\xea\xd4.1o\x863G&p:\x0f\xb2\xc6\xa9\xec\
\x0e\xa1\xdd$\x1b\x06\x07u!\xe9\xc3\xce\x02&\xc4\xfc\
T_w\x981\x1e0\xc6%t\xc8'\x9ab~\xe0\
x\x9flzS\xe1\x95\xed\x92m]\x0a\x0c\xf4y\xe0\
\x1a*\xc9\xf3\x0a\x9c\x08\xb4\x83\x190.F\x9d\x18;\
w\x835\x9b\xd5z\xb0\xa2Qq\xb8\xa6\xd4\xc7I\x98\
gU7\x1ad\xb3\xc0\xdc\xe4L\x12\xc8J\x054\x83\
R\xd1(\x953\x152\xc6*\xfc\xa4\x8bx\xf3\xe2e\
-$),k*\x1d\xc90PH\x8c\xc32\x04\xe6\
\x13\x0a\x0an\x1ccp\xcf\xc5g\x0c\xddz\xa3/\xe3\
4\x90\xb5=pg\x8dNX\x0c\x96M\xaf\x17\xd2\xf8\
\xb6\xe6+\xe7L\xcd\x1d\x98Q\xe5\xc4\xe0}*\xfb\x15\
\x91\xa6\xe6O\xc6t\x87\xe4\x8c\x8a\xd4\xb4\x13\x0f\xe7 \
\xd3\x92A\xea%\xbf\xb6B`\xec\xe6\xb5\x839\x07~\
\xeaZ\xfdQH\x95\x22n5\xc2\xb65~\xf2\xa8\x9e\
\xa2\xa5\x01b0\x9a?8\xad$\xa8q\x12fMI\
\x93\xae\xd4\x87\xd3#\x0e\xad/G\xbe\x0e\xe5F:(\
\xc8t\x81\x033\xe4\xaa\x93\x81\xb1Z\x9d\xa8\xde\x91\x17\
3e\xc6B\xaa\x95j%\x99\x1b\x98\x8c\xda\xae7\x19\
\x18\xd4\x9b\xb15\x87\xffx0k~\x0b\x03D\xec\xb3\
\x19\x08\x00\x88\xb5\xc8\x8d\x90[]\x0d\x18\xbb\xab\x87C\
,\xd5(X\x0d\x1f\x9f3\xeb\x1d\x5c3\xe9\xd9\x5cF\
\x144\x92\xd5\xc1F\xd5z\xe4\xff\x02\xb6f\xeb@G\
#$\x92\xb9fOE\xc1\xc2/K\x97\x0dh\xc5N\
\xee\xe0\x8d\xfd\xef\xb3\x95\xf1\x0eQ8O\xdf\x9c9$\
#\x8bW\xdc\x8e}g`\x06'5\x82\x0b\xa3M\xe8\
\xf5\xa8\xdfp\xc9\xd9\x17\xda\x9d\xd0\xa8\xc5;\x02\xb3\xce\
\x988-\xd3\xfd\xa9\xff\xe1\xd6u\x1a\x16\xff\xc0J\x94\
-\xf7\x8c}:|-\xc6\x18S\xd1\xc4\xcc\xf1k\xb1\
\xd3\xca~q\x8d\xe6T\xae3\xf8;\xd7v%T\xcd\
^\xfb5\x08R\x90\xad&\x99U\xa9\x7fe`pw\
\xef\xbd\xde\x0b\xc12\xdb\xa4\xc6\xf8Q\x7f]L\x03\xf3\
T\x16\x9dh'o\x12K\x9e\xca\x13N4\xb5D\x8a\
u\xc9\xf5,\xde\xebm\x1d\xff\xf6\xebR\xa6^\xd3\xfc\
b\x1d\x0b\x98\x1f\x7f\xfe\xed<\x83\xc3\xad\xc1\xe4\x02L\
\x00\xe7[\xb1)\x9a\x16\xf0\xe8\x81\x99\x8d\xdb\x0c\xcc\x0c\
\xcc\x0c\xcc\x0c\xcc\x0c\xcc\x0c\xcc\x0c\xcc\x0c\xcc\x0c\xcc\xb7\
\x06L\x93B\xcf@pk0\xe9\xdf\xe7;\x03\x12A\
\xe9_t\xac\xde\x00\xfd?\xb6\xf0\x06\xe8\x7f\x00#\x96\
e)\x9a\x89qb\x00\x00\x00\x00IEND\xaeB\
`\x82\
\x00\x00\x11\x8d\
\x89\
PNG\x0d\x0a\x1a\x0a\x00\x00\x00\x0dIHDR\x00\
\x00\x00F\x00\x00\x00S\x08\x06\x00\x00\x00\x225q\xac\
\x00\x00\x00\x09pHYs\x00\x00\x0b\x13\x00\x00\x0b\x13\
\x01\x00\x9a\x9c\x18\x00\x00\x0a\xe6iTXtXML\
:com.adobe.xmp\x00\x00\
\x00\x00\x00<?xpacket beg\
in=\x22\xef\xbb\xbf\x22 id=\x22W5M\
0MpCehiHzreSzNTc\
zkc9d\x22?> <x:xmpm\
eta xmlns:x=\x22ado\
be:ns:meta/\x22 x:x\
mptk=\x22Adobe XMP \
Core 10.0-c000 2\
5.G.ef72e4e, 202\
5/06/27-18:54:05\
        \x22> <rdf:\
RDF xmlns:rdf=\x22h\
ttp://www.w3.org\
/1999/02/22-rdf-\
syntax-ns#\x22> <rd\
f:Description rd\
f:about=\x22\x22 xmlns\
:xmp=\x22http://ns.\
adobe.com/xap/1.\
0/\x22 xmlns:dc=\x22ht\
tp://purl.org/dc\
/elements/1.1/\x22 \
xmlns:photoshop=\
\x22http://ns.adobe\
.com/photoshop/1\
.0/\x22 xmlns:xmpMM\
=\x22http://ns.adob\
e.com/xap/1.0/mm\
/\x22 xmlns:stEvt=\x22\
http://ns.adobe.\
com/xap/1.0/sTyp\
e/ResourceEvent#\
\x22 xmlns:stRef=\x22h\
ttp://ns.adobe.c\
om/xap/1.0/sType\
/ResourceRef#\x22 x\
mlns:tiff=\x22http:\
//ns.adobe.com/t\
iff/1.0/\x22 xmlns:\
exif=\x22http://ns.\
adobe.com/exif/1\
.0/\x22 xmp:Creator\
Tool=\x22Adobe Phot\
oshop 27.3 (Wind\
ows)\x22 xmp:Create\
Date=\x222026-02-09\
T18:59:01-06:00\x22\
 xmp:ModifyDate=\
\x222026-02-26T17:5\
5:36-06:00\x22 xmp:\
MetadataDate=\x2220\
26-02-26T17:55:3\
6-06:00\x22 dc:form\
at=\x22image/png\x22 p\
hotoshop:ColorMo\
de=\x223\x22 xmpMM:Ins\
tanceID=\x22xmp.iid\
:61bb0336-915b-c\
f43-b90d-c5c6c8e\
d1056\x22 xmpMM:Doc\
umentID=\x22adobe:d\
ocid:photoshop:4\
1ec4f4b-4cab-6e4\
4-a1a6-01f856e1e\
95b\x22 xmpMM:Origi\
nalDocumentID=\x22x\
mp.did:5362cc97-\
a2ba-cc4e-b8e1-4\
97e5a8d90d8\x22 tif\
f:Orientation=\x221\
\x22 tiff:XResoluti\
on=\x22720000/10000\
\x22 tiff:YResoluti\
on=\x22720000/10000\
\x22 tiff:Resolutio\
nUnit=\x222\x22 exif:C\
olorSpace=\x221\x22 ex\
if:PixelXDimensi\
on=\x2270\x22 exif:Pix\
elYDimension=\x2210\
7\x22> <photoshop:T\
extLayers> <rdf:\
Bag> <rdf:li pho\
toshop:LayerName\
=\x22MET\x22 photoshop\
:LayerText=\x22MET\x22\
/> </rdf:Bag> </\
photoshop:TextLa\
yers> <xmpMM:His\
tory> <rdf:Seq> \
<rdf:li stEvt:ac\
tion=\x22created\x22 s\
tEvt:instanceID=\
\x22xmp.iid:5362cc9\
7-a2ba-cc4e-b8e1\
-497e5a8d90d8\x22 s\
tEvt:when=\x222026-\
02-09T18:59:01-0\
6:00\x22 stEvt:soft\
wareAgent=\x22Adobe\
 Photoshop 27.3 \
(Windows)\x22/> <rd\
f:li stEvt:actio\
n=\x22saved\x22 stEvt:\
instanceID=\x22xmp.\
iid:5e58fed0-21a\
c-364a-849d-8cb9\
16c3b51f\x22 stEvt:\
when=\x222026-02-10\
T18:04:33-06:00\x22\
 stEvt:softwareA\
gent=\x22Adobe Phot\
oshop 27.3 (Wind\
ows)\x22 stEvt:chan\
ged=\x22/\x22/> <rdf:l\
i stEvt:action=\x22\
saved\x22 stEvt:ins\
tanceID=\x22xmp.iid\
:165b771b-16d3-9\
043-9d2e-4d118e7\
b544f\x22 stEvt:whe\
n=\x222026-02-26T17\
:55:36-06:00\x22 st\
Evt:softwareAgen\
t=\x22Adobe Photosh\
op 27.3 (Windows\
)\x22 stEvt:changed\
=\x22/\x22/> <rdf:li s\
tEvt:action=\x22con\
verted\x22 stEvt:pa\
rameters=\x22from a\
pplication/vnd.a\
dobe.photoshop t\
o image/png\x22/> <\
rdf:li stEvt:act\
ion=\x22derived\x22 st\
Evt:parameters=\x22\
converted from a\
pplication/vnd.a\
dobe.photoshop t\
o image/png\x22/> <\
rdf:li stEvt:act\
ion=\x22saved\x22 stEv\
t:instanceID=\x22xm\
p.iid:61bb0336-9\
15b-cf43-b90d-c5\
c6c8ed1056\x22 stEv\
t:when=\x222026-02-\
26T17:55:36-06:0\
0\x22 stEvt:softwar\
eAgent=\x22Adobe Ph\
otoshop 27.3 (Wi\
ndows)\x22 stEvt:ch\
anged=\x22/\x22/> </rd\
f:Seq> </xmpMM:H\
istory> <xmpMM:D\
erivedFrom stRef\
:instanceID=\x22xmp\
.iid:165b771b-16\
d3-9043-9d2e-4d1\
18e7b544f\x22 stRef\
:documentID=\x22xmp\
.did:5362cc97-a2\
ba-cc4e-b8e1-497\
e5a8d90d8\x22 stRef\
:originalDocumen\
tID=\x22xmp.did:536\
2cc97-a2ba-cc4e-\
b8e1-497e5a8d90d\
8\x22/> </rdf:Descr\
iption> </rdf:RD\
F> </x:xmpmeta> \
<?xpacket end=\x22r\
\x22?>d+\xf1\xc5\x00\x00\x06MIDATx\
\xda\xed\x9cKn#7\x10\x86u\xa7\xf1f.@\x03\
60>\x88r\x80\xc1\x18\x12\xc2>\x80\x8d\x01r\x85\
l\xb2\x1dhr\x86\x99\x9dN\x90\xa3(\xee\x96\xd8\xaa\
.\xd6_\xacbw;J\xc2E\xc1z\xb4[\xe4\xc7\
\xbf\x1e|H\x9b\xd3\xe9\xb4i\x96[\x83\xd0\xc040\
\x0dL\x03\xd3\xc040\x0dL\x03\xd3\xc0\xfc\xcf\xc0|\
\xfd\xf3\xaf\xd3\xbf\xd1V\x05\xd3\x7f\xc0\xa7\xcf\xbf7\xbb\
\xd8\x00\xa6A\x91m\xd3 40\x0dL\x03\xd3\xc04\
0\xb7\x07\xe6\x97\xd7o\xcd\xdel\x02\xe6\x96\x1a\xb6\xbd\
\x118\x9b\xa6\x12\xd9\x16\x07\xb3y\x9behv\x13\x9d\
6\xb4m\x150\xc7\xee\xf5t\x8c\xaf\xe7\xbf\xe9\xf1\xe5\
\xf9?\x09(}6mOj\x9f\x0bL\xcdHC0\
\xec\xb5\xf7\x04D\xfb!\xb5\xc5\x05\xa6\xbf0\xde\xdf\x0f\
\xe6\x06\x13\x150\xb1\x0c\xa8\xe4\x8e^\x9b|n\x94\xdb\
\xf4\xbe`4c\x8d\x9at\xa4\x93\xddP\xbcG\x87\xa1\
g\x03\x83\x9ewF0\xfdE\xbf\x860\x82\xf1\xc0\xc9\
\x5c)\x0a\x1dD\x8dD\xef\xc7\x02\xa8\x12\x04\xed:\x8f\
b\xa8Z\xaa\xc1\xa0\x86i\x1d\xed\x14p\xd1\x00\xcc\xf2\
\x1e\xb8\x7f\x11L\x82\xd2+&Y\x02S\xad\x9a\xce0\
\xc2\xd1\xe8>\xd1\xd8\xd9h\x80^\x03fb\xa1B5\
\xd1\xe8\x12q\x9a\x19\xc4\xc0iQP\x97\x07\xf4I\xcc\
*\xb8v\x1d\x18\xa7K\x89\x8d)H\x7f\xf8\x9f\xe3\x11\
g\x16\xd49%\x88\xab\xf7\x98\xab\x18\xeaN\xd5\xb1&\
\x96e\xdcC\xd1\xc0\xd0\xce\xb9\xd35\xb97rM\x13\
\x18\x9e\x91\xa8;\xd1xS5BLA\x1e(\xc9\x86\
\xf6]\xac\x7f<\x0bL\xd1\x95^r\xc5\xd0\x00\xcc\x83\
po\x1f\xef\x1e\xce\xf6\x81\xd8\xe59t'!\x1e\x98\
\xd5r\xb9&\x0d\x92\x05\x0a\xbd\xff\x04N\xa7OS\xa0\
b$\xd5L\x81<\x8a@\xc6\xd7\xef\x1e\xe4\x12\x5c\x98\
7y\xc1\xd0\xc1*\xc5&\x11L\xa7\xab%\x03\xc3\xd5\
\xc2\x953@\xf9\xf0\x90\xdb\x1b\x84\xfd\xf3q\xb0\xdd\xe5\
oz,\xc6\x1a!\xb6hp\xf8\xfb\xb4]\xd2\xfb\xd2\
\xff!\xd5\xa02D\x06\x13pF\x9a\xb8\x90\x00D\x04\
\x03R\xac\xd6x\xadS<\x19\xd4\xdc\x83f\xb1\xe2z\
\x8c\xa6\x18\xda\x90\xab\xdb<d08(-\xd6\xdc\x02\
\x18\xd3B\x95\x14x9\x98\x98\x5c\x8a\x05\xdd\xbd\x00g\
\xff\x8cS\xa4E\xf2\x167\xf3\xde\x87\x0e\x94\x1f\x0c\x0f\
\xbc$\x0b\xf4\x8f'\x01\xf8.\x8f3\xa3j\xbe\x1ca\
\xf5\x9a>\xcb\xd3\xa1\xc5\xc0D\x0b\x98\x17y\x9e\x94)\
\x85\xa9h\x8c7<+1\xf5L\x5c\x89\x05<\x8b;\
\xa4k\x7f~\xffm\xb0Z@R}U\xe5J\xd4u\
\x10\xa4\xa4\x9e\x11\xd0\x1dK\xdb e\xf3\x94\xab\x15\x8d\
\x09\x085\xed\x1a\x0d\xd88\x08J\x9a\xb6\x83a\xaeU\
\xea\x0cu\xad\x0c\x0cs\xa3d\xb4c?\x0egK\x8f\
\xf9{\x12(\x8bM\xea\x9e\xb9\x8aA\x01\x98\x82\xa1\x00\
\xacS\x03\xfa9\xb5\x1d\xad\x85c\x8f1\x8e\x995/\
\xach\x00\xde\x09\xa9z\x0f\x0a\xbcsY\x1f\xae\x8d>\
\x5c\xac\xe02\xc8\xd5\x8aJ:L\xef\xe9v%K\xf5\
{U\xca\xe3\x08\x06\xd50\x19\x18\xa6\x18\xcb(\xf7\xd7\
\xfe\xf1\x14\xce\xf6)\xff+\xc1\xd2@U\xb9\x12\x9f]\
g\xee\xc3]H\xa9_`\x1dC\x1a\xc5\x1b\xfdCQ\
\xcd\x08\x07\xd9\x05\x16\x0a\xd8\x8b*f\xa8_\x02\x8a+\
\x8f\x19\x18^\x01Of\xdaB\x81g\x8d\x0d\x03\x18\xae\
\x96\xa7\xfcy\x096w\xeb*\xc5\xa8S\x821\xeb<\
\x8a\xd3\x01Z\xd3d[\x22\x15`2\x97z\x92]\xaa\
\x14cf\x83\x91\xd2t6W\x12&\x91\xf4u\x9e\xad\
\xd0\x5c\xa9\x1a\x8cC)\x19\x94\xd9\xae$\xa4n\xb1\xda\
e\xb5\x0b\x052)\xaa\x84\xd95\x02\x81\xe2\x0dW\x0d\
\xbf\x07\x0a\xbc|\x87\xb4\xb4\xeb\x81\xf7\x95B\x0e&s\
'\x06\x83\xbb\x0f\xcfdhi\xd3\xaa\x1c\x1ek<\xff\
'\xc58\xf71\x10\xa9\xd0\xe35L\xa9\xf4\xe6\xc5\xa1\
8\x994\xaaG\x82\xe3\x86\xd2\xe9\x8b\xdff0hy\
S\x82e\xad\x96\xe1j^\xf4\x81\xf1\xc6&\xa9\xc0t\
\x83\xd9\x02W\x92v\x0b\xd0\x16\x0b\x9a\x9d\xc3=\x22\xd6\
\xe0\xa5\xa6\x00R\xc0\xb5\xb8Q\xf9\xb4\x03\xa8|5(\
PY!\xdfzA\x1b`\xa5\xd9\xb5%\xd0J\x85\xa5\
k\x9b\xb9t\x0c\xa4\xc6\xa5$w\xca\x96#\x09\x00\xed\
XG\xd5y\x18\xa0\xc4\x12\x94\xad\xe7D\x95'\x8e\xf4\
\xaa\xd0 \xa2x\xa3\x9e\x8d!*\xf2\xcc\xc7\xa4\x1d\xcb\
\xc5\x0e'\xf2y\x93V\x11\xc3EtEQR\xc6@\
\xc7\xc2(\x98\xf4xGv\x224\xd0\x130/\x0b\x81\
\x89J`\x95@I\x86\xd6s\xf8\xc2\x11\xaaq\xb8Z\
\xf8\xf3\xfd\xf3\x11\x9f\x92\x88\xaf\xeb*\xc6\x92\x85jM\
,\xfeX\xa7\xf8^\x95\x04\x0b\x15r\xde\xe3r\xe6S\
\x9b|\x97\xc0\x03\xc2\x93\xca\xa5\x95\xbe\x94e$\x08;\
\x01\x96\xb4Y\x9f\x94\xb9\xe8\x01h^\xd3\xb8c\x8cC\
U<N\xd0\xf4\xbb\x13\x5c\x86\xc7\x19i!*-\x9d\
\xac\x03\xa6\xd0\xb1RJ7+\x8a\xec:\xf0\xe5\x02^\
\xdbXv\x0a\xf8\xd1\x95E]\xc92\xday&\xba.\
[h\xd0\xb4\xfb.Q\xf9R\xb7_\x1eL\xf0\xc7\x11\
<\x9d\x08\xf2{\xc0U\xdd0H%\xcc\xef\xbf\x8ab\
\xd0v\xadV\xdd\xc2\x80\x1d\x0c\xaa\xb9\x5c?K-\x95\
\xc7qg\xb9\x92T\xcb\xa0l#\xd5<<\xaep5\
\xa5\xf7\xe6\x82\xe1\xebA\xef\x1ec,\x10P\xa1WJ\
\xe7\x13\x179\xd8'\x92h\x8e\xb6\x9e+\x15\x96 ,\
\x99JS\x177\xef\xb6l\x7f=j\xdf\x22`\xaci\
Z|-(5L\xb8/\x9e\xa8\x98\x9b\x9d\xb4\x89\xab\
\xf5+\x86\x1b\x8fZ\xb4c!\x9a*`|\xa1\xcf\x17\
L\xddh\xc0\x16S\x8c\x14\x5c\xad\xa3-A\xa3\x10R\
\xbc\xd0\x80\xd1Z\xc8s\xea\x01\x0d\xe4\xe2\xae\xa4\xad\xde\
YT\xc5k\x194\xba%\xf5\xd5\xaae\x150\x99B\
\x82\x1d\x0aJ\xe9Zg4\xb0\x9es0\xd2=V\x0b\
\xbe\xa6l\x12\xf4\xd1\x97*\xd5b\x0c#\xf7\xfcy\xd0\
\xa7\x00\xb1\xa0:\xd7\x9a\xef\xb6\x22U{&\x8e\x96#\
e\xd1\xe8\x96\xda\xbe\x16Z\x80\xaf)\xf4\xaab\x8c\xf4\
\x8d\x14\x94\xc5\xa4\x8d\xb7\xe2\xc2{\xb8W\xabit\x8f\
\xd2\xf7 \x5c`\xfa\x9fb\xb2l\x9f \xf7\xd0F\xac\
\xd4\xb0\xad6Y\x0d\xfe\xefL\xc1\xb9\x9ds\x96\xdd3\
\x19\x7f\xbc\xcbz\xb2\x0a5\x92\xae\x0f\xa3\x14\xac\x8d\xf6\
\xb5\x13\x01\xce\xb8\xa9+YU\x0e?\xff\x05C\xf9O\
\xfc\xdc\xdbZ?\x1f\xf77}\xdd\x86{\x8e\xf4!f\
\x00\x00\x00\x00IEND\xaeB`\x82\
\x00\x00\x11\xd2\
\x89\
PNG\x0d\x0a\x1a\x0a\x00\x00\x00\x0dIHDR\x00\
\x00\x00F\x00\x00\x00S\x08\x06\x00\x00\x00\x225q\xac\
\x00\x00\x00\x09pHYs\x00\x00\x0b\x13\x00\x00\x0b\x13\
\x01\x00\x9a\x9c\x18\x00\x00\x0a\xe6iTXtXML\
:com.adobe.xmp\x00\x00\
\x00\x00\x00<?xpacket beg\
in=\x22\xef\xbb\xbf\x22 id=\x22W5M\
0MpCehiHzreSzNTc\
zkc9d\x22?> <x:xmpm\
eta xmlns:x=\x22ado\
be:ns:meta/\x22 x:x\
mptk=\x22Adobe XMP \
Core 10.0-c000 2\
5.G.ef72e4e, 202\
5/06/27-18:54:05\
        \x22> <rdf:\
RDF xmlns:rdf=\x22h\
ttp://www.w3.org\
/1999/02/22-rdf-\
syntax-ns#\x22> <rd\
f:Description rd\
f:about=\x22\x22 xmlns\
:xmp=\x22http://ns.\
adobe.com/xap/1.\
0/\x22 xmlns:dc=\x22ht\
tp://purl.org/dc\
/elements/1.1/\x22 \
xmlns:photoshop=\
\x22http://ns.adobe\
.com/photoshop/1\
.0/\x22 xmlns:xmpMM\
=\x22http://ns.adob\
e.com/xap/1.0/mm\
/\x22 xmlns:stEvt=\x22\
http://ns.adobe.\
com/xap/1.0/sTyp\
e/ResourceEvent#\
\x22 xmlns:stRef=\x22h\
ttp://ns.adobe.c\
om/xap/1.0/sType\
/ResourceRef#\x22 x\
mlns:tiff=\x22http:\
//ns.adobe.com/t\
iff/1.0/\x22 xmlns:\
exif=\x22http://ns.\
adobe.com/exif/1\
.0/\x22 xmp:Creator\
Tool=\x22Adobe Phot\
oshop 27.3 (Wind\
ows)\x22 xmp:Create\
Date=\x222026-02-09\
T18:59:01-06:00\x22\
 xmp:ModifyDate=\
\x222026-02-26T17:5\
3:56-06:00\x22 xmp:\
MetadataDate=\x2220\
26-02-26T17:53:5\
6-06:00\x22 dc:form\
at=\x22image/png\x22 p\
hotoshop:ColorMo\
de=\x223\x22 xmpMM:Ins\
tanceID=\x22xmp.iid\
:561b0148-17a9-0\
141-a027-dd3eb9c\
a21c5\x22 xmpMM:Doc\
umentID=\x22adobe:d\
ocid:photoshop:c\
11a87c8-0234-3b4\
c-b0e4-ee39344c1\
afa\x22 xmpMM:Origi\
nalDocumentID=\x22x\
mp.did:5362cc97-\
a2ba-cc4e-b8e1-4\
97e5a8d90d8\x22 tif\
f:Orientation=\x221\
\x22 tiff:XResoluti\
on=\x22720000/10000\
\x22 tiff:YResoluti\
on=\x22720000/10000\
\x22 tiff:Resolutio\
nUnit=\x222\x22 exif:C\
olorSpace=\x221\x22 ex\
if:PixelXDimensi\
on=\x2270\x22 exif:Pix\
elYDimension=\x2210\
7\x22> <photoshop:T\
extLayers> <rdf:\
Bag> <rdf:li pho\
toshop:LayerName\
=\x22MET\x22 photoshop\
:LayerText=\x22MET\x22\
/> </rdf:Bag> </\
photoshop:TextLa\
yers> <xmpMM:His\
tory> <rdf:Seq> \
<rdf:li stEvt:ac\
tion=\x22created\x22 s\
tEvt:instanceID=\
\x22xmp.iid:5362cc9\
7-a2ba-cc4e-b8e1\
-497e5a8d90d8\x22 s\
tEvt:when=\x222026-\
02-09T18:59:01-0\
6:00\x22 stEvt:soft\
wareAgent=\x22Adobe\
 Photoshop 27.3 \
(Windows)\x22/> <rd\
f:li stEvt:actio\
n=\x22saved\x22 stEvt:\
instanceID=\x22xmp.\
iid:5e58fed0-21a\
c-364a-849d-8cb9\
16c3b51f\x22 stEvt:\
when=\x222026-02-10\
T18:04:33-06:00\x22\
 stEvt:softwareA\
gent=\x22Adobe Phot\
oshop 27.3 (Wind\
ows)\x22 stEvt:chan\
ged=\x22/\x22/> <rdf:l\
i stEvt:action=\x22\
saved\x22 stEvt:ins\
tanceID=\x22xmp.iid\
:d1a3e0e9-5997-7\
f45-b439-c9cb272\
ba30a\x22 stEvt:whe\
n=\x222026-02-26T17\
:53:56-06:00\x22 st\
Evt:softwareAgen\
t=\x22Adobe Photosh\
op 27.3 (Windows\
)\x22 stEvt:changed\
=\x22/\x22/> <rdf:li s\
tEvt:action=\x22con\
verted\x22 stEvt:pa\
rameters=\x22from a\
pplication/vnd.a\
dobe.photoshop t\
o image/png\x22/> <\
rdf:li stEvt:act\
ion=\x22derived\x22 st\
Evt:parameters=\x22\
converted from a\
pplication/vnd.a\
dobe.photoshop t\
o image/png\x22/> <\
rdf:li stEvt:act\
ion=\x22saved\x22 stEv\
t:instanceID=\x22xm\
p.iid:561b0148-1\
7a9-0141-a027-dd\
3eb9ca21c5\x22 stEv\
t:when=\x222026-02-\
26T17:53:56-06:0\
0\x22 stEvt:softwar\
eAgent=\x22Adobe Ph\
otoshop 27.3 (Wi\
ndows)\x22 stEvt:ch\
anged=\x22/\x22/> </rd\
f:Seq> </xmpMM:H\
istory> <xmpMM:D\
erivedFrom stRef\
:instanceID=\x22xmp\
.iid:d1a3e0e9-59\
97-7f45-b439-c9c\
b272ba30a\x22 stRef\
:documentID=\x22xmp\
.did:5362cc97-a2\
ba-cc4e-b8e1-497\
e5a8d90d8\x22 stRef\
:originalDocumen\
tID=\x22xmp.did:536\
2cc97-a2ba-cc4e-\
b8e1-497e5a8d90d\
8\x22/> </rdf:Descr\
iption> </rdf:RD\
F> </x:xmpmeta> \
<?xpacket end=\x22r\
\x22?>\x03,i\xf5\x00\x00\x06\x92IDATx\
\xda\xed\x9c]n\xe36\x10\xc7\x85-\x8a\x02=M\xf7\
\xe3e/ \x06\x1b\xa0/\xd1\x8b\xf7\x0a\xd2\x01\xfa\xb8\
\xb9@\x8a\x02\xb9\xc2\x9e\xa0H\x17\xf1\x0d\xda\xb7\x9c\xa0\
Gq\xa3X\x94\x87\xc3\xff\x0c\x87\x94dgQ>\x0c\
\x1c\xcb6-\xfe8\xdfd\xdc\x1c\x0e\x87\xa6J,\x15\
B\x05S\xc1T0\x15L\x05S\xc1T0\x15L\x05\
\xf3?\x03\xf3\xc7\xb7\x7f\x0f\xdf\xa3l\x0af\xfc\x82_\
\x7f\xfbZe\x92\x170\x15\x0a\x96\xa6B\xa8`*\x98\
\x0a\xa6\x82\xa9`^\x1f\x98\xe1\xf7?\xab<K\x00\xe6\
5\xddX\xffJ\xe04UK\xb0\xbcz0\xcds\xd5\
b\x915\xc6\xbb(\x18\xebD\xa9\xf4\xf77\x87\xe1Y\
\x8e\x8f\xdd\x8b\xf4\xf3\xf3\x1bu\x92\xd2xt\xcc~\x1a\
c30\xe6\xd5%7\xc4o\x90N\xbag08\x10\
\xfe8\x90I\x86\xdf\x17\x8f\xc9e30\xfe&>~\
\xf8t\xf8\xf8~\x92\x0f\x9fN\xcf\xa7\xc7p\xc5\xba\x08\
\xd0\x00n:~_\xc7`\xda!\xd3\xeb\xc3\xb9\xc0\x04\
 \x04\xe1\xea\xack\x8a\xbe\xca\x83\x00\x13kV\x075\
l8'\x98\xfd\xdb\xab\xc3\xe3\xb3\x1c\x1f]\xf0(\xfb\
\x0d\xcb\x84\xe5\xc9\x0f\xd1\xa4;\xa8\x91\xd2\x22l\x0b\x86\
\x98\xcf\x08a\xff\xee\x08\xc8\xcb\xf8<\x04\x83'7D\
\xafu\x01@i\xc2\xe8\xef!q\xfdL\xa6t=\x9b\
\xcc\x11\xcaQK8$\xaf9x\xe2]\x91)I\xfe\
\x04;\x7f\x1c\xd9\xb6w\xbe\x13\xa0\x19\xcadJ\x8f\x04\
\x12\x0a\x9b\x12\x14\x14\x92{\x06\xe4\xa4Mrt\xc2c\
t\xdb\x82\x09\xe0\x90(\xb4\x7f\x1b\x9b\x13\xf75ZD\
\xb2\xe67H\x9b\xd0g\x9e\x9e\x9e^\x84~\xf7*\x09\
^*\xd3\x0c5'\x04\xe4\xa1\xec\x15s\xea\x13+N\
'\xe6?\x9f\x93,J\x9f_T\x12\x8c\x03\xdc~v\
\xc9\x14<\xcaifH\xd7\xb3\xaf\x91\x9cpJS\xfc\
\xc4\xe8\xe4n?\xb7\x93\xb8I\xda\xac\xcf\xeb`\xee\xf4\
j\xd7C\xf9\xb2kM\xb5I\xe4s\x88\x06i\x19\xe9\
\xa0\x98\x01\x9f\x98\x9f\x9c\x15\x8a\xf4\xf9EE\xa4\x07c\
\xd1\x18T\x22\xf0\xecw\x10\xfc\x82\xc5?`8\xc7E\
\xb3j\xcb*`\xe8\xaa\x94h\x8c\x1c2\xe5\x8c\xb5\x04\
\x0c\xd5\x18n*\xdag\x8b}\xcc\xe9\x8bO+\x92\x1d\
\x9d\xde\xa5\x9dn\x09\x14?9\xaf-\x14\x8cEV\x02\
\xe3\x92`\xb8\xd3}$\xc9\x1d\x0d\xd3\xa8\x90\x1b\xafY\
aH\xa6t\x04\xe4L\x9f_\x14\x95\xf8jx\x93\x82\
\x83\xcdZrMj&G\xea\xa6\xab\xa8\x80\x1c\x80\xa6\
X'\x962\x97\xd4u\xef\xeb\x8a\xc1x \x1e\x90\xe4\
g\xe2B\xd2\x05yKlF\xb4\xe0\xbb\x09\xbe\xcb\xba\
\xe2%\x82\x1ct\x0c\xe6\xcenF\xdc\x8e\xb5B\x92V\
\xd84\xfb\xe5\xb9\x0bM\xe6\xa8Vz\xf8Z4\x19\xe5\
\x9f\xbf\xeeE\x00\xe3k\x92P\xcd\xcf\xd6\x18\x1e\x8dN\
~\xc6\xe9\x1a\xf3\x9e\xe5.B\xa3\x8a;\x5cj\xaat\
\x12\xd6I[\xa1x\xa1\xfe\xa8\x00\x8c\x8b\x12(\x9a/\
\x94\xb56;X\xf6\xfb\xb1G\x19o\xfc\xef\x87p\x22\
\xfcy\x96<\x84\x00\xa9\xe6,\xd0\x9860#\x09\x0c\
\x94;\x1c\xcay\x83\x8a~W\xf1\xe4\x8d\xb2*\x98P\
s\xf4\xe8\xa4\x95\x18~\x5c\x14\x91\x10\x18d\x16\xd9\x9a\
\xf4p\xaf\x9ab\x16\x980L\x879\x02\x05\x94\xb3\xa7\
C\xc7F\xfd\x16o\xae\xc8oXLDs\xc4\xda\x18\
\x85`xDr\xe6d/\x95\x19\xa3\x16\x03\x07\x93\x9a\
lN$Z\x0d\x0c5\x99X[\x9c\xea\xd5-p\x90\
9y\xc7\x9b\xd2\x0c\xab\x88f\xf6\xb0\x08\x8c\x03\xa1\xba\
\x8dLl\xa9\xd6p\x93Z<\xe9\x0c\xa8\xd9y\x0cO\
\xb8\x90\x19\xd1k\x97\x82\xb3\x04\x9a\xadQe0\xa5\x17\
M\xd9\xb5\x81#\xce\x0a\xddJ\xbf\x06\x85o\x13\xa0\xc2\
\x5c\xa7\xb8\xb5\xc9;c\xdc|\xb8I\xe5\xc2A=\xdb\
Ah?\xac\x96\xe4q\xf3\x99\xaa\xf9\xacF\x15\xcdz\
Qr\x87\xcd\xaa\xcd\xea\xee\xd1\x0d4\xa9\x07\xbcF\xd4\
\x914E\xd2\x96\x05\x09\x9e\x13|O\x9b\xd5\xe1\x934\
d\x00\x1b\xf8K\x01\xa1\xb1\xb5\x1d\x8fF;\xea\x157\
\x9a\x11\x10\xeas\xd2\x91*uV\x85B\x90z\xc2K\
\xcf\xd8\xa4\xa0dW\xd7a\xc3\x8aCq\x91VI\x15\
8jx\xf3m\xd3\xd4\xf6\x0a}\x1fooH\x1bz\
\xc8<\x8b\xc1pm@\xe6\xa3\x09\xaa\xc0S=^\xf4\
\x9a\xd6\xf5\xa3\xfb\xe3{\xd6-\xe4P\xb5h\xd4\x97u\
\xf0\x989\x09\x91\x09\xe5>\xfc\xe8\x17\xdf\xc8\xd7\x0e\xf5\
p\xcd\xa2\xef\xf1\xd7\xf6\xec$\x05\xed\x16\xbe\xf9\xe1\x8d\
\x08\xb9XcP\xeb!\x00!\x98\x16\x8af\xfe&\xf0\
\xf9\x98\xf4\xc1\x9f\xc8\x04\xa8\x19\xb1\xfdpz\x90@\xd2\
\xc4U\xc1\xf0\xbe/\x9f\xfc,\xbb6\xf2I\xb4U\xa9\
\x9d<H\x1d\x0d\xe3;\x09\x1c\x8a\xbf\xf6\x18\x99\xd4\x8a\
>F\xda>\xe1\x9a\x81\xfd\x8f\xde\xc7\xe1\xd7J\x1b\xdb\
\x14\x0c\x0d\xcb\xbe\xc7\xfc\xed\x97\xb6\xe8\x08l\xde\x16\xed\
\xce\x96\xe4q\x0d\x8b\xb3f\xd4\xc6\xd0\xcd\x12u\xf6\xa8\
v\xd0\xdc&4\xa7\xab\xa8mj:\x98\x90\xb7w\x8d\
B\xb3\xcd\xc7\xa0P/\xf5\x92\xe3d\xf2\x04T\xeb\xd3\
\xf8\xeb?\xff\xf4#\xdc2\x99\xc77$\xa160w\
Zs\x9c:a)\x9cKZ\xe5\x22\x183\xd8]\xe8\
\xc7\xfc\xdf\x96,W\xca\xca\xb3\xb6\x99K\xce\xc7 M\
\xc1\xb5\x14\x88d\x91\x16\xb4B{Cn\x92\xa5\xda\x94\
\xba/\xb4\x95-E'\xaa\xd2&\x90\x9a\xacbV;\
\xad\xefsZm\xad\xe9\x8d\x1c\xfc\x17\x16)7\x02\xe3\
@\xc8v\xaa\xea\xa2\x95\x8b\xdf\x17N\x1e7\xc8,\x1a\
#\xdd\x8737\xd6\x9a\xd2C\x88\xe2\xea\xefR\xd1\xc9\
\x09N\x16\xef[\xa1\xd7KL)\xe7\xc4F\xb6\xf3\x95\
M*\xd6\x0e\xee8\xb1\xc6\xb4B$\x0b5\x07u\x0b\
\xa5\xc6\x15\xf2\x83\xe8\xac\xde&\x1a#\xd7P\xa1c\x8d\
C\xb4\x94$:U{|\x0eEW?\xad1\x8e\x85\
\xeb\xbc\x86Z\xb3\xf4\x5c/\x8e \xa9lXn\xb2\xa3\
H\x85\xca\x09K\x83\xdb\xbf/\x8e\x8e\x1b\x83\xa1E!\
_y\x9e\xdc\xc59\x89%\xaa\xb9U\xf6\xb3i^\xb4\
YT\xb2e\xc5\xa7\x1d\x05)\xa7A\x8f\x92\x1f\xe2\x9b\
p9\x0d\xf1\xd8\xcc\xcf\x08\x86j\x0e\xf7\x1brM$\
\xfb\x15\x04\xa7\xe4\xb8G\x98\x05_\x08LlZqT\
\x92\xfc\x07\xda\xf6\xe5Yo9\x18\x07\x17\xeb\xec`0\
 \xdcr\xd0\x0bR\x87k\xa4\x223\x8a#\xa4\x09L\
\x7f\xa6\xff\x9a\x95\xcd\xc6\x19\x92E\x97u\x02\x22\x8a\x94\
\xbb\xbcCO\xcd\xa5\xfe\xb5XR\xf1[PQg7\
\x99H\x13\x9f;u3\x98\xf1\xa7\x98.\xf9\xbf\xd7\xb8\
Dh\x8bv7q\x0a\x81\xdb\x1c\x1a\xe0\x91\xc9\xfc\xe3\
]\x97\xf8\x0d\x06|\xb8z\x19\x14\x1c%\xb1\xb3Gc\
\xfb_J\xfb\xee\x7f\xeem\xab\x9f\x8f\xfb\x0f9\xaf\xb7\
\xdcT\xbc\x84m\x00\x00\x00\x00IEND\xaeB`\
\x82\
\x00\x00\x11\x84\
\x89\
PNG\x0d\x0a\x1a\x0a\x00\x00\x00\x0dIHDR\x00\
\x00\x00F\x00\x00\x00S\x08\x06\x00\x00\x00\x225q\xac\
\x00\x00\x00\x09pHYs\x00\x00\x0b\x13\x00\x00\x0b\x13\
\x01\x00\x9a\x9c\x18\x00\x00\x0a\xe6iTXtXML\
:com.adobe.xmp\x00\x00\
\x00\x00\x00<?xpacket beg\
in=\x22\xef\xbb\xbf\x22 id=\x22W5M\
0MpCehiHzreSzNTc\
zkc9d\x22?> <x:xmpm\
eta xmlns:x=\x22ado\
be:ns:meta/\x22 x:x\
mptk=\x22Adobe XMP \
Core 10.0-c000 2\
5.G.ef72e4e, 202\
5/06/27-18:54:05\
        \x22> <rdf:\
RDF xmlns:rdf=\x22h\
ttp://www.w3.org\
/1999/02/22-rdf-\
syntax-ns#\x22> <rd\
f:Description rd\
f:about=\x22\x22 xmlns\
:xmp=\x22http://ns.\
adobe.com/xap/1.\
0/\x22 xmlns:dc=\x22ht\
tp://purl.org/dc\
/elements/1.1/\x22 \
xmlns:photoshop=\
\x22http://ns.adobe\
.com/photoshop/1\
.0/\x22 xmlns:xmpMM\
=\x22http://ns.adob\
e.com/xap/1.0/mm\
/\x22 xmlns:stEvt=\x22\
http://ns.adobe.\
com/xap/1.0/sTyp\
e/ResourceEvent#\
\x22 xmlns:stRef=\x22h\
ttp://ns.adobe.c\
om/xap/1.0/sType\
/ResourceRef#\x22 x\
mlns:tiff=\x22http:\
//ns.adobe.com/t\
iff/1.0/\x22 xmlns:\
exif=\x22http://ns.\
adobe.com/exif/1\
.0/\x22 xmp:Creator\
Tool=\x22Adobe Phot\
oshop 27.3 (Wind\
ows)\x22 xmp:Create\
Date=\x222026-02-09\
T18:59:01-06:00\x22\
 xmp:ModifyDate=\
\x222026-02-27T13:2\
4:31-06:00\x22 xmp:\
MetadataDate=\x2220\
26-02-27T13:24:3\
1-06:00\x22 dc:form\
at=\x22image/png\x22 p\
hotoshop:ColorMo\
de=\x223\x22 xmpMM:Ins\
tanceID=\x22xmp.iid\
:a71c99bd-6345-4\
04b-901d-223a703\
65788\x22 xmpMM:Doc\
umentID=\x22adobe:d\
ocid:photoshop:b\
8b53189-7ee0-6e4\
c-964f-76985ed28\
ddf\x22 xmpMM:Origi\
nalDocumentID=\x22x\
mp.did:5362cc97-\
a2ba-cc4e-b8e1-4\
97e5a8d90d8\x22 tif\
f:Orientation=\x221\
\x22 tiff:XResoluti\
on=\x22720000/10000\
\x22 tiff:YResoluti\
on=\x22720000/10000\
\x22 tiff:Resolutio\
nUnit=\x222\x22 exif:C\
olorSpace=\x221\x22 ex\
if:PixelXDimensi\
on=\x2270\x22 exif:Pix\
elYDimension=\x2210\
7\x22> <photoshop:T\
extLayers> <rdf:\
Bag> <rdf:li pho\
toshop:LayerName\
=\x22MET\x22 photoshop\
:LayerText=\x22MET\x22\
/> </rdf:Bag> </\
photoshop:TextLa\
yers> <xmpMM:His\
tory> <rdf:Seq> \
<rdf:li stEvt:ac\
tion=\x22created\x22 s\
tEvt:instanceID=\
\x22xmp.iid:5362cc9\
7-a2ba-cc4e-b8e1\
-497e5a8d90d8\x22 s\
tEvt:when=\x222026-\
02-09T18:59:01-0\
6:00\x22 stEvt:soft\
wareAgent=\x22Adobe\
 Photoshop 27.3 \
(Windows)\x22/> <rd\
f:li stEvt:actio\
n=\x22saved\x22 stEvt:\
instanceID=\x22xmp.\
iid:5e58fed0-21a\
c-364a-849d-8cb9\
16c3b51f\x22 stEvt:\
when=\x222026-02-10\
T18:04:33-06:00\x22\
 stEvt:softwareA\
gent=\x22Adobe Phot\
oshop 27.3 (Wind\
ows)\x22 stEvt:chan\
ged=\x22/\x22/> <rdf:l\
i stEvt:action=\x22\
saved\x22 stEvt:ins\
tanceID=\x22xmp.iid\
:09d3b652-74a3-4\
74b-80ee-111d2c1\
aebc1\x22 stEvt:whe\
n=\x222026-02-27T13\
:24:31-06:00\x22 st\
Evt:softwareAgen\
t=\x22Adobe Photosh\
op 27.3 (Windows\
)\x22 stEvt:changed\
=\x22/\x22/> <rdf:li s\
tEvt:action=\x22con\
verted\x22 stEvt:pa\
rameters=\x22from a\
pplication/vnd.a\
dobe.photoshop t\
o image/png\x22/> <\
rdf:li stEvt:act\
ion=\x22derived\x22 st\
Evt:parameters=\x22\
converted from a\
pplication/vnd.a\
dobe.photoshop t\
o image/png\x22/> <\
rdf:li stEvt:act\
ion=\x22saved\x22 stEv\
t:instanceID=\x22xm\
p.iid:a71c99bd-6\
345-404b-901d-22\
3a70365788\x22 stEv\
t:when=\x222026-02-\
27T13:24:31-06:0\
0\x22 stEvt:softwar\
eAgent=\x22Adobe Ph\
otoshop 27.3 (Wi\
ndows)\x22 stEvt:ch\
anged=\x22/\x22/> </rd\
f:Seq> </xmpMM:H\
istory> <xmpMM:D\
erivedFrom stRef\
:instanceID=\x22xmp\
.iid:09d3b652-74\
a3-474b-80ee-111\
d2c1aebc1\x22 stRef\
:documentID=\x22xmp\
.did:5362cc97-a2\
ba-cc4e-b8e1-497\
e5a8d90d8\x22 stRef\
:originalDocumen\
tID=\x22xmp.did:536\
2cc97-a2ba-cc4e-\
b8e1-497e5a8d90d\
8\x22/> </rdf:Descr\
iption> </rdf:RD\
F> </x:xmpmeta> \
<?xpacket end=\x22r\
\x22?>$F\xfe\x81\x00\x00\x06DIDATx\
\xda\xed\x9cKn\x1b9\x10\x86\xfb>^\xc6\x9b\x5c\x80\
\x04,`\xf6\x9d+h\xd0\xdef\xe9\x5c@\x83\x01r\
\x83$'\x08\x949\x83bo|\x82\x1cE\xa3W5\
\x8b\xc5\xbf\xf8\xe8\xa7g\xc2E\xa1%\xb5\xd4j~\xac\
7)5\xc7\xe3\xb1\xa9\x12J\x85P\xc1T0\x15L\
\x05S\xc1T0\x15L\x05S\xc1\xfcf`\xfe\xfe\xe7\
\xd7\xf1\xbf(\xb3\x829\x7f\xc1\x1f\x1f\xbfU\xb9\xc9\x05\
L\x85\x82\xa5\xa9\x10*\x98\x0a\xa6\x82\xa9`*\x98\xb7\
\x07\xe6\xcf\xbf\xbeW9\x89\x07\xe6-\xdd\xd8\xf6\x8d\xc0\
i\xaa\x96`\x99\x05Ls\xaa44y\x8b\x10\xb6K\
\x80!\x00\xaf\x8fwP\xd6\x80\x14\x9b(\xed^f\x01\
\xa3Ay\xed0\xa4\x92\x01\x94h \x9c\xa4N\x9f\xb0\
\xe5\xc1t\xec\xd8\xe9\x1a\x94\xf3\xfe\x1c\x0dLi\xed\xba\
`:e\x962\x06\x1b@\xed\xf2\xb5\xaf\x14\xc8z\x1a\
\xd3\xc5U8G\x13\x90\x0c\x19|\xcc\xbc\xd7\x01\xd3E\
l\xbc\xf3o\x8e\xe4\xd3\x07{\x12s|j\xcd\xe51\
\x1dI&\x83\xb4(\x98.\x02!\xa2\x1dn\xe0\x12\x88\
\xe9_\xe3\xcf%$8\x19]\xb9\x19-\xe7c\x94\xe7\
R;$\x14\x09\xc0=7B\x83L\x08(\xc7\x97u\
\x0b\x82\x89\xc2\x11\xb3\xc4\x07\xca\xc1\xb8\x81\x87\x008\xcc\
\x10\xa0\xf1\xde3$L/\x03&\x11A$\x94\xcb@\
[\x13\xf8\x10~\xfer\xed\xd7Wx\x9e\x03\xcd\xf5=\
\x93\x80)I\xbc4\x1b\xa7\xf3\xbe\xbf\xf0\xb5\xa1\xbf\xc6\
\x0d\x80\xf4'\x12Lq\x04\xeb\x9c)\xa7k\xa5]\xbc\
\x8e8_\xe4\xfd\xfd\xe6\xf8\xfe\xdd\xc3\xe9\xf8\xe0\x8e\xf4\
\xf8&\xb1\x1b\xd2|\x8a:\xa0\x00\x8c\x89\x038\xbd_\
\x8a\xa69\xc9\xac9WSz\x08\xbdl< \x0e\xd6\
\xc6\x03\x84\x9cm\xa9p_2\x0aLw\x97]\xa75\
YP\xd8\xe0\xcd\x97\xe7\x8bX._\xcf\xf2r9\x9e\
\xcf\xd1{\xf9M\xc5\x06\x90\x02\xe3\xf9\xa2\xd6\x8c\xd2\x98\
\xdc\xe2\xb5\xc9\xf5+\xa4)\x0e\xc2\xcb\x0d\xca\xf5\xb1\xb9\
=\xa6#\x9a)\x1eVs\xe0\xd0\xeb\xce\x1f\xe9~F\
\x83\x12\xf8\xbcL8\xe5\xa6\xc44\xe7\x0a\xe9\xb9\x87A\
Z\xe3\x81\xe9\xc2(\x94\x1a\x88|M\x86e\x1e\x9d4\
\xe1\xdf\xd9\x83\xe9&\x06\xe3\xc1aN\xd7\xde\xcc\xca\x03\
\xf3\x05\x83!3\xa0\xd9O\x0d\xcc9^\xdb\x87p\x14\
\x9d\x92\x9f\xe5a\xfeq\x060\x9eY\xbdc\x0e\xf8\xfe\
\x01F*\xae\xbe2\xb2\xa44\xa78\x1c+\x9a\xc2s\
\xa4r0\xbbq\x1d\xb1 *)\x8e\x97g\xb1?\x7f\
|\xeeE\x1bl\xec\x1c\x7f\x8f|\x1f\xbf\xf6Y>\x81\
\x84or\x8d)M\xf8|0Wm\xa1\x1b>\xecO\
G\x92\x1f\xba\xa4\xa0@\x11\xd7\x1c\xa61#\xa0pS\
2<t\x9f\x8eHc.\xda\x92\x00q\x06v\xd83\
x\x19Z\x91#\xd2\xb4g\x01\xe3\x87o\x17\xae\x1d\x9c\
\x97\xa0\x90\x1c:\xa0\xd2\xc1\xa3\xefA\xf729\x18\xee\
|]\x88~a\x91\xe9\x0a\x08%VQ\xd5\xdf\xe7\x03\
8\xec\xc3\xe7\xb1\xeb\x0fI\xf2\x9aq\x9a\xa2'{E\
`\xc4 \xc6\xfa\x1c\x09n\xb6\x04\xcf\xd7\x94\x8d\x03\xe3\
%v\xd7\xe7\xe4s\x90\x03\xce\xd1\x84\x98\x1f\x99\xc2\xbf\
L\x02F\xce\x0a\x0d\x1a\x99\x8fe5\x12,\x22\x09\xce\
\xbe\xdcW\x8cv\xba\x91\xb5\xacl0aC\xdae\x8e\
^\x04\xfa\xfa\xec\xb7!\xee\xfd\xe4\x8e\xbe\xbcTkJ\
\xa2\xd0a?\x8f\xb6\x04`\xc2~\x89K\x8e\xc2\xb6\x03\
\xcf~7\xea\xea\xe0P_3V\x08Zi\xfe\xa2\x82\
\x89\xf5P\xb5\x86TJ=\x87\xc09\xe4F\xa9\xbd\x0e\
dh\xcb!\x13\x8coN\xbc\x16A\xad\xc9\xdc5d\
d&\xa5\xe6\x13+\x11\xa4\xf9\x94n\x22ht\xff\x12\
6\x98C\x18\x16\x9a]\xc9\x0e\x08\xe9\xd3\xf8\x04\xa4|\
\x07\xbd\x9f7\xc0%\x94I\xc0\xe4@B0\xe4B\x19\
\xf43\xb7\xf6Cj\x19\xe5\x89\xad\x12\xa4\xc1\xe0\xb5%\
\x99\xe5\x96\x9a\x11\x04\xb3U \xe9@L\xd0\xf1\x8f9\
`\xae=>\x14\x0bW\x17\xe3-O\x0b\xb4\xda\xaa\x85\
\xec,;\xaa\x5c'M\x83\x12\xce\x1c4\xa3\xeeN\x81\
b=\xd38\x9f\xb7\xac\xf6\xe2\xb5\x98\xd7$o\x8d\xaa\
q\xb2\xb5:\xdbV3<\x18\x03\x05\xe51\xb8\x07\x8c\
\xe1\x12\x1c\xd7!|\xf6@\xa1f\x14\xfa|\x89\xc6l\
\xc7\x16\x91\xd4\xa6D\x91\x09\x85y\x14\x91\xb8v!M\
\xa4Y'\x08<\xc3v`,\xf0}\xfer\xee\x103\
\x1a\x07\xa6\xef\xc5\x1auA\x9eG\x18\x0e\xc5\xd7\x10\xcd\
,\x8d\x00\xe3\x96i\xa8H\xd5\xfc\x13\xfa\xfe\xd4\xc2\xe2\
80\xbb\xefA\x0e\xf3\xd4\x02Sj\xc3-\x1bh\x01\
\x0d\xf9&~]\x02B\x9f\xe3+\x11aT\xc2\xd7\x19\
\xba\x11r\xb0\xc6\xe0\xad\x1a\xb1\xc7y\xaf\xc9\x01\x91\xc6\
\x903\xe6\x0eX\xf3srB\x16\xd9\xe7\xebG'\x9b\
t\xc22\x94\x87\x1b\x82p\x1a@\x8e\x97\xc0\xa0L\x17\
A\xe6;&\x16\x07\x93\xcai\xe2\x19\xb3\xbe)H\xcb\
E\xb4d\x0f\x01\x96&>/\x98\x9d\xe2|I\xda\xf8\
\x80u\xad\xb2AT\xf32\xdfD!\x89}\x5c\xbaD\
\x999*\xe1\x1bA\x03\xc5\xa6g\xb1\xe3\xfe\x10\xae=\
\xc5\xc0\xc4v_-\x0a\x06\x99S,\x97\xd1\x00\xaaf\
\xd5\x96\x80\xb1p{ZN\xc5?#\x184S\xc8\x84\
\x8c\x12\xc5Ptr\xe7K4&V\xd8\xae\x02\x06\xce\
~\x9b\x8aN\x16hXh\x8e\xe5`\xf0\x04,\xe6|\
\xc3\x86\x16\xd6\x0e\xaeMa\xa6k\x94\xad\xa9\x0a\x94\xbd\
\xb6\xf4jD!i'1\xa3\x09|\x0c\xca<m\xd0\
@\xd2r\x1e\xb9\xdb\x1b9\xdeX\x8b\x13\x99\xaf\xdc`\
\xb4\xf8\x0f\xb9\xd0\x86\x1e\xbd \xccq\xcc\x0ehn\xc3\
[K\x01r4f;7\x98p\xd6qr'M+\
\x16\xd5r\xc1\xe0^\x90\x9f\x0b\xad\xa21\xc9\xac7\x92\
\xd3\xa0\xe3Sf\xa8&\xf3\xd2\xf3\xa1\x95M)\x0e\xc7\
&j\x22\xabF\xa5\xfc\x88d\xd5\xad\xf6c\x7fZ8\
z\xe3P*W\xe1Q\x09e\xba\xa8\xd6\x89\xad\x1b\xf9\
\x89\x9dU3\xed\xd5\xc1h9\x0djD\xc9YF\xfe\
!U\x12\xe49w;\x0d\x98\xedh\xad1\x91,4\
U6\xd8d[\x94\xaak\xbf\xa5\x10\xcf\xa3V\xd5\x18\
\xbdG\x83\xdb\x95\xd2!C\x7f\xa4\xf8\x08\xbd\xc7+\xfb\
\xcfv\x92\x9f/_\xfe\x8ai\xca\xdf6k>F\x0f\
\xcf\x16j\x93\x0e&\x1d\xee\xc7\x8293\xe9\xff\xbck\
\xaa\xff`\xc8\xfbM@\xba\xf5\x80\xc0\x84\xe1^\x98a\
ID\xda\xe9P\xfe\x17\x7f\xf76\xd7\xdf\xc7\xfd\x0bJ\
\xc2|\xf2v\xc2t\xda\x00\x00\x00\x00IEND\xae\
B`\x82\
\x00\x00\x12}\
\x89\
PNG\x0d\x0a\x1a\x0a\x00\x00\x00\x0dIHDR\x00\
\x00\x00F\x00\x00\x00S\x08\x06\x00\x00\x00\x225q\xac\
\x00\x00\x00\x09pHYs\x00\x00\x0b\x13\x00\x00\x0b\x13\
\x01\x00\x9a\x9c\x18\x00\x00\x0a\xe6iTXtXML\
:com.adobe.xmp\x00\x00\
\x00\x00\x00<?xpacket beg\
in=\x22\xef\xbb\xbf\x22 id=\x22W5M\
0MpCehiHzreSzNTc\
zkc9d\x22?> <x:xmpm\
eta xmlns:x=\x22ado\
be:ns:meta/\x22 x:x\
mptk=\x22Adobe XMP \
Core 10.0-c000 2\
5.G.ef72e4e, 202\
5/06/27-18:54:05\
        \x22> <rdf:\
RDF xmlns:rdf=\x22h\
ttp://www.w3.org\
/1999/02/22-rdf-\
syntax-ns#\x22> <rd\
f:Description rd\
f:about=\x22\x22 xmlns\
:xmp=\x22http://ns.\
adobe.com/xap/1.\
0/\x22 xmlns:dc=\x22ht\
tp://purl.org/dc\
/elements/1.1/\x22 \
xmlns:photoshop=\
\x22http://ns.adobe\
.com/photoshop/1\
.0/\x22 xmlns:xmpMM\
=\x22http://ns.adob\
e.com/xap/1.0/mm\
/\x22 xmlns:stEvt=\x22\
http://ns.adobe.\
com/xap/1.0/sTyp\
e/ResourceEvent#\
\x22 xmlns:stRef=\x22h\
ttp://ns.adobe.c\
om/xap/1.0/sType\
/ResourceRef#\x22 x\
mlns:tiff=\x22http:\
//ns.adobe.com/t\
iff/1.0/\x22 xmlns:\
exif=\x22http://ns.\
adobe.com/exif/1\
.0/\x22 xmp:Creator\
Tool=\x22Adobe Phot\
oshop 27.3 (Wind\
ows)\x22 xmp:Create\
Date=\x222026-02-09\
T18:59:01-06:00\x22\
 xmp:ModifyDate=\
\x222026-02-26T17:5\
7:22-06:00\x22 xmp:\
MetadataDate=\x2220\
26-02-26T17:57:2\
2-06:00\x22 dc:form\
at=\x22image/png\x22 p\
hotoshop:ColorMo\
de=\x223\x22 xmpMM:Ins\
tanceID=\x22xmp.iid\
:80ac5d71-f119-3\
04f-a7b7-5a05b16\
927d0\x22 xmpMM:Doc\
umentID=\x22adobe:d\
ocid:photoshop:8\
2efe9e6-3080-064\
6-8230-29838ec4d\
256\x22 xmpMM:Origi\
nalDocumentID=\x22x\
mp.did:5362cc97-\
a2ba-cc4e-b8e1-4\
97e5a8d90d8\x22 tif\
f:Orientation=\x221\
\x22 tiff:XResoluti\
on=\x22720000/10000\
\x22 tiff:YResoluti\
on=\x22720000/10000\
\x22 tiff:Resolutio\
nUnit=\x222\x22 exif:C\
olorSpace=\x221\x22 ex\
if:PixelXDimensi\
on=\x2270\x22 exif:Pix\
elYDimension=\x2210\
7\x22> <photoshop:T\
extLayers> <rdf:\
Bag> <rdf:li pho\
toshop:LayerName\
=\x22MET\x22 photoshop\
:LayerText=\x22MET\x22\
/> </rdf:Bag> </\
photoshop:TextLa\
yers> <xmpMM:His\
tory> <rdf:Seq> \
<rdf:li stEvt:ac\
tion=\x22created\x22 s\
tEvt:instanceID=\
\x22xmp.iid:5362cc9\
7-a2ba-cc4e-b8e1\
-497e5a8d90d8\x22 s\
tEvt:when=\x222026-\
02-09T18:59:01-0\
6:00\x22 stEvt:soft\
wareAgent=\x22Adobe\
 Photoshop 27.3 \
(Windows)\x22/> <rd\
f:li stEvt:actio\
n=\x22saved\x22 stEvt:\
instanceID=\x22xmp.\
iid:5e58fed0-21a\
c-364a-849d-8cb9\
16c3b51f\x22 stEvt:\
when=\x222026-02-10\
T18:04:33-06:00\x22\
 stEvt:softwareA\
gent=\x22Adobe Phot\
oshop 27.3 (Wind\
ows)\x22 stEvt:chan\
ged=\x22/\x22/> <rdf:l\
i stEvt:action=\x22\
saved\x22 stEvt:ins\
tanceID=\x22xmp.iid\
:d34a0593-0325-c\
348-ac2e-6f7298f\
902b9\x22 stEvt:whe\
n=\x222026-02-26T17\
:57:22-06:00\x22 st\
Evt:softwareAgen\
t=\x22Adobe Photosh\
op 27.3 (Windows\
)\x22 stEvt:changed\
=\x22/\x22/> <rdf:li s\
tEvt:action=\x22con\
verted\x22 stEvt:pa\
rameters=\x22from a\
pplication/vnd.a\
dobe.photoshop t\
o image/png\x22/> <\
rdf:li stEvt:act\
ion=\x22derived\x22 st\
Evt:parameters=\x22\
converted from a\
pplication/vnd.a\
dobe.photoshop t\
o image/png\x22/> <\
rdf:li stEvt:act\
ion=\x22saved\x22 stEv\
t:instanceID=\x22xm\
p.iid:80ac5d71-f\
119-304f-a7b7-5a\
05b16927d0\x22 stEv\
t:when=\x222026-02-\
26T17:57:22-06:0\
0\x22 stEvt:softwar\
eAgent=\x22Adobe Ph\
otoshop 27.3 (Wi\
ndows)\x22 stEvt:ch\
anged=\x22/\x22/> </rd\
f:Seq> </xmpMM:H\
istory> <xmpMM:D\
erivedFrom stRef\
:instanceID=\x22xmp\
.iid:d34a0593-03\
25-c348-ac2e-6f7\
298f902b9\x22 stRef\
:documentID=\x22xmp\
.did:5362cc97-a2\
ba-cc4e-b8e1-497\
e5a8d90d8\x22 stRef\
:originalDocumen\
tID=\x22xmp.did:536\
2cc97-a2ba-cc4e-\
b8e1-497e5a8d90d\
8\x22/> </rdf:Descr\
iption> </rdf:RD\
F> </x:xmpmeta> \
<?xpacket end=\x22r\
\x22?>\x99\x94\xb5\xec\x00\x00\x07=IDATx\
\xda\xed\x9c=v\xe36\x10\xc7y\x1e\xef*\x85\x5c\xed\
\x9eAH\xe7\x9ce{\xe7\x029\x84K\xa7L.B\
V[\xe4\x06fC\xd7\x8a)\x0b\xe4`\xe6?\x1f\x80\
\xb4\xfb\x14\x87z\x0f\xcf\x92L\x81\xc0\x8f\xf3\xf1\xc7\x80\
Rw<\x1e\xbb\xb9\xfd\xf1\xf7?\xc7\xa5\xfdE\x9e\xdf\
x\xfb\xfd\xcf\xefWm\x99\xc7\x02\xe5\xda'hm\x8f\
70\x86\x13\x98[\x82rKm\x03\xa3Xi\xf7\x9f\
\xba\x8ao\x9e?\xb7k\xf4\xe1\xf5\xd3\xd5v\xfa\x11\xc0\
\xfc\x92~\xbb\x1e\x98k_\xad\xda\xbeZ?\xa7\x81\xd9\
\x1dl8\xdd\xcf\x1e\xd4\xf1\xe5pj5}\xe6\xe3\xbc\
\xc9D\xc70\xf7\xe3YM\x18\xcc\xf1\xb5\xbfhPy\
r'0c*\xfeZ\x96\x94\xdf\x9b'\xe2M\xe6\xb1\
\xc2b\xbc\xfe\xba(\x94\xe3K\x12\x13\xa8q\x8dS?\
\x19Hn\xf4\xf5\xfc\x5c\x01EM?\xd2~8\x98\x05\
\xca\xebp\x1a4\xedtwn\x91+\xc9\xdd\xe8\xbd%\
\x09hL\x10Hn\xb0\x8f\xd3gS\x01\xd9\xb2>\x0a\
\xe5B0C1\x01\xdey\xc4_UWb\x90\xd6X\
\xf2 &\x90\xcf!,\x8e\xb9%\x85\xc4\x01\x15\x17\xf6\
\x04\xfbA\x1d{\xe7[K_\x0c\xa6\xec\xfc!l1\
<\x88\x97`\x0e\xd2\x1a\xdf\xfa\xe6\x83/?\x97D\x1f\
\x9a\x9br+\x8cXMg^\xdd\xd9Z\x160\x09Z\
L\x14\x8aj=\x85\xa5\xac\x16x\x02s\x86d\x05n\
\x0d\x94\x16\x7fv\xc4=\xad\xb4\xdd\xb9\xd6R\x0c \x95\
\xbeO\x06}i\xea^\x06\x0a\xa0S(\xda\x84\xa9k\
-\xef\x81GvU\xcb\x8dJ0\xcf\xdcZ\xde\xa0L\
=4O\xaa)ZS8\xcdR\xc8\x0aE\xc0=O\
X{\xf0\xfe\xacGD\xe4u\xa6\xb5d7bA.\
*\xabk\xc5\x1e\x8f[;\x12p-+(\xe0(n\
\x84\x8e\xad\x12x\x10\x8c\x11\xd0Z\x153\xd75<8\
\xce\x808\xbc\xc8\xc3\xd27\xd7\x073&\x11\xec\xccN\
Y\x16P\xc1\x18\xd9C\x0b\xd0\x96\x15\xd4\x82\x09/\x22\
E6b\x1a\x86F~M\xbaS\xff\xa5W>\x02\x06\
\xe9\x0fM\x0d{.b\x1d\x1b\x92\x16\xa6\xb5L=H\
\x8bR\x90\x15@D\x10}P!\xe2\xb4KSo\xba\
:\x98\xf0\xc2U\x073\xc8\x18\xc3\xe2\x0d\xd5\x1fH8\
i)\x91\xa7WW\x9bXi\x1a@\xb1@\xc6\xc1<\
\x07\xc0\x80\x18\xc3S7\x97\xd9\xd4z \x18*\xe1\x03\
J6\xe2\x1e\x91\xb8\x94\xcf]\x15|\xd7\xf82H0\
\x05\xa0$\xa4\xbcf5\x05\x98\xe7\xef\xea\x92@]u\
;\x93\xd4\x82\xb5\xf6Y.VC:\xa6\x0c\xbc@\xf9\
B\xabI\xe6\xc2\x8f[\xccb-\xa3\xb3\xd6\x01q\xa7\
\x1a\x8av\x1e\xb0\x9a\x0f\xc6\x98\x01\xeb\x18\xe3\xeajp\
x\xf0-&\xe0\x01Rd\x82\x0e$\x89%\x8c\x1e\xbf\
l\xe9a\xb8\x12J\xd7\xca\xc0\x9d\xcc\x01-\xc6\x1c\xac\
?\x19\xb3\x8f1\x06\xc4\x12\xab6\x98\xa9_\xaaw\xea\
\x80\xc0\x22\x93[\x85\x1f\x07d\xec\xd24NU\x8bX\
$\x19c<]Ok\xf5N\x08=^\x18b'\xb1\
b\x85\xf9\xda\x99\x88\xba\xaa\x16\x9f\xf7\x80\xd8J\xde\x08\
\xbeC\x09\x09f'l\x96\xb5A52\xa9\x02\xc6y\
Ln\x86\xb3\x02/\xb3*\x13\xcc\x02g\xa2ZfX\
\x15\xb0U\xcc~Y3\x94\x1a\x0b\xc6\x14\x1b\xf8\xf9\xbc\
\x12\x06\xd3XS/\xc5\x22XZD\xe5@\xdd\x22\xb2\
XP\xca\xc23\x9f\xf0:\x90\xe4+[-\xaep\xc9\
`\xb4\x88v\x81\x99pL\xd7\x003\xc8\xa2\x95\x22\xe1\
\xd7\x81$\x9c.\xc7$\x1b\x822\xf5\x0a\xa0A\x8c\x0b\
\x950\xe8\xb1*\x1c6\xeeJ0\xc4\x9dx\x86\x0a(\
U)\xfb\x93\x1do,\x08t\x1c\x13\xb6\x1a\xcd\xe2-\
\x97\x0a\xd5|\xb1O\x83\xc2\x95b\x92\xc8\xb5d\x19!\
\x95\xcb\x8b\xc5\xa5\x12\x00\xd23m\xd5C\x8bq\xc7}\
\x8eY\xd1\x82\x9b]\x0c\x9f\xc0\xd5{\xf1a\xe0\xc0L\
R\xb9\x95\x92=\xd7\x81\xff\x1f\x98\xfb\x10\xa9A\xa0\xa2\
`\x1c\xae\xf9>B\xab!'05\xc9!\x04\xcd\xd4\
\x22\xa6\x85\xf4xL*H\xddj\xaaK\x9b\xb6\xd8\xeb\
\xdd\x05\xa5\x9am\xb4\x18\xf4t_B\x9az\xc7jX\
!\xed\xb5\xaf\xca`\x17\xdf8\xa4\xea\x07u\xc1VW\
FX\x02\xe5\x1b\x98\xe3\xd3\xfe\xdc\xeee\xbc\xd0@M\
\xbd\x1f\x87&\xa9y\xa2\xb7\x9cu\xa1\x1d\xc3W\xba4\
\xa8/\x17@\x1dC\xf7\x80\xcePx+!\xa1X3\
\x80\xe78&\xd5\xee\x81u\xb5\xdb\xa9\xcd\x8b:(\xf7\
\x93j9e\xdb;\x99g\xc0V3\xf5BA\xd3\x8a\
e3\x98\xfauO\x03\xa8s\xa6\xba\xfb\xfc\x95\xc0\xd1\
!\x89\xc0\xadZOi)\xfc\xb3\xcd`\x222Z\xb5\
\x9a1\xd9u\x13\xf0^i5\xab\xa5|\xda}\x15\xd6\
c\x81\x82\x85,rl\xf46\xb7\xcew\x9fd\xa7\xe6\
\xaa\xb8\xa3A\xe2.\xf5\xdef+\x92`\x10\xa4={\
o\x0f\x8f\xe3\xd2 \x5c\xf35cJ\x8b\xa0\x8bd)\
V\x01\x9cA\xcc-CY\xc1\xec\xa1\xc5H\x10\xdaq\
\xf7P\xdc\x85k\xben}cLJ\xc1\xea`?7\
7\xd6\x0e\x02\xce\x0c\xe6\xee\xf3\x97\xe5\xb9>\xf9\xbd\x9a\
\xd5\xee\x88\xb5\xa9\x8a\x1b\xd4bp\xa1\xca+\x1e\xb5\xc4\
\x19\x9e\xba\x9d\x92#\xb5\x1cj=\xdcR$\xb4\xbd\x00\
\x93\x83\xba\xb7\x88\xf4+x\xd1 \xea\xd5h\xdd\x92\xe6\
\xc1,Kr8\x1c\x0cu\xb5;\xe1n\xef\x8d\x82\xf5\
\xc2\x83\x0b\xa6eCK\xad\xd4\xb9Z'\x99\x15\xff\x9c\
\xc69\x1cdM\x1c\x1c=\xa6X\xd9+\xc9\xc2\xad\xc7\
\x5c\xa4kZE\x9f\xe1\x8e\xc8\xad\xee\x98%\xd1\xffe\
\xab\xa1q\xaa\xccFI\xbd\xdf\xa7\x1e\x0c\xdaZE\xb7\
\x916\xae\x99\xbc\xad\x92|n\x1a\x8c\xb3\xa5\xcc\xef\x95\
\xaf\xe5_3DDb\x8c\xbb,\x18\x03\xa5\xca\x97\xe4\
\x07^\xf3}\xfb\xb6\x93O\x8a\xb5\xacV\xf3\xa5\x88=\
0\xa1\xd4\xeeD\xfa.T\xbb)\x16\xd46&\xd0\x03\
\xbc#\x13\xc5\x19\x1e\x8f>\xed\xec\xa0\x1b\xd61M\xdf\
\x01h\xd8\x12\xd5\xb5M\xaa\xda+\xa7.\x84@Y7\
\x104\x17\xaa\xa0\xe0\x8b\x8a9-\xfbL=,f/\
\xaf\xa7\xbejy\xb1\xc6\x1e\x09H\xb8?\xa8E_V\
\xa8\xd26\xf1\xbd%AQ\xaa\xec\xcdZI\xa8b\xe7\
l\xd7\xf0`\xbbn\xe1\xd8E\xfa\xb6Ed\x91\xde\x92\
]\x84B\x80\xb85LVy\x92\x17\xb1{\xa5\xa8=\
\xc0{w\xe0n\x84\x96,\x02p:3\xae\x847\xc8\
\xb5J\xff`T\xfa\xf9\xa4\x83\x05\xedI)\xb5\xc2\x15\
\xbb\xbfF3\xc1<\xc2,\xa4\xec9;e\x06\xb5\xca\
6y[ \xde{\x83\xb4.\xd3\xcdbk\xb9pV\
2\xf7}\x9c\x0d6\xfa\xbd \xbd\xd2f\xc4\x94\xa9f\
\xbbdh\xba\xf3\x0b\x85\x828\x18O\xb6W\xde)\x8e\
`\xc1mW\x15\x1e\xae\xe5\x0a\xa0\xee\xca?\x99_\x01\
\xa8\x03\xe3\xe8\x97K\xbf*\x8c\xadKq\xa9\xa97\x0b\
\xddU5\xea\xa6\xbb\x1dF+\xbe\xb4\x03\xb9\x064o\
\xd3,\xb2\x04\xd0\xbe\xf8\xd5f1\x95\xdf<\xb9\x85o\
\xf4\x87\x95y\xf4\x8e*!\x8e\x1a\xbeD~+p\xc4\
\x8dL-wmF\xcc\xf9\xa7L\xec\xf9\xc7\xba'\xaf\
\x146\xaf\xae?\xd4\xef\xc2\x04/\xf6\xf6\xfb1\x1a\xc0\
_\xbf=\x1d78e\x9b\x99\x9c\xc0d8\x1f\xa5]\
\x12\xd32\x8f\x05\xcc\xd6\xca\xb6\x81\xd9\xc0l`60\
\x1b\x98\x0d\xcc\x06f\x03\xb3\x81\xf9h`f\x09\xbd\x81\
(\xdb\xccd\xf9=\xdf\x0d\xc8\x0ae\xf9\xa1c\xf1\x0b\
\xd0\xff\xe3\x96\x7f\x01\xfa_\xc2&\xcf#\x83\x14M\xdf\
\x00\x00\x00\x00IEND\xaeB`\x82\
\x00\x00\x13i\
\x89\
PNG\x0d\x0a\x1a\x0a\x00\x00\x00\x0dIHDR\x00\
\x00\x00F\x00\x00\x00S\x08\x06\x00\x00\x00\x225q\xac\
\x00\x00\x00\x19tEXtSoftware\
\x00Adobe ImageRead\
yq\xc9e<\x00\x00\x03wiTXtXML\
:com.adobe.xmp\x00\x00\
\x00\x00\x00<?xpacket beg\
in=\x22\xef\xbb\xbf\x22 id=\x22W5M\
0MpCehiHzreSzNTc\
zkc9d\x22?> <x:xmpm\
eta xmlns:x=\x22ado\
be:ns:meta/\x22 x:x\
mptk=\x22Adobe XMP \
Core 10.0-c000 7\
9.d20e46630, 202\
5/12/09-02:11:23\
        \x22> <rdf:\
RDF xmlns:rdf=\x22h\
ttp://www.w3.org\
/1999/02/22-rdf-\
syntax-ns#\x22> <rd\
f:Description rd\
f:about=\x22\x22 xmlns\
:xmpMM=\x22http://n\
s.adobe.com/xap/\
1.0/mm/\x22 xmlns:s\
tRef=\x22http://ns.\
adobe.com/xap/1.\
0/sType/Resource\
Ref#\x22 xmlns:xmp=\
\x22http://ns.adobe\
.com/xap/1.0/\x22 x\
mpMM:OriginalDoc\
umentID=\x22xmp.did\
:5362cc97-a2ba-c\
c4e-b8e1-497e5a8\
d90d8\x22 xmpMM:Doc\
umentID=\x22xmp.did\
:26CC9EC46A6411F\
1903FE42509D796E\
6\x22 xmpMM:Instanc\
eID=\x22xmp.iid:26C\
C9EC36A6411F1903\
FE42509D796E6\x22 x\
mp:CreatorTool=\x22\
Adobe Photoshop \
27.3 (Windows)\x22>\
 <xmpMM:DerivedF\
rom stRef:instan\
ceID=\x22xmp.iid:d2\
074ee3-92f4-f24a\
-a4f8-b0155f2b3e\
2b\x22 stRef:docume\
ntID=\x22xmp.did:53\
62cc97-a2ba-cc4e\
-b8e1-497e5a8d90\
d8\x22/> </rdf:Desc\
ription> </rdf:R\
DF> </x:xmpmeta>\
 <?xpacket end=\x22\
r\x22?> ,t\xea\x00\x00\x0f\x88IDAT\
x\xda\xec\x9c\x07t\x14\xd5\x1a\xc7\xff\xbbl\x80 \x81\
\x10\x9a\x85\x12\x90\x14\x1f\x84\xa2\x04\x14\xd0@\xd0\x84b\
\x08O\xce\x83\xd0!\xa0T\x0f <\xa4\x08R\x15\x95\
\xfa\x10%(\x09\xe4A\x22`\x94*\x88\xf4\xea\x03\xf4\
Q%\x84.HIHGHB\xca\xbb\xdf\x84\xbb\xdc\
\x9d\xdc\x99\xddM6\x81\xe7\xc9w\xce\x9cdgfg\
\xef\xf7\xdb\xffW\xee\x9dI\x0c\x8b\xb6^\xc6C\xcb\x83\
\xf8\x9b\x01\xff\x17\x96~?\xdb\xd1\x97T<7q\x14\
\xc5\xf0\x01\x85\xb2'\xe0;Q\x86`|\x92\xa0\xe0\xc9\
\x11j\x9ei\xe7\xb7a\xd8\xb8|\x0e\x9a\xb5\x0e@\xfc\
\x8d+p\xae\xe8\x8a\xc1\xb3\xa2\x90\x9d\x93gq\xe6\x99\
\x03\x1b\xb0k\xed\x12Tt\xa9\x8c\xe1\xb3#\x91i\xac\
\x80\xdc\xdc\xbc\x12\x1bi\xf8{=-^\x87\xce\x8f\xb6\
\xfa\x9e2F\x03\xca\xe5\xdd\xc3\x92I\xfdp7=\x15\
\xfe\xddG\xa0a\x9b`\x8bs\x9c\xca\x18\xf0\xd5\x07\xbd\
p\xffn\x0aj<\xeb\x8e\xff\x1e\xdc\x8e\xc0~\xe3a\
J\xbcy\x15s\xc3\xa21\xb8O7\xe4\xe5\xe6\xe2\x8d\
\xf6\xed\xb0px{\x8c]\xba\x0b\x99\x0fr\x957\xdf\
\xbds\x1d;\xa2\x16 \xf2\xdf\xab\xb0yC\x0c&\xf7\
j\x89\x95;\xe3p\xe5N&\x1e\xe4\xe4\x95\x08\x8cs\
!\xefX\x1c\xf3b\xc7\xf4\xe08\x951\xa2^\xf5r\
\xe8\xe7\xef\x83A\x83\x07\xe1\xcd\xe0n\xe8\xd7\xb7\x0f\xea\
z\xbf\x84\x8a\xd5j)\xe7\x94w2b\xeeP\x7f\xd4\
z\xeeY\x1c=t\x120\x1a\xb1|U\x0c\xbe\xdf\xb0\
\x11\x86\xf5Go\xe5ulZ\x1deM\xc6|\x0d1\
?k\xd6\xac\x89\xa6LA\xfe\x03\xa6!\x87\xa9\xe2\x97\
\xad\xe1\xc8\xb9s\x01\x1b\xbe[\xab\x9c\xd3\xa5K\x17\x9c\
8y\x0as\xbf9\x84\x8b\xb7\xef)\xe7\x94\x04\x0c\x0b\
0\xdf,\xd3\x04cb*\xa8_\xa3\x02\xc6\x85\xb4B\
\x93\xc6>\xd8\xb8q\xa3\xb2?\xf8\xad\xee(S\xad\x01\
^\xea\x18\xaa\xa8i\xd7\x8ai8\xce\x14r\xfb\xf6m\
\x18\x1e\xc6pVv.\xb6\x1eO\x80i\xddWs\xf0\
\x9b{ML\x9c8!?\xc6\xd9\x09\xc7\x8e\x1dC\xdd\
\xbau\xe0\xd3\xaa\x03\xdc\x1a\xb4d!\x93\x0b\x93\xc9d\
\xfe`\xfa ooo\xcc\x1d\xd3\x0dc\xe6}\x8b+\
\x09\xf7\x8b\x04\xc7\x16\x18\xa6\x8f\xdfV~&\xef>\x04\
\x97\xedg\x94\xf3d\xaa!(u\xaa:+cs.\
_\xce\x0cE9\xc6|\xc8a\xbe\x90\x8f\xf1\xe7\x0e\xe3\
\xa7\xf5\xabp\xf5\xea\xeff(d\xf3>\xfb\x14g\xae\
\xdc\x86\xd1\xad\xda\xd3\xf8\xfc\xf3\xc5\x16\x17\xafS\xa76\
\xa2\xa3\xa31\x7f|\x1fd$\x5c\x84o`\x1f\x9c>\
}ZQ\x13\xb7\xd8\xd8X$&\xc4c\xfa\xdb\x81x\
\xba\x92\x09F\x83\xc1n\x18|#'\xf9f\xcd\xaa\xb4\
k\xa5y\x8c\xc6P\xd3\xc5\x84\x19\xef\x04*c\xa31\
\x9a\xb3)\x1b;\xf9@\xbe\xdc\xbb}\x11\x0b\xde\xef\xcb\
|\xfcF\xf1U4bAL\x8c-;\xf6Qj\x01\
\x81\x10-$$\x04\x9f/\xf9\x02\xb3\x86t\x80!3\
\x1d\x9e\xcdZ#\xb8kW\xe4\xe4\xe4\x98\xcf\xb9p\xe1\
\x02\x9e\xafW\x17#\x83\x1a\xe1A\xe2EXcc\x0d\
Fz@CE\x19|\xa3\xd7\xdcH)\xe2y\x5c]\
\x5cm\xf4\xd9YI\x17\x95\xb1\xd4gc\xa2\xb1q\xa3\
1\xd3\xd8\xc9\x07d\xa6a\xf6\xd0\x0eX\xc2|\x0b\x09\
\xe9a1\xbe|\x06\x06\x10\x13cBZ\x16\x06\x0c\x1f\
\x87A\x83\x06\x15pd\xc4\xf0a\x08\x0b[\x86OF\
v\x04\xcbS\xb8\xf6\xc7-\xec\xdb\xb7\xdf\xe2\x9c\xcd\x9b\
7c\xcc\x98\xd1X\xf4~o\xe4\xa4\x5c+\x00\xc7\x16\
ep j5\xd0k\x0e\x81\xc2GK5\xf4\x99\xf4\
\xd9\xff\x1a\xdf[\x19\xcb\x166&\xd1h\xcc\xbf\xb3\xb1\
S\x1a\xfdtd'\x84-[\x86\xe1\xcc7\xb5\x11\x83\
\x81\x8cE|j\x16\x0c\xb3\xbe;\x9fW\xa3RY,\
\x9d\xd0\x1d\x0d_\xf0Dddd\x817\x9c8q\x02\
S?\xfc\x10\x09I\xa9h\xd0\xc0\x13\x0b\xe7\xcd\x81[\
\x95*\x16\xe7\x9c=\x1b\x8b\x8cr5\xb076\x15\x8b\
Gt\xb7)\x81\x8a\xb9C\xad\x0c\xd1\xf9\xec\x89_\x99\
\x01\xf2\xfd<\xd7\xf0D\x1c\xb3\xebG\x94\xcfL`\xb9\
\xcf\xcb\xe2zI\xc9\xc9\x18=n\x02.\x9c\x8fCu\
\xb7\xca\x981}:\x9a4iR`\x1c\xfd\xfa\xf5\xc3\
\xe9\xb3q\x18\xfe\xc9:\xc4\xa7e\xe6w\xbe\x09\xe9Y\
\x18\xfeq\x14\x86t\xf0\x84\x87\x87'\xa6L\xf9\xc0\xe2\
Mt\xa1\x0d\xeb\xd7c\xcd\x9a5\x88X\x19\x89W_\
\xf3\xc3\x0b^^\xe8\xdc\xb9\x13|}}\xe1\xe9\xe9\x89\
7;\xf5\xb5\x19\x86\x96\x89\xce&K\x94\xa1\x1c{\xb8\
\x8f\x8ee\x0b*\xbaw\xfb<\x9a\xbe\xdc\x12YYY\
\x88\x8b\x8b\xc3\xd1\xa3G\xb1e\xcb\x0f8\x1b{\x0e\xb5\
Y\x1e\x195b(z\xf4\xe8!\xfd\xdc\x993g!\
**\x0aK\xb7\xc6\x81\x22\x88\xf2\x91\xa2\x18\x9e\xb82\
\xe2/`\x06\xcb)\xfd\x07\x84bE\xc4rM\x07\x8e\
\x1d\xfb\x05\x11+Vb\xdb\x96\xc3E\x86\xa1V\x0d\x87\
#\xee\xe3\x8a\xb1\xa6\x9a\x8b\x97\x8fb\xda\xb4iJ%\
\xaaT\xa92\x1a\xf9\xf8`@\xff\xfeh\xde\xfc%y\
{\xcb<\x1f\x18:\x08+W\x84cJ\xd868\xd7\
h\x80\xdc\x87\x15\xc6P\xb3\x8eg\x9e_\xb7ah\xfc\
\xea\x9b\xf9\x83\xf83\x09\x8b\xc7\xfd\x1dn\xae\x95\xb1{\
\xf7n<\xf7LM\x8b\x8b=_\xcf\xb7H0\xb8c\
\xa2S\xa2\xb3z*\x92\x81\xe4\xd08\x98\xeb\xd7\xaf\xc3\
\xc5\xc5\x05\x95+W\xd6\x1d\xc7\x1f7o\xa1];\x7f\
$\xa5\xa4\xe2\xdd\xb9\xdf\xc3\xf4\x94\x9b\xb2\xff\xe4\xfe\xcd\
\xd8\x1b\xf3%\x8co\xf5\x1d\x86\x9a\x95\x8cp5\xddG\
F\xcaM\x94\xadX\x95u\xbd\xfb\xe0Z\xcb\x1b\xeeu\
kc\xfe\xe20\x05\x06\xdf\xac%P\xb1\x92\xe8\x95[\
\xad\xc4*;_}Mu\x85\xfa%b\xad2\x1e\x1a\
_\xadZ\xb5t\xa1\x90\x22\xc8'w\xd6\xa7\x91\x8f\xe4\
+\xf9\x9c\xc9|wu\xba\xaf\xb0 &\x86l\xd6\x99\
Q\x18\xc5]\xbe\x8a\xf6mY\xeex\xb1\x0d\x82\x87\xcd\
FzF6\xe2~\xdd\x8b}\x91_\xda\xa4\x0c\xd9\xb7\
h\x8b:d\x89\x95\xef\x97\x85\x98\xec\xf3\xe2\xbb\x8c\x85\
[Co\xb3j8\x00\xb1\xb7z\x90\x93\x8bc'\xe3\
0\xb0_o$\xc4\xdfF\x97\xa13\xe0\xf5\xa2\x1f*\
\x967a\xc3\x97\x93q\xf6\xd7\x03\xd8\xb9g/<Y\
\xa9W\xdeK\xad1\xbd\xdf\xab~]l\xde\xb8\x01)\
7\xe2\xb0`d\x00.\xee\x89\x84_\xbb\x80\xfc\xcc~\
&\xb6\x80:\xac)C\xad\x0e\x8b\x04\xaa\xba\x96\x96j\
De\xa8\x95#\x1e\xe3c\xe4\xaa!\xfb3\xe3Q\xbf\
\xf5\xdbog1a\xda'J\xee|\xbey\x00\xa6D\
\xecW|\xbb\xc0|$_\xc9g\xf2\x9d\x18\x10\x0bb\
b\x5c\xb4h\x91\xf9\x02M\x9b6\xc1\xd1#G0\xfd\
\xc3\xa98\xcf\xd4\xb2`t\x90f\x8e\x90I\xdcZn\
\x91%S\x11\x9a:D\x08\x96\x1a\x8e\x08\x98\x1f\xbb|\
\xe4d\x81\xcfs.[\xc6<\xfb\x8f\x8aZ\x8d\xf9\xb3\
&\xa1Z\xf5\xeah\xda\xd0\x03?-\x1b\xaf\xf8F>\
\xce\x986U\xf1\x99|\xe7FLHky\xa9\xa9\xa9\
,\x8bW\x92\xf6/ou\x1dl\x91h\xd5\x92\xe7\x12\
\x17\xf7\xeb\x85\x07W\x9f\x13\x9b\xcb\xc8\xaa\x8b:D\xd4\
\xe7\x8aPej\x16CJ)\xbb\xcc\xc3\x8c\x8c\x0cD\
\xae\x8e\xc6Y\xa6\x9c\xe4\xc4\x04\xd4\xaf_\x0f\xc1\xc1\xc1\
\xd2~&--M\xc9Q\xa6^\xfd\x07)\x09\x8bv\
\xa8M|#\x0d\x80>T\xf9\xa6Ta\x92\xac\xa1\x12\
\xb1\xef0\xab\xe6\xa1#\x0f\x16\xc4H{\x12\x82\xc4\xaf\
M@\xe8<\xda\x92U\xe1\xa6\x06\xc2\x95\xa3\xa8\xc7\xf9\
QG\xac,/\x94/\x8fw\x06\x0d\xb4I\xd9\xc4\x82\
\x98\x18\x03\x06N\x83O\xb3\x16\xa8Z\xad\x1a\x12\x13\x93\
\xa4'\xbf\xdb\xab\x11^9\xb5O*c\xee\x98^\xb9\
\xb5e\x02(\xcbA\xe2\xf9\x04\x87\xc3\x10\xa1\x98a<\
\xb4z-\x1a[\xe4\x1a[\x8d|'\x06\xc4\xe2\x0d\xc6\
\xc4\xf8Gr\x06B&}\x8d\xe6m\x02P\xbbvm\
\xacZ\x1dU\xe0M=\xfa\x84J\x1dP'@k\x8e\
\x92\xd5\xd88OQ\x02mz\x1d\xb0,\xc1\xca\xa0\xa8\
\x7f\xa7\x9f25\xe9\x19\xf9L\xbe\x13\x83\x90\x89_\xe3\
\x06cb\xccc\x8bti\xf7\xb2\xe1\x1f:\x13!\xa3\
>\xc6\xbb\xa3F\xa3\xdd\x1b\x1d\xb1\x8b\x95.\xb5j(\
v\xf9\xe0hS$.\x19\xbc^\xdf!S\x18\x1d\x17\
\x9d!\x98\x94K\xf4\xfa\x1bY\xc2\x15\x8f\x1d\xf6y\xcd\
\xaaj\xc8G\x7f\xe6+\xf9L\xbe\x13\x834\xb6\xfem\
1%\x10\x97\x04\x8fo\x0b\xc7\x9d+\xa7\x90|\xe7\x16\
\x92\x12rq\xe0\x87\xf9\xca\xb16\x9d\xdeS>P\xba\
\x94($HY\x92\xd4\xebny\x92\xe5\xc9S\xa6\x10\
=\x10j\xeb\xe5\x9c\xa2\x8c\x93\xc2\x9f\x92\xf0\xb9s\xe7\
\xb0c\xc7\x0e4l\xe4\x83\xc4\xe44\xec\xdf\xbb\x1b\x07\
\x0f\x1e@\x15\xb6\xeeR\xd5\xbd\x11\x9au\x08-\xb0D\
k\x12_l\x0c\x9b\xc2\xca\x9c\x13\xabDApk\xfd\
7T|\xaa\x02\x9b\xc6\x8f\xc1\x9aU\xe1J8\x91j\
\xdcr\xbd\xa5\xc9OL\xa6R\xf9\xb3M61<\xbf\
f9\x92TNs8\xe2gP\xee\xb0\x05\x0eA\xd9\
6g(^\x99\xb0\xd4\xac\x9a\xe5\x11\x9fa\xe4\xc8\x91\
\xe6s\xdc\xdd\xdd\xb1`\xc1\x02\xdc\xfd\xf3\x1e\x123\x9d\
\xf0\xfd\xd7\xd3q?\xeb\x01\xba\x0c\x99Y\x10L\xdc\xaf\
{\x10{d'\xba\xf7\xec\x8d\x1fcV\xc2\xdf\xbf\x1d\
\xfa\x8c\x1d\x0bggg\x0c\x1f\xfa\x01\x03\x93\x9fk\xbc\
\x98j(\xb9\xd1\xe0\xd5p\xc4\x8a\xc2\xfb\x105\xbcx\
\xb6\x89\x0eF\xbb\xde\x05\x5c\x81\x9e)\x15\x15\xe7\xf5*\
\x0e9\xadgA\xe5L\xd86}(<z\xb0\xb5%\
\x06\x86W\xa8\xb6m\xdb\xb2\xe4\x9a\xa8,D]\xbat\
\x09\x01\x01\x01\x08\x0c\x0c\xc4\xbcy\xf3\xb0k\xd7nx\
\xb8{`m\xf4jx\xfb\xb6\x87\xe7\x8bm\xf3+\x1a\
\x0f\xa5\xf8k\xe7\xf1c\xf8t\x9c8v\x08\xe5\x1e.\
\x8c\x8b\x13G1\x9cxO#\xeb!\xd4S\x03\xf59\
j(\x9b2\xb3\xad:;\xc93\x1f\xb6X\x19\xb5\x8c\
O\x09x~\x89\xba\xef\xaa\x00\xe5\xfbeF\x0b\xe0\x8d\
\x9b\xb7B`\xe8\x87\xa8Q\xdb\xc3R1\xb4\xc3`t\
\xc2\xeb\xaf\x07`\xdf\xee\x1d\x16+qt\xd1\x85\x93\x07\
\x9a\xc3\x09\xb9\xfak*\xd6\xca\xb2\xf9\x9b\xcf\x04\x8e\x1c\
\xdd\xa2y^\x0b\xdf\xce\xf9\xe0\xe2\x0e\x99!Y\x03i\
\xf7\x9d5&\x8b\xf6\xccg\xf2\x9dC\xb1P\x8c\xb2\xd8\
\x93\x9a\x88y\xec\x9eR\xcb\xd6~X\x11\xb9\x1a\xcfU\
\xafd\xbe\xad\x22S\x8dL\xf2z\xc9\x93\x03\xd1\x83!\
\x83c\x8f\xd1\x97Hy\x8b\xac\x03\x0b'-\xd5\x90J\
n\xdcIc\xf7\x9az\xe3\xc8\xc1\xbd\x18\xfb\xc5NT\
\xa8\x5c\xf5\xd1\xc2\xbaxQ:01\xe20\xae\xddL\
@\xeb\x97}\x11\x1c\x12\x8a\xed{\x0e[\xdc\x1d\xd0\xec\
6\x05\x10\xeaF\x8cC! \x22\x14[\x9c\x16\xcf\xa7\
\xa4\x1a\xd6\xb1\xbe\xee\xf9\x04\x85r\x0cmt\xbeL!\
\xe4SW\xe6[\xab\x96\xbe\xb8\xce|%\x9fE(\x05\
\x14c\xe1\xf0\x99#\xf8\xcf\xd6UHgw!]]\
*\xc2\xbd^=\xb4\xf5,\xab\x84\x13U\xa9^\xa7\xdc\
\x0a\xe4\x0c\x9e<\xd5F\xb9A\xa6\x12\x0e\xc6Z8q\
(\xa2]\xdd\xbb\x1dC\xb6^2\x1f\xe3\xea\x10\xf3\x0c\
\x07E\xc7\xb8j\x5c\xaa:!%\xfd.\x5c\xd8\xddH\
\xba\x1bP\xafa\x0b\xf9=t-0\xe6J\x92y\x1f\
\x97\x8e\xef\xc3\xad\xab\xb1\xb8\xf8\xf3\xcf\xe6p\xe2p\xd4\
%\x94\xc3\x11\xf7s\xb5\x14%TD0\x22\x0450\
:F\xfb\x94\xca$\x14\x0f\x0e\xa6u\x8f\x01\xa8\xdf\xf4\
58\x95s\xd6__\xb26 \xba\x80W\xcb@T\
y\xb6\xbe\x02Fm\xea\xfeB\x0dJ\x0f\x0aW\x8b\x1a\
\xce?\x82\x1a\xe3\xa3\x8ff\x9b_{\xf8\x04)\x0a\xa9\
\xeb\x17 \x85\xa1\x06\xa8\xc0Q\xe5\x1d3\x9c5+\x14\
\x7f\xac\x99\xd1\xd6\xa4V\xc6T\x16\x0f\xcaf+J\xd1\
\xaa4\xe2f\xeeQlP\x88:\xf7\x88P\xee\xf4\xfa\
\x0c\xe7Om2\x87\x8d\xccD\x05\x89\xc6sMa\xcc\
f0U\x9f\xa9\x8b!s\xd6aq\xd4i\xf3\xc42\
\xca'\xc9\xb2\xfc\xaa@Qi\xd5\xcb-2#\xb5\x90\
B\xc4\xfc$\xe6\x15k\xc6CI\x0d\x8bTCc\x22\
\xd5\xa8\x1f))T(\xd9j\xd4c\x88\xa6\xd7o\x90\
\x02<|:K\xa1\x90Z\xd6m\x0a2\xc3\xa1s\x1f\
\xbd'\x08\xdb\xfc\xb4\xc3\xc7\x91f\xb2\xf7Q/z\xba\
`\xcd\xaa\xd9\xe6\xa5\x88\x8f\x1e6_\x04\x82\xe0Pk\
O\xd6SCI\x22\x1c{\x8fq8T\xb2y\xbe\xd1\
J\xc2\xb22\xce\x95\xac\xe4\x1a+\xcf\xd7\x98\x0a\xf3\xa8\
\x17\x85\x13\x9f;\xadA8\x82bb\x150\xb4\xf5,\
\xe47D\x0e\xeb\xc1RC\xd3\x02$\x83\xa1\x97\x87J\
$\x94\x08\x0cW\x89\x12Z\x99(6\xd3\x0b-2\x82\
\xa6\x05CK5b\xb4\x18\x0b3\xa8\xfcp\x0a\xd7\xcd\
3\xb2\x1cCIW\xa6\x0a[\xd5b\xb1\xc84~\x94\
n\xf8\x90\x92\xacu\xc9z\xd1Rh\xc5\xa8\xc3\xe9J\
Ll\xa1\xaeC\xe5\xd8V\x10j\xc7\xad\x99\x02\x07\xdb\
\xa5\xa5\xdeZ\xae19\xf2!\x5c\xae\x12\xae\x1c\xbd\xca\
D@x)\xd6R\x8b\x08\xc3\x16\x102\xd3\xeb\x7f\x1c\
\xd2\xc7\xa8\xb5\xa6\x17NT\x99xu\xd2\xea]\xaaE\
\xfdS\x01\xa2\x07\x85`\xf0\xcd^\xa3\x9e\xc7Z\xc2\xd5\
\xebk\x8cEI\x80b\xb3\xe7\xde\xcdr\xb9A\xdd\xf5\
\xf2Fo\xd2\xa4\xc9\xc5\xfaM\xab'\x98\x85\xb5\x22\x81\
\xd1\x0a'\xad\xae\x97^\xaf\xdbt\xd2f8\xf6\x96X\
\xae\x12{\xa0h\xa9\xc6T\x94\xdc\xa2n\xf6\xacU%\
q\xd2H\xdd\xadz\xb2\xa8\xd5\xaf\xe8U\x1fG\xa8\xa3\
P\xcb\x0e\xb0\xe1\xb1Tq)\x82W'\xady\x92\xb5\
9\x93V9\xb7g\x05O\xebA'=\xe3\xcb\x12\xbc\
B9<\x94\xec1[\x978\xb5\x124A\x10A\xe8\
-x\x97x\x8e\xd1\xabNZ\xb3h\xda\xcf7\xee\xb8\
^\x85\xe2\x8a\xe1 \xd4\x00\xd4w\x06\x0ac\xea\x5c\xe3\
\x10\xc5\xe8U'=\xa5\xe8\xc1\xe0@h\x93\xc1\xd0R\
OQ\xe08,\xf9\x16\xd5dS\x01k\xf9Dt\x9c\
\xff\xae\x05\xcd^H\xe2j\x80\xc9\x11\x7f]\xa5\xaeN\
\xb6$\x5c\xae\x1a\xd9\xba\x8c\xe8(\x7f(R\xeb\x98\x0c\
DaT3ct{\xe5\xe7\xd4\x85;\x1d\x9b|m\
\x09'\x82\xc2K\xaf\x98c\xf8z\x8a^YV\x87\x93\
Z9\x85\x85A\x15\x95W\xd5bYv\xd0Z\x8a \
\xe7\xc5\xea\xc3\x97\x1em11T\x12\xef\xc4\xb3\x07{\
jH\xf7\xdbsS\x8e`\xf8\x07X\x9e\xbfk\xfb\x16\
\xb3Rx\xb9v\x18\x18[\xc2\x897wz\xb7?\xf4\
r\x89,\xdc8\xac\xa2\xc0\x90\xfd)\xa1C\x15c\xcf\
R\x84\x9ej\xac\x85\x05\x87\xa2\xa7\x96\xc2\xc0(\xb1P\
\x92\x85\x93Z5Z\x80\xac-]\xc8\xe0\x15\x15F\xb1\
\x81\xb1\xa7:\xc9\x80\xc8&\x8d\xb2'\x1cD(\x8e\x84\
Q\x00\x8c#\xdb\x14[\xc3Io\xe6lm2Z\x5c\
0\x0a\x801<\xa69\x12\x85\x14=N\xd2\xf2@\x04\
R\xae?x\xec0\x8a5\xc7\xd8\x13N\xdcD(\x8f\
\x13\x86C\xc0\xe8\x85\x9f\xec\xbe\x13t\xfe~\xfa\xb1\xc0\
\xb0\x92?L%\xf5?\x18\xd4\x8d\x9eXf\xed\x86\xe1\
\x88\xa4h(\xe1P\xe2N\xb4\xe9\xd4\xd3\xa2\xd5V/\
C\xc8\xdap\x9b\x95Q\x02I\xb1\xd8\xfb\x18\x0a\xa76\
Q\xef\x15\x1dF\x09\x9b\xa98\x97\x1b\xc4\x07\xa7\xc5d\
l\x15\xc6\x13\xf0OdL\xc5\xf9\xcf\x5c\xf2g\xdc\xe1\
fH|\x06nU\x19O\xc0?\x911\xb0\x7f\xc5\xf4\
D\xfdc\x9d'\xc5\x8c;\xf7\xb2\xbf.s6\x95\x92\
\x10\x1bP\xf6\xa7\x80\x0a\x11\x82\xd3\xde\xaf\xd5_\xc61\
\xbb#@\xc8i\x04\xc5\x22\xc7\x10\x9cR+\xc6[\xb4\
\xa5`J\xc1\x94\x82)\xb5R0\xa5`J\xc1\x94\x82\
)\x05\xf3\x98\xc1\xfc\x95\xa6\x02\x8e2bB\x8a1\x94\
\xc2\xb1\x84BL\xf8\x5c\x89\xe0\xe4\x95by\xb4\x1a\xf4\
?\x01\x06\x00\x89\xb7\xd0\xd2\x00\xb8\xe2\x8a\x00\x00\x00\x00\
IEND\xaeB`\x82\
\x00\x00\x12\xec\
\x89\
PNG\x0d\x0a\x1a\x0a\x00\x00\x00\x0dIHDR\x00\
\x00\x00F\x00\x00\x00S\x08\x06\x00\x00\x00\x225q\xac\
\x00\x00\x00\x09pHYs\x00\x00\x0b\x13\x00\x00\x0b\x13\
\x01\x00\x9a\x9c\x18\x00\x00\x0a\xe6iTXtXML\
:com.adobe.xmp\x00\x00\
\x00\x00\x00<?xpacket beg\
in=\x22\xef\xbb\xbf\x22 id=\x22W5M\
0MpCehiHzreSzNTc\
zkc9d\x22?> <x:xmpm\
eta xmlns:x=\x22ado\
be:ns:meta/\x22 x:x\
mptk=\x22Adobe XMP \
Core 10.0-c000 2\
5.G.ef72e4e, 202\
5/06/27-18:54:05\
        \x22> <rdf:\
RDF xmlns:rdf=\x22h\
ttp://www.w3.org\
/1999/02/22-rdf-\
syntax-ns#\x22> <rd\
f:Description rd\
f:about=\x22\x22 xmlns\
:xmp=\x22http://ns.\
adobe.com/xap/1.\
0/\x22 xmlns:dc=\x22ht\
tp://purl.org/dc\
/elements/1.1/\x22 \
xmlns:photoshop=\
\x22http://ns.adobe\
.com/photoshop/1\
.0/\x22 xmlns:xmpMM\
=\x22http://ns.adob\
e.com/xap/1.0/mm\
/\x22 xmlns:stEvt=\x22\
http://ns.adobe.\
com/xap/1.0/sTyp\
e/ResourceEvent#\
\x22 xmlns:stRef=\x22h\
ttp://ns.adobe.c\
om/xap/1.0/sType\
/ResourceRef#\x22 x\
mlns:tiff=\x22http:\
//ns.adobe.com/t\
iff/1.0/\x22 xmlns:\
exif=\x22http://ns.\
adobe.com/exif/1\
.0/\x22 xmp:Creator\
Tool=\x22Adobe Phot\
oshop 27.3 (Wind\
ows)\x22 xmp:Create\
Date=\x222026-02-09\
T18:59:01-06:00\x22\
 xmp:ModifyDate=\
\x222026-02-27T13:2\
4:55-06:00\x22 xmp:\
MetadataDate=\x2220\
26-02-27T13:24:5\
5-06:00\x22 dc:form\
at=\x22image/png\x22 p\
hotoshop:ColorMo\
de=\x223\x22 xmpMM:Ins\
tanceID=\x22xmp.iid\
:ebcdd39f-2bc2-6\
749-8070-f923ad0\
903ed\x22 xmpMM:Doc\
umentID=\x22adobe:d\
ocid:photoshop:8\
b309089-62ba-2e4\
1-8274-7d100fbff\
e39\x22 xmpMM:Origi\
nalDocumentID=\x22x\
mp.did:5362cc97-\
a2ba-cc4e-b8e1-4\
97e5a8d90d8\x22 tif\
f:Orientation=\x221\
\x22 tiff:XResoluti\
on=\x22720000/10000\
\x22 tiff:YResoluti\
on=\x22720000/10000\
\x22 tiff:Resolutio\
nUnit=\x222\x22 exif:C\
olorSpace=\x221\x22 ex\
if:PixelXDimensi\
on=\x2270\x22 exif:Pix\
elYDimension=\x2210\
7\x22> <photoshop:T\
extLayers> <rdf:\
Bag> <rdf:li pho\
toshop:LayerName\
=\x22MET\x22 photoshop\
:LayerText=\x22MET\x22\
/> </rdf:Bag> </\
photoshop:TextLa\
yers> <xmpMM:His\
tory> <rdf:Seq> \
<rdf:li stEvt:ac\
tion=\x22created\x22 s\
tEvt:instanceID=\
\x22xmp.iid:5362cc9\
7-a2ba-cc4e-b8e1\
-497e5a8d90d8\x22 s\
tEvt:when=\x222026-\
02-09T18:59:01-0\
6:00\x22 stEvt:soft\
wareAgent=\x22Adobe\
 Photoshop 27.3 \
(Windows)\x22/> <rd\
f:li stEvt:actio\
n=\x22saved\x22 stEvt:\
instanceID=\x22xmp.\
iid:5e58fed0-21a\
c-364a-849d-8cb9\
16c3b51f\x22 stEvt:\
when=\x222026-02-10\
T18:04:33-06:00\x22\
 stEvt:softwareA\
gent=\x22Adobe Phot\
oshop 27.3 (Wind\
ows)\x22 stEvt:chan\
ged=\x22/\x22/> <rdf:l\
i stEvt:action=\x22\
saved\x22 stEvt:ins\
tanceID=\x22xmp.iid\
:aecc05c2-ed0c-b\
144-849b-9b13cb8\
12f9e\x22 stEvt:whe\
n=\x222026-02-27T13\
:24:55-06:00\x22 st\
Evt:softwareAgen\
t=\x22Adobe Photosh\
op 27.3 (Windows\
)\x22 stEvt:changed\
=\x22/\x22/> <rdf:li s\
tEvt:action=\x22con\
verted\x22 stEvt:pa\
rameters=\x22from a\
pplication/vnd.a\
dobe.photoshop t\
o image/png\x22/> <\
rdf:li stEvt:act\
ion=\x22derived\x22 st\
Evt:parameters=\x22\
converted from a\
pplication/vnd.a\
dobe.photoshop t\
o image/png\x22/> <\
rdf:li stEvt:act\
ion=\x22saved\x22 stEv\
t:instanceID=\x22xm\
p.iid:ebcdd39f-2\
bc2-6749-8070-f9\
23ad0903ed\x22 stEv\
t:when=\x222026-02-\
27T13:24:55-06:0\
0\x22 stEvt:softwar\
eAgent=\x22Adobe Ph\
otoshop 27.3 (Wi\
ndows)\x22 stEvt:ch\
anged=\x22/\x22/> </rd\
f:Seq> </xmpMM:H\
istory> <xmpMM:D\
erivedFrom stRef\
:instanceID=\x22xmp\
.iid:aecc05c2-ed\
0c-b144-849b-9b1\
3cb812f9e\x22 stRef\
:documentID=\x22xmp\
.did:5362cc97-a2\
ba-cc4e-b8e1-497\
e5a8d90d8\x22 stRef\
:originalDocumen\
tID=\x22xmp.did:536\
2cc97-a2ba-cc4e-\
b8e1-497e5a8d90d\
8\x22/> </rdf:Descr\
iption> </rdf:RD\
F> </x:xmpmeta> \
<?xpacket end=\x22r\
\x22?><\xd4L\x17\x00\x00\x07\xacIDATx\
\xda\xed\x9c=v\xdbF\x14\x85\xb9\x11\xba\xb0#\xb7\xf6\
\x0a\x94\x86Pge!\xca\x02RA+\x10s\xb2\x88\
4.\x88\xc2\xe7`\xb6\x00\x97ZA\x96\xa2\x18\x10\x07\
x\xef\xbe\xfbf\x06 )K\x09\x8a9\xa2DR\x1c\
|\xb8\xef\x7f\xa4\xcd\xd3\xd3\xd3f]v\xad\x10V0\
+\x98\x15\xcc\x0af\x05\xb3\x82Y\xc1\xac`V0\xff\
30\x7f\x85\x7f\x9e\xde\xe2\xba(\x98\xfe\x03n\xff\xf8\
{]\xc75\x80Y\xa1\xf0\xb5Y!\xac`V0+\
\x98\x15\xcc\x0a\xe6\xf5\x81\xf9\xfd\xcfo\xeb\xfa\xb1\x14\x98\
\xd7\xb4\xb1\xbbW\x02g\xb3\xaa\x84\xaf7\x09f\xf3\xa3\
\x92\x89\xebR*}\xb3`>\xfez3\xacs\x02z\
\x15`\xe4]\x9f{q\x12\x8c\x04\xf4b`\x96n|\
\xce\xc5]]\xeb;_\xf29\xf2\xbd\xf1\xfd\xe7VO\
\x11\x98\xfb\xb6\x1a\xd69!\xc5\xdf#\xe1\x5c\x15\x02\xea\
\x9f\x93@\xe2\xea\x7f6k\x8f\xfb\x13Li\x00\x13\xaa\
\x11N-\x00\x9d\x13\x0e3\x0d\xf6\x19\x0a(y\xfd\xe3\
\xe3\xe3\xb8N\xd9\xe3\xa6t\xf3\xcfPv#\x9c\x1e\xd6\
9\x14\xe4\xdd}\xe67\x98_b@\x22\x94S\xf6\xb7\
)\xdd\xfc\xa8\x1a\xa1\x1efbK6\x82p\xae\x88Y\
\xc4\x15o\x8e\xfc\xec\x1c\x94\x8b\x80Q~&L\xaa\x19\
\x00\x05\xad\x9e\x12S(\x02\x03\x0e\x95\xdd\x90a\x1f\xe1\
'\x83y\xfc~\xd0*\x09\x952\xad\xf8\x18m_\xde\
\xf59~\xe6JD\x1c\x0fL\xbcI?\x17Lw\xd0\
\x9b\x0bd\xb5U\xb1#\xc5MK\xa5\x8c\x11\xea\xdaF\
)\xb9\xe4g\x96\x80\x99\x0b\xa9(\x5c\xf7\x8a\x19U\x13\
\xc0\xa4Z\x0e\x86\xe5'\xd2O\xc4\xc5Bv.\xd2L\
\xbf\xa7L5\x93\xc2\xa6}\x96\x83\xd9\xfbj\x89k\x04\
\x22\xbe\xa2#D(\x9e\xc3N)\xac\x04\x8a\x84\x8c\xaf\
E h\xf6%p6%\xfe\xe5\xf1{3,4'\
y\xe7s`\xa6P\xbfS\x17\xc3\x92\xb4\xf8\xde\x12\x13\
\xf1\xa2\xe3\x04\x04\x1c6\xf8\xc4\xd3\xc0tGS\x120\
<\x05H?\x81a^\xaaL:j\x96\xc7\x14\x83\x09\
\x18\x10\xb4\xdfSQ\x94\xb8\x02\x0f\xce|\xc5\xb4$\x9f\
\x11\x11\x02}\x8b\x0c\xad\x9e\x19)\x87+\x9c\xee\x1c0\
*\xf9$@\xc6=\x884C\x86\xfcb0\xcfP\x1a\
\xa1\x98\xc6\xe6\x11\xad\x96+z\xfe1!\x0b\xdc\xc6e\
x^lJ\xe0\xf7\xf0s\xea\x16L>X70\x1f\
Lw\x98\xe0\x1c\xa3Rm>\xb4R>\xc3K\xe1\xef\
\xdb\x8aF\xa3\x8f3L\x89\xc1As\xaeI:\xa1\x14\
K\xf2\xa1\x05\x8a9\x00\x94\x9d\x95e\x81#\xb35\x97\
\x1f\x95\xe4\xebrp\xb4\x02\xac\x19\xd5\x12\x14q\xbe\xd2\
\xdfY0\xfb\x8c\x19\x1d}\xcc$\xbf\xcaD\x9a\xb9M\
&L\xd0\x98\x0a\xe4\xefv}K\xd0\xa6-M)\xee\
U\xddL\xe2\x1fg\x99\x12\x03cU\x92\x96\x22mt\
\xed\xf5sn\x84\x0b\xd27\xd8P\xcf\x22\x8e4\xe7\x94\
2\x98o*\x02\x83&\xf4\x0c\xc5n\xd8\x83\xe2\xa5\xfa\
^o\x85\xe5\x1a\x08b\xdc\xcb1m\x88Y/f\xdd\
_\x7f\xbb\x19\x96J\xee\x00\xca\xd7\xdb\x1b\xaa\xdaB0\
\x8d\xeb_\xf0\xb1\x8c@\xb4 \xbcN\xf7d\xb9\x03\xdd\
\x8d\xbe\x01\xf7\x12\xc1`\xd3,B\x89`$\x1c\x09E\
\x82I\xd5N\x1b^\x1b5\x93o\xa1vY\x99\x0f5\
\xc5`a\xb3\xda3\xa9(s\x84\x12\xc1( \xb77\
\x0a\x8c\x84c\xc0\x1d\xc1\xc8\xdfS\x04&&sQ\xba\
F\xe2\x18\xf6H/&U\x10\xba\x8a!\xce\x14\xfd\x1c\
\x83\xc3\xa0DeD@\x0a\x1e\x80)*\x09\xb4\x7fi\
\xc6\xc2QE$h5\xc4\xc7\xa9\x16\xa5\xccf\x99S\
\xf6\x1c\xabUK\xa3\x00\xa1\x12\xa4R\x8c\x92\x00\xd6\x02\
0\x8d\xbaCX\xe7\xd4^\xebA\xd8{\xaaZf\x85\
\x9fI\x01\x8ep\x14\x94\xceB\xca\x99\x09\x83#\xeb\xbf\
\xf9`:\x9b\xbfx\x85\x19\xd6$\xb9\xbc\x03\xb3e\xe5\
lA\x91\xcc\xbf(\xb3\xea\x0e\x0a\x8e\xf4\x91\xe8p\xa5\
R\xe4\xf3\x0bL\xe9\xa0\xc2\xa8\xa9P\xdb\xca\xf6~\x13\
]\xbe\x9a$\x852'\xc2Z\xc6(&\x01\x09\x1bj\
\x12\x9aQ\xca\xd1\x1cg\xf5c0Tc\xf5\x8cK\xf7\
Y\x88\xffiy\xad\xa22WR\xfd\xd6\xd4\xf92'\
\xac\xd5mM\xae\xd1#\x16\xf8\xf9L0\x87t+3\
\xd8\x8c\x94\xdey\xf2\x18}\x8c\xc9z\xa1\xc0\xb3QI\
\x80\xe8\x12\xb02*\x9b\xd7\xda\xf4z\xbc^rg\xee\
8:f\x9dr\xab\xa2\xaf\xe5\xcdtL\xe1\xbdh\xc4\
\x15\x937\xb9R(\xf9\xcc\xb7;$\x1aS\xd6\xcf`\
\xd8E\x07KM\x8dd\xbd2\x89\xcc\xab\xa1I(\xab\
Q\xcf\xcf*v\xd9!\x1ao2\xe0]\x90\xca\x5c\xa1\
\xbfkg\xdf\xbcq\xc5\x1cz\xda\x017\x8e\x92\x1a7\
K>y\xae\xc4\xc0\x98\xb4=8\x191\x5cd\xd6\xaf\
\xb4\xb6\x17\x8b\xddA\xd7oti?r\xf6\x81\x9b\x04\
\x83j`\xed\x01\xd6E\xab\xa1\xdf\xe1U\xd0lr@\
\x87\xf6\x19\xdf\x82\xaf\xdf>|\x19\xd6\x1c@ws;\
x\xd6\x8f\x90\xa6sk\xc7\x15R5\xb41\x0d\x85h\
\x7f!\xef\xf6\xb7\xcf_\x1f\xe2W~\x81\xb8\xfa\xf7\x0d\
K\xbc\xa7\xff^\xde\x94\xb3L\x22\x11L\x9d\xf0%\xf7\
\x89\xd9M\x0dp\xbc\x0b\x8bwX\xc2\x91`\xf0\xfbw\
\xeagG \x03\x18\x0d\x87\xf5|f\x87k\x0fNM\
\xa3\x06\xe42\xd0\x1c\x9f\x96-\x15p\x9a9\xaa\xe5\xe1\
VA\x88\x00&\x15\xe9\xc7\xdb\x11\xc6\x97Q1\xf8{\
X\xbf'\xd5u\x9c9\xbbn\x88)\xed\xe8\xb4\x8fF\
\x98\x82\x9f\x19\xd58\x8a\xd9\x12 \xdb\xc4k1*\xde\
\x17\x9aU\xf91\x10/\xe3M\xe4$n(w\xce\xd9\
\xa0\x9f\x91\x8f?\x5c}\x1e\xcd\x84\x99]\xff|\xbf\x94\
\xd2\x8e`\xea\xd6\xcf\xb1\xcev>\x06k\x9a\xdc\x99\x19\
\x1a\xa6\x83\x9f\x1cFG\xba\x15\xe6\xd1_\xf0\xfb_>\
\x1buDH\xfds\x11\xcc\xf0:\xc7\x8c\xbc\xf9\xf9I\
'\xaap&l\x87\xfb\x95\x9b\xcb\xb8\xca\x22\xef\x8d\x1b\
\x8e\x00\xe2\xc5\xc6\x8b\x97p\xb6\x04\x8cT\x8e9m\x11\
l4]\x0c\xc64\xac3\xb9\x8c6\x1bkJfB\
\xe8${\xfdgJ\x15\xc8\x8b\x96p$4\xf9:6\
7gs\xed\xd3\xc1\x04\xdfqR\xc58\x89\xdf}\xc6\
Q\xe3\xa6%\xa0\x11\xd4Q\x11\xf2\xfbg0\x9f\x0c\x18\
\xcc\xd0\xb1\x16s{\xd1\xb3\xc0\x04;,\xd7\xf5\x8f5\
\xb7:S\x0a\xd4.\xeci18\x9e\x9a\x14\x98\xc0\xcb\
\x0eT\xf9\x220l$\x8a\xb3a\xd9r\xe0I_E\
\xc7\xa7\x0c 3GiZ\x83\xe9$ EP\xf2(\
\x1ak\xcfb;v\x11\x18v\xbe\xc5;=\xe05\xab\
\x94\xaaHB\x88\xe5B\xed\x1c]E\x00\xbd\xf9\xa0\x9f\
q\x0f\x17\xa1BOU\x0cm*\xa5\x1aN^5\x1e\
\x1c\xf3\x0a)\xd0\xfa\xec\x8b\xe7w>\x08?\xc3\xc6\xc6\
)\xff\xb7\x1cL\x9b\xde4s\x9eu[\xf9\x99\xb1\x8a\
\x10\xf9H\x85M\xaeXM\xa3\x9f\x89j\xf1S\x8e\x1d\
\xf5_\xb3\xc1\xb8'\x1fY/&\xf0D\xcf\xed\x03\x07\
{\xaa\xc1o\x84i\xf8\xd8j@\xa7\x9b;yQ\x17\
\xfc\xb1\xc8&\xef_x\x12\xc6F&\xe8+\xd8<Z\
\x96\x15\xf4\x88\x07Q\x94~\xcfn\x9c \xb0\xc9\xe6\xdc\
? [\xd4vpg>\x89C\xd0\xd30\xbe)\xe8\
\xcd\x1e\xf81\xb6\xe0(&\x94e\xad\x17\xfdC.~\
\x22\xd2\x99\x16\xb8\x83x\xd1\x82\xec\x9cV\xa47\xf5\xc4\
\x99\x14\xe9;\xbf8\x18\x1c\xa9Zy\xf3\x82\xd0\x1f\x8e\
5\xfcg\x9dVR\xed\xf5\x93\x9d\x96\xe8\xc5\xc1\xdc\xe5\
\x22Q`U\xb4\x86\x96\x9d\x01u|:\xe8\x9e\xc0$\
\xa6\x8a&\xfd\xa2\x8aa\xe3\x8e\xda\xb4\x1b\xec\x10>\xd7\
\x93-\xfd[Go\x8a\xc9r\xa5\x8b\x82\xe9\xff\x15\x93\
\xeftm\xd2\xe6\xf5P\x96l\xf2\xae\xf0\xe8\x997\xad\
\xbc\x14\x98\x9e\xc9\xf8\xcf\xbbRG\xbfR\xe3\x93K\xfc\
\xd91F\xa2\xda9\xb8x\xd2g\xef}(\xff\x89\x7f\
\xf7v\xa9\x7f\x1f\xf7/`s\xdc\x0b\x91e\xbf[\x00\
\x00\x00\x00IEND\xaeB`\x82\
\x00\x00\x14\xc4\
\x89\
PNG\x0d\x0a\x1a\x0a\x00\x00\x00\x0dIHDR\x00\
\x00\x00F\x00\x00\x00S\x08\x06\x00\x00\x00\x225q\xac\
\x00\x00\x00\x09pHYs\x00\x00\x0b\x13\x00\x00\x0b\x13\
\x01\x00\x9a\x9c\x18\x00\x00\x0a\xe6iTXtXML\
:com.adobe.xmp\x00\x00\
\x00\x00\x00<?xpacket beg\
in=\x22\xef\xbb\xbf\x22 id=\x22W5M\
0MpCehiHzreSzNTc\
zkc9d\x22?> <x:xmpm\
eta xmlns:x=\x22ado\
be:ns:meta/\x22 x:x\
mptk=\x22Adobe XMP \
Core 10.0-c000 2\
5.G.ef72e4e, 202\
5/06/27-18:54:05\
        \x22> <rdf:\
RDF xmlns:rdf=\x22h\
ttp://www.w3.org\
/1999/02/22-rdf-\
syntax-ns#\x22> <rd\
f:Description rd\
f:about=\x22\x22 xmlns\
:xmp=\x22http://ns.\
adobe.com/xap/1.\
0/\x22 xmlns:dc=\x22ht\
tp://purl.org/dc\
/elements/1.1/\x22 \
xmlns:photoshop=\
\x22http://ns.adobe\
.com/photoshop/1\
.0/\x22 xmlns:xmpMM\
=\x22http://ns.adob\
e.com/xap/1.0/mm\
/\x22 xmlns:stEvt=\x22\
http://ns.adobe.\
com/xap/1.0/sTyp\
e/ResourceEvent#\
\x22 xmlns:stRef=\x22h\
ttp://ns.adobe.c\
om/xap/1.0/sType\
/ResourceRef#\x22 x\
mlns:tiff=\x22http:\
//ns.adobe.com/t\
iff/1.0/\x22 xmlns:\
exif=\x22http://ns.\
adobe.com/exif/1\
.0/\x22 xmp:Creator\
Tool=\x22Adobe Phot\
oshop 27.3 (Wind\
ows)\x22 xmp:Create\
Date=\x222026-02-09\
T18:59:01-06:00\x22\
 xmp:ModifyDate=\
\x222026-02-27T14:4\
0:47-06:00\x22 xmp:\
MetadataDate=\x2220\
26-02-27T14:40:4\
7-06:00\x22 dc:form\
at=\x22image/png\x22 p\
hotoshop:ColorMo\
de=\x223\x22 xmpMM:Ins\
tanceID=\x22xmp.iid\
:cf3f7e25-4ebc-2\
84e-81e8-252c663\
a8cf1\x22 xmpMM:Doc\
umentID=\x22adobe:d\
ocid:photoshop:e\
8cc2e68-d9a0-634\
6-bc65-6770cacb1\
34e\x22 xmpMM:Origi\
nalDocumentID=\x22x\
mp.did:5362cc97-\
a2ba-cc4e-b8e1-4\
97e5a8d90d8\x22 tif\
f:Orientation=\x221\
\x22 tiff:XResoluti\
on=\x22720000/10000\
\x22 tiff:YResoluti\
on=\x22720000/10000\
\x22 tiff:Resolutio\
nUnit=\x222\x22 exif:C\
olorSpace=\x221\x22 ex\
if:PixelXDimensi\
on=\x2270\x22 exif:Pix\
elYDimension=\x2210\
7\x22> <photoshop:T\
extLayers> <rdf:\
Bag> <rdf:li pho\
toshop:LayerName\
=\x22MET\x22 photoshop\
:LayerText=\x22MET\x22\
/> </rdf:Bag> </\
photoshop:TextLa\
yers> <xmpMM:His\
tory> <rdf:Seq> \
<rdf:li stEvt:ac\
tion=\x22created\x22 s\
tEvt:instanceID=\
\x22xmp.iid:5362cc9\
7-a2ba-cc4e-b8e1\
-497e5a8d90d8\x22 s\
tEvt:when=\x222026-\
02-09T18:59:01-0\
6:00\x22 stEvt:soft\
wareAgent=\x22Adobe\
 Photoshop 27.3 \
(Windows)\x22/> <rd\
f:li stEvt:actio\
n=\x22saved\x22 stEvt:\
instanceID=\x22xmp.\
iid:5e58fed0-21a\
c-364a-849d-8cb9\
16c3b51f\x22 stEvt:\
when=\x222026-02-10\
T18:04:33-06:00\x22\
 stEvt:softwareA\
gent=\x22Adobe Phot\
oshop 27.3 (Wind\
ows)\x22 stEvt:chan\
ged=\x22/\x22/> <rdf:l\
i stEvt:action=\x22\
saved\x22 stEvt:ins\
tanceID=\x22xmp.iid\
:e4ba4127-5fce-b\
f4d-afd5-55b4d0f\
05771\x22 stEvt:whe\
n=\x222026-02-27T14\
:40:47-06:00\x22 st\
Evt:softwareAgen\
t=\x22Adobe Photosh\
op 27.3 (Windows\
)\x22 stEvt:changed\
=\x22/\x22/> <rdf:li s\
tEvt:action=\x22con\
verted\x22 stEvt:pa\
rameters=\x22from a\
pplication/vnd.a\
dobe.photoshop t\
o image/png\x22/> <\
rdf:li stEvt:act\
ion=\x22derived\x22 st\
Evt:parameters=\x22\
converted from a\
pplication/vnd.a\
dobe.photoshop t\
o image/png\x22/> <\
rdf:li stEvt:act\
ion=\x22saved\x22 stEv\
t:instanceID=\x22xm\
p.iid:cf3f7e25-4\
ebc-284e-81e8-25\
2c663a8cf1\x22 stEv\
t:when=\x222026-02-\
27T14:40:47-06:0\
0\x22 stEvt:softwar\
eAgent=\x22Adobe Ph\
otoshop 27.3 (Wi\
ndows)\x22 stEvt:ch\
anged=\x22/\x22/> </rd\
f:Seq> </xmpMM:H\
istory> <xmpMM:D\
erivedFrom stRef\
:instanceID=\x22xmp\
.iid:e4ba4127-5f\
ce-bf4d-afd5-55b\
4d0f05771\x22 stRef\
:documentID=\x22xmp\
.did:5362cc97-a2\
ba-cc4e-b8e1-497\
e5a8d90d8\x22 stRef\
:originalDocumen\
tID=\x22xmp.did:536\
2cc97-a2ba-cc4e-\
b8e1-497e5a8d90d\
8\x22/> </rdf:Descr\
iption> </rdf:RD\
F> </x:xmpmeta> \
<?xpacket end=\x22r\
\x22?>\x01%\xadx\x00\x00\x09\x84IDATx\
\xda\xed\x5cKr\xdbF\x14\xe4\x1a<\x04\xc0\x0bH7\
 \x97\xb1\xb3\xc8\x8a\xca2>\x80\xb3O,\xa2b\xe9\
\x02vE\xae\xca^\x8b\xec\xc9\xf2\xc2;\xf9\x08\x92N\
\x90\xa30\x1cp\x1e\xd8\xd3\xe8\xf9\x80\x8e\xab\x9c\x04\x8b\
W !\x923h\xf4\xeb\xf7\x99\x81f\xfb\xfd~6\
\xd9\xd0&\x10&`&`&`&`&`&`\
&`&`&`\xfeg\xc0\xfc\xfe\xe9\xaf\xfd\xbf\xd1\
\xbe*0n\x80\x1f~\xfds2o\x1d0\x13(\xda\
f\x13\x08\x130\x130\x130\x130\x130\xdf\x1e0\
?\xbf\xff8\xd9\xc1\x02`\xbe\xa5\x89\xbd\xfeF\xc0\x99\
M,\xd16\x013\x06\x98\xdd\xe5\xac\xb3\xed\xc5l_\
\xcf\xe7\xfb\xf5\xd5z\xbf\xfe\xf1\xea`\xeb\xfd\xdb\xdb\x1b\
\xff\xfa\xaa;?;\x94[\xed\xc7\xe7\xde6\xc2r\x7f\
O}\xde\xfd\xbe\x1b\xf38\xee\xda\xdbi|wl\xdc\
\x1c\xe1\x1c\xcf\xd1\x1d\xdd\xef\xac>|\xde/\xef\x1e:\
\xc3\xd7E\xc0 (n\xc0\x1a\x06\x0d\x06\x043p\xf8\
\xe26\x99s) \xddo:\x1b\x8cw\xb5\x1e\x9ck\
h\x8e<\xcf\x0e\x14\x0f\x06[\x07\x92\x00g\x00\x8c\x03\
\xa4\x03\xe7p\x5c\xd8\x80\x87\xc9\xfcv\xf3\xb63\x05\x8c\
1\xa7\x84-m\x06(dI?\x9e\x00\x03\xcf50\
O\x03\xe5\xc5\xf7/;3`\x0c\x00d\xcc\xd1\x8e\xaf\
\x8b\x19\xe3\xac\xc9\xb1\xc5M\xce\x9b\x9b\x84\xdd\xe5\x18\x10\
\x0c\x80\xfa\xbb\xb1$\xc6N\x1e\xdb\xcd\x91\xe7i\xa0\xd8\
\x9c\x8e@0 '\xb6\x94\x01sqd\x8b\x03\xa6\xc4\
\x8d\xccx2c\xf5$\x05\x0a\xfe\xb6\xd9w/_t\
\xc7z^\x05\x8c\xb1\x9bd\xf3\x90\xae\xe3^\x13He\
\xaet\x01\x8c\xf1\x94M1FM\x9c]\xab-\xd0\x14\
\x1e\xcb]\xbc\x01\xc0\x8083\xb6\xb8s\xf6]\xfc\x9c\
\xb1\x85\x19\x13\x1c#\x02,\x811p\x9a\xca\x0d\x5cu\
\x03:\x7fWj\xcf\x93\xc1\xa3\xb9V\x0a \xf7w\xbe\
\xe3\x9d\xb6\x1c\x8eC`N\xef\xd1\x8dl\x8e\xf8Yd\
\xcb\x92\xb4%\xd0\x99R`v\x06\x8c\xd7\x99\x05\xf8p\
\x07\x8c\xe9J\x82\xe6|\x87c\xaee\xae\xd3TU\x18\
r\xbd1[\xf8\x06\x18[l\x8e8^ \xae\xc0\x9a\
\x15\xb9\xd2\xb2\x14\x187\x00\xb2\xc6\xc2\xb6\xd2\x94\xdc\xc4\
\x95ka(\xc6\x08\xe2\xc6p\x17X\x1f@2\xe0c\
\xbf\x8fnd\xf3\xa9\xab\xe3\xf7-B\x9e\x84\xf6Aj\
\x0b\xb2\xa8\x08\x18\xa3\xa8\xe9L\x97\xe4U\xf3\xa4\xd8*\
@\xf8\xb5\xfbM\xccM,\xdf\xe0\xcf\xec\xfc\x8d`[\
xF (\xe8\xdev>\xccY\x86.\x13\xb8\x12\x1c\
\xf3\xc0\xf4w\xa0:E'G\xf5\xaa\x0a\xf4\xa5\x84%\
x!\x0b\xff}\xbb\xab\xee\xa2\x8e\xdf\xb1\xe82\xef\xd9\
\xba\x83\x5c\x0a#\xe4\x91Q\xc7\xcf1\xb0:\x12q\xde\
\x224&\x1b\x95\xde\x1d\x8f\xa6#\xfd$Ik\x8c\xbe\
\x06\x06\x0a\xaee\xca6y'\xde5R\xde\x03\xb2\xf0\
\xda\xc0\xe0\xf5`@.\xb5\x03\x97\xc6\xa4\xd3\x92?\x9d\
\xb3DBt\xf0>t\xb1,c\x8c\x9a\xfdD/g\
\x81 +\x9a#\xddS\xa9\xbb\xdd\xe5\x86\xdd\xc2\x03i\
\xae\xbb#\xdb^\x84e\x0a\x8b\xb3\x85\xeb\x9e-\x14\x96\
9:\xadDt*v\xa5\x052\xe6\x82\xee \xbd\xde\
\x82\xcb! VFp\xfdb@\xd6\xa0elV\xc0\
6\xc0\xc0E\xff\xbe\x0a\xd2\x013N\xf3c\x80\xa8\x10\
\x9e\x05\xa6C\x9f\x18\xf3x\x1f\x02\xb2\x15w\x12\xf5\xc8\
\xd8\x81\xb5\x0eR\xfe\x18\xa2CW\xdd\x12\xe0\x1cu\x82\
\x12\xc4\xcfO\x16\x87*\x89c\x80\xf0\xb3\xa5\xc0\x04\xfe\
\xee\xed\xe9\xfeh\x8f\xde\xf8\xfd\x8e\x00BMQ\x22\xbd\
\xa0\xdfW\xda\xc2\xa0\x18\xeb\x90y\xd8JXq\xa4\x81\
\x8bW\x91i56\xc1\xeb\x22\x84\x8bHp\x17;\x00\
\xae#\x86\x00\xc1E\xd6 \xd2(\xce]d\x99W\xda\
=/NB\x8f\xe5A\x00\x08\xb8j\x00\x0c\x09-\x0a\
,\x83\xa6>_\x94\xe0a\x84p\xe0$\x81!\x800\
\x924\xa0\x11]\xb1W\xcd\xc30\xec\x8dAE\xb6\x04\
\xad\x07\x12t\x06F]\xf0)\xdb\x1d\x96\x05\xe9\xcc\xf7\
\x9d\xce|\xf1\x02\x9eJ\x80\xb9>\xb9\x17k\x11\x87\x5c\
\xd4$sM\xd4,K(\xfb\x04\xce\x00\x11\xc0(&\
DuE\x95\x06\x1fJk%\x7fA[\xb8\x9bI`\
\xdeh\xe6\xb0@s\xc4\xe9]\x94\x99v9,*c\
\xb5\x93E#\x9d\xa7p\x9d4\x8cD\x18\xbd\xca\x1bU\
D\xf5\xc7B\xd6\x188O\x11\xa1~\xe4\xf7\xd7!0\
}\xae\xc2y\x90\xaf\xb6U\x96\x1d\x84jJ\xdeb\xa0\
1\xabFu\xf0\xf0n\x8f\x06\xe7z\x1c\x908\x96*\
ZU}\x86\xed\x8dA\x08\xf6\xa0p\xa7p\x19\xc9e\
\x8a;x*\xc7\x08\xee>_\xdc+og\x02\x837\
\xa4\x9e\xcf\x8bA\xd1\xa5\xc0\xf1b\xb9\xe7\x1c\x80s7\
\xa2$\xf8\xe5\x8fOA\x86iE\x1b\xb7!:`X\
[~\xfa2`\xb8\x09\xcf\x15=\x03\x92\xab\xa8cK\
6\xf6\x9e{\xc0Y`\xd4\xd2D]\x0d\x13\xbe\xb3\xdd\
\xeaM\x841TU\xf7:\xe3\xb5\xa6\x9e\x9f\x0aR\xeb\
\xf36\xd0\x7f\xc1\x5c%\xd7\x8c\xdf\xf4\xe0|>\x1f\x18\
\xab\x9b\xd8\xbd\xa4\xe6\xbc9\x9f1*\x97i\x00\x0c^\
\x09\xb0\xf6\xe7\xa9x<\x82\x92Z\xb2Q\x0c*\xca|\
\x1d0X\xf8a]2\xe8\x95\x5c\x8edMN\x83D\
y\xb1\xbd\x18&}\xaa)o\xc0\x8cY\x99`\xe6d\
\x81\xb1\x81\xf9\xaep\xb5\xbd\x1d\x1b\xc6_y\x1d*\x11\
aJ\x02-R\x0d@\x01\xc6\xb4\x99u\xab\xdc\xb92\
`x\xc9\xe4\xf0\xde\xfc\x9a\xab\xe0\xa7\xfb\x7f@c2\
uW\x07\xcc\xa1~C`bK51m\xb1\xb0\x1c\
\x03\xa9\x5cc|\xb7\x0d\xc1\xb1H\x85\x22\x19\x00#\x92\
\xb9\xb3D\xfa\x9e\xca\x0b\x5c.&`,*\xc5\xdc\xa5\
\x05\x1d\xc1#\x7f>\x0f\x0ce\x9c\x81K\x81\xde\xd8\x84\
1{U\xae\xf0%I\xe1\x13i\x8e\x891\xa6\x13n\
M\x09]\x89]j\x19k;\x1c\x0c?7\x1a\x18e\
\xb8\x8a\x80\xccPu\xd1\x972gPo\x91\x10\xbb\x9b\
\x16c\x0c\xaf8\x86\xf5\xd1C\x00N\x16\x187H\xd0\
K\xc5\xaa\xd6i\x0d\xf5gc]8\x06\xe9\xf1~D\
\xfe\xe3u\x08\xdb\x96\xbc=\x05W\x09\xd4\x82\x1e\xafO\
\xa3\xbep\x0eS\xc4\x18\xf7A7\x10\xb7\x229\xa7Q\
\x91#\x05\x92\xaa\xa8\xd1\x0d\x0d\x00,;\xdc\xfb\xe7\xe7\
\xe7\xce\xec\xef\x0b\xe8\xf1\xb8MDJ|U\x9b\x93]\
\x8c\xf5\xa6\x00\x98\x87\x00\x9c~\xc1\xdc\xd6\x8a}wO\
6\xc4\xc5JB\xacK\x17\x84{\x00\x01\x19b\xaf\x0d\
\x1c\xfb;\xae<20+\xd1\xac\xda\xc4\xea%jT\
\xbdN\x02s'\x80\xf1\xba\xb2\x10)yM\xcb\x1e\xdc\
2\xa8U\x7f\x97z>\xee\xa8\xd8\x81\xa6\xc0\xb19\x98\
+q\xef%\x95\xd4-\xa1\x0a\xdf\x94\xba\x92\xfb\xb0\x01\
\xd3\x88\x94\x9c]\xcb\x9a\xdbr]\xc93\x8d\x01\xe4.\
\x1f2\x06AP\xe7x\x0b\x9a1\x86[\x98\xb1]\x16\
K\xe1by`\x02\xc6\xbc\x90\xfb\xdb\xb8[\xbf\x80\x82\
Nv\xf51\xd4W\xf3`U\x13\xeb!\x05\x0a\xdb\xed\
\xedm\xa0\x81\x98\xc7ps*\xb6\xe5M%ze\x8c\
\x01\xd6, 4\x22\x18az\xbe\x1e$`\xd6\xc4\x0e\
\xbf\xb7N\xee\xe1S@\xe0y\x07\xca\xcd\xcdM\xbf\xa7\
\xc6n\x1a\xee\xa4\xc0\xb5\xa2\xb6`\xcf\xdff40\x1e\
}\xa4\xad\xea\x894\xa0;uU\x85\xae'\x18\x14\xdb\
\xc3\x17\xd3\x12;\xe7@1\xe3\xcdF\x9c\xc70kb\
u\xd2\xa8\x04O5\x8dm\x82j!>h\x5c\xe3\xde\
\xdb\xc8f vGcV\x0a\x18\xc7\x12g\x08\x8c\xda\
N;h_z\xcd\xd9\x14\xf4gF1F\xb1\x87\xfd\
\x1b\x0bN^\xa7V\xccQ@\xe5\xa2\x10\xb2%\x06\xcc\
\xb0C\x17v\xf3\xa2\xfd\x98\x92f8\x8a/\xae\xbd\xf0\
\xea\x1e^\x00\x82\xa22\xe6\xdc\x162\xdb\x1a\x96\x12[\
\x06\xc5\xc6\xc5fx+\xda\x09\xb8\x86\xa4t\xa5\xb8\x19\
\x8e\x8c\x91\x0bX\xb4`\xb5\xc1\x1d\xdc\x91\xdd\x9b\x8d\x08\
\xe1\xaa\x99]\x02\x8c\xb1K-\x9f\xc4\x5cd\xd0\xf8\xe6\
\x9d\x0f\xa5\xcd\xf0! z\xb9aI\xbdUd\x11w\
\xf3\x9by\xba\xb1\x9d\x02\xc6\xb4\x05\x7f_\xed\x0eM5\
\xbf\xd5\x16\xd6Q;\xc3\x07\x1a\xc3 \xd1.\x82XG\
\x8c\x9f\x03\xb0\xdd\x95f\xca\xa58\xc1\xc3h\xc4\xacd\
\x97\xcdm\xb8nE\x8e\x13.\xce=\x941f@;\
*\xca0\x0c\xc6\x9aC\x08P#\xb6\x96\xc5\x16\xce\xec\
\x88\x91Jm)A\x06\x95\xf6xc\xeb\xdbe\x8c\xb9\
\xd3\xcb\x9b\xe8V%\xcf\x09\xb4\xe2\xf1\x1anI\xc6\x96\
\x5cm\x833?Y\x12\xdbT\xadr\x15\xe5Zmd\
%rU*\xbeA\x1e\x93\xe8z\x95\xac\xdd\xf0.p\
\x95\x13\xe1\xeeMnu`\xa1\xa8v\x99\x97\xcc%\xd5\
\xab\x19\x1d\x95\x94;m2\xd9c\xee=&_,\xd4\
\x0c\x14o\xf5P\x82\x9f\x1b7\xf5\xec\x02\xef\xdc\x1c\xa5\
1\xe8N\xb1\x09\xb4\x85\x0ff\xb5\xd4D\xb2\xdfF\x80\
\xd4z\x91\xda\xb1p\xceSt\xad\xc8aF3&\x06\
J\x0a\x886\xb3\xe2\x17t\xd7(\xec#\x83Ptc\
\x9b\x0eK\x84?\xf6\xd0\x98t\xab\x0f#\x13<\x14\xda\
\xb1\xcf8\xb6\x19\x1f_\x0ap\x0c\xa0p\xc1}\x98S\
\x95\xb2\xb6-<\x8e\x12_\x05J\xc9]i\x0b&\x17\
\xdb\xa0\x9c\xda<\x98J.S\x82[\xba*)\x81y\
=`\xccCr\x0bE*$\x96\xe8\xcd\xe0!\x08Q\
z\xacT\x1eE\xcf\x07\x8c\x09\x06\xb9\xb9\x15\x89\xeff\
\xa4\x8e\x94.\xa6\xab]\x06\xb1\xfd\xfe\xbcGN%g\
\x9b\xc2\xe8\xb8)\xd0\x9a\x010\xee_1!0%\x8a\
\x9e\x1b\xa4\x84Y\xd1\xecZ\x81\x13\xd9\x95\xb9\xc9\xb8l\
\xe9\xb3\xe0\xdc\xa8r\x98\xf4\xff\xbc\x8b\x81i\xcf\x00$\
\x96\xf9\x96\x84\xeeU,]\x17\x05\x1fj\xcd\x98\x87Q\
S\xd7\x81\xa0\xfc'\xfe\xdd\xdb\xd7\xfa\xf7q\x7f\x03\x01\
P\xc6\xcf\xebN\x12\x82\x00\x00\x00\x00IEND\xae\
B`\x82\
\x00\x00\x18+\
\x89\
PNG\x0d\x0a\x1a\x0a\x00\x00\x00\x0dIHDR\x00\
\x00\x00F\x00\x00\x00S\x08\x06\x00\x00\x00\x225q\xac\
\x00\x00\x00\x09pHYs\x00\x00\x0b\x13\x00\x00\x0b\x13\
\x01\x00\x9a\x9c\x18\x00\x00\x0a\xe6iTXtXML\
:com.adobe.xmp\x00\x00\
\x00\x00\x00<?xpacket beg\
in=\x22\xef\xbb\xbf\x22 id=\x22W5M\
0MpCehiHzreSzNTc\
zkc9d\x22?> <x:xmpm\
eta xmlns:x=\x22ado\
be:ns:meta/\x22 x:x\
mptk=\x22Adobe XMP \
Core 10.0-c000 2\
5.G.ef72e4e, 202\
5/06/27-18:54:05\
        \x22> <rdf:\
RDF xmlns:rdf=\x22h\
ttp://www.w3.org\
/1999/02/22-rdf-\
syntax-ns#\x22> <rd\
f:Description rd\
f:about=\x22\x22 xmlns\
:xmp=\x22http://ns.\
adobe.com/xap/1.\
0/\x22 xmlns:dc=\x22ht\
tp://purl.org/dc\
/elements/1.1/\x22 \
xmlns:photoshop=\
\x22http://ns.adobe\
.com/photoshop/1\
.0/\x22 xmlns:xmpMM\
=\x22http://ns.adob\
e.com/xap/1.0/mm\
/\x22 xmlns:stEvt=\x22\
http://ns.adobe.\
com/xap/1.0/sTyp\
e/ResourceEvent#\
\x22 xmlns:stRef=\x22h\
ttp://ns.adobe.c\
om/xap/1.0/sType\
/ResourceRef#\x22 x\
mlns:tiff=\x22http:\
//ns.adobe.com/t\
iff/1.0/\x22 xmlns:\
exif=\x22http://ns.\
adobe.com/exif/1\
.0/\x22 xmp:Creator\
Tool=\x22Adobe Phot\
oshop 27.3 (Wind\
ows)\x22 xmp:Create\
Date=\x222026-02-09\
T18:59:01-06:00\x22\
 xmp:ModifyDate=\
\x222026-02-27T14:3\
8:36-06:00\x22 xmp:\
MetadataDate=\x2220\
26-02-27T14:38:3\
6-06:00\x22 dc:form\
at=\x22image/png\x22 p\
hotoshop:ColorMo\
de=\x223\x22 xmpMM:Ins\
tanceID=\x22xmp.iid\
:7effce6f-498f-5\
f43-b5da-585f286\
28d56\x22 xmpMM:Doc\
umentID=\x22adobe:d\
ocid:photoshop:b\
3c82cc4-d5f6-484\
d-98e7-f77bcf2be\
8e9\x22 xmpMM:Origi\
nalDocumentID=\x22x\
mp.did:5362cc97-\
a2ba-cc4e-b8e1-4\
97e5a8d90d8\x22 tif\
f:Orientation=\x221\
\x22 tiff:XResoluti\
on=\x22720000/10000\
\x22 tiff:YResoluti\
on=\x22720000/10000\
\x22 tiff:Resolutio\
nUnit=\x222\x22 exif:C\
olorSpace=\x221\x22 ex\
if:PixelXDimensi\
on=\x2270\x22 exif:Pix\
elYDimension=\x2210\
7\x22> <photoshop:T\
extLayers> <rdf:\
Bag> <rdf:li pho\
toshop:LayerName\
=\x22MET\x22 photoshop\
:LayerText=\x22MET\x22\
/> </rdf:Bag> </\
photoshop:TextLa\
yers> <xmpMM:His\
tory> <rdf:Seq> \
<rdf:li stEvt:ac\
tion=\x22created\x22 s\
tEvt:instanceID=\
\x22xmp.iid:5362cc9\
7-a2ba-cc4e-b8e1\
-497e5a8d90d8\x22 s\
tEvt:when=\x222026-\
02-09T18:59:01-0\
6:00\x22 stEvt:soft\
wareAgent=\x22Adobe\
 Photoshop 27.3 \
(Windows)\x22/> <rd\
f:li stEvt:actio\
n=\x22saved\x22 stEvt:\
instanceID=\x22xmp.\
iid:5e58fed0-21a\
c-364a-849d-8cb9\
16c3b51f\x22 stEvt:\
when=\x222026-02-10\
T18:04:33-06:00\x22\
 stEvt:softwareA\
gent=\x22Adobe Phot\
oshop 27.3 (Wind\
ows)\x22 stEvt:chan\
ged=\x22/\x22/> <rdf:l\
i stEvt:action=\x22\
saved\x22 stEvt:ins\
tanceID=\x22xmp.iid\
:b74a597c-9513-6\
349-b6fc-678a546\
346aa\x22 stEvt:whe\
n=\x222026-02-27T14\
:38:36-06:00\x22 st\
Evt:softwareAgen\
t=\x22Adobe Photosh\
op 27.3 (Windows\
)\x22 stEvt:changed\
=\x22/\x22/> <rdf:li s\
tEvt:action=\x22con\
verted\x22 stEvt:pa\
rameters=\x22from a\
pplication/vnd.a\
dobe.photoshop t\
o image/png\x22/> <\
rdf:li stEvt:act\
ion=\x22derived\x22 st\
Evt:parameters=\x22\
converted from a\
pplication/vnd.a\
dobe.photoshop t\
o image/png\x22/> <\
rdf:li stEvt:act\
ion=\x22saved\x22 stEv\
t:instanceID=\x22xm\
p.iid:7effce6f-4\
98f-5f43-b5da-58\
5f28628d56\x22 stEv\
t:when=\x222026-02-\
27T14:38:36-06:0\
0\x22 stEvt:softwar\
eAgent=\x22Adobe Ph\
otoshop 27.3 (Wi\
ndows)\x22 stEvt:ch\
anged=\x22/\x22/> </rd\
f:Seq> </xmpMM:H\
istory> <xmpMM:D\
erivedFrom stRef\
:instanceID=\x22xmp\
.iid:b74a597c-95\
13-6349-b6fc-678\
a546346aa\x22 stRef\
:documentID=\x22xmp\
.did:5362cc97-a2\
ba-cc4e-b8e1-497\
e5a8d90d8\x22 stRef\
:originalDocumen\
tID=\x22xmp.did:536\
2cc97-a2ba-cc4e-\
b8e1-497e5a8d90d\
8\x22/> </rdf:Descr\
iption> </rdf:RD\
F> </x:xmpmeta> \
<?xpacket end=\x22r\
\x22?>\xfd\xa0\xa1N\x00\x00\x0c\xebIDATx\
\xda\xed\x9c\xbbo\x1c\xd7\x15\xc6Y\xc4i\x95^.l\
\x8b\x86\xd3X)D\x90\x10\x83\xa4\x89\xd3$\x90!\xb9\
v@\x17\x1e\x12Q\xbb;\x81\xdc\x84\x5c8R\x80h\
\x1f1\x01\xb1\xb0\x01\xb1H\x02\xb3\x91DK|\x94R\
\x9a(\x88\x04\x99\x0b\x09\xcb()d\xb9\x94\xff\x85(\
\x93\xb9\x8fs\xefw\xce=\xb33\xcb\xa8\x10\xec%p\
0\x8f\x1d\xee\xcc\xfd\xcdw\x1e\xf7\x81\x9d)\x8ab\xc6\
\xd8'\xfbO\x8a`{\xb0\xff\x92\xdb\xef\xae\xff\xfb\x85\
\x1a\xf1\x08P^\xf4\x0d\x8ej\x1f\xbf\x04\xcf`\xc1\xbc\
LP^&\x9b\x82\xa9\x02\xa3\x9d<\xf7\xc9{\xc5Y\
k\xe7\x123\x9f\x9d\x13\x9f\xd19:/\xaf\xd1>\xc7\
m\xd5=\xaa\xae\x93\xdf\xed\xf6\x95\xef_\x7f\xaf\xf2\xb9\
q\xbf\x11\x98\xb35\x0d\xd7L\xbd\xf1z\x0a\xb7\xaa\x81\
M\xce\xeb\xd7\x8cy\xae\xf5\xf4\xb9\xaa\x9e]\x83\xa3\x80\
\xd1\x89k\x0f\xad\xa9g\x92\xb7/\x95Y\xa5F\xadQ\
U\xdf_\x05-y\xaeu\xfey-\x18\xfc\x87\xf4\xed\
\x8d\x97\xb7\xfd\xdf\xd2\x06\x07k\x13\xba\x95\xf2\xf9z}\
\xe3\xc6\x01k\xf2B\xfb\xe5s\xd2\xb9F\x8a\xa1\x8b\xfb\
\xbe\x81\xf4\xa5t<\x18v\x02@\xf4o:\xd7+\xaf\
3\xd7\xd4\xc5\x07\x09\xae\xbd\xb7\xcc!\xc3\xf9\x1c?S\
^\x1a6\x94lp\xd0a\xdf\x15\xdck\xdd];\x80\
\xf6M\x0c\x06\xe1\xd0q\xff`\xd56\x1c\x89#<\xb2\
\x01<\xe8\xb87\xda\xde_)Z\xd0p\xda\x9as\x0e\
\xcaJ\xa5RL\xe3\xf1\x9e\xf8\xacx\x7f|V{\x5c\
>\x7f\x0f>o\x0c\x86\xac'\x1aJ\xdb\x9e\x81s\xe0\
\xbe\x9c\xac\x0f\xdb\x01\xec\xc7\xefKe\xdf\x0e\x8d_\xe6\
\xb0\xfc\xf9\x967Mu\x06(\xde\x87\xee\x1b-\xbe@\
zF\xf6\x82\xbd\xaa'\x02\x83o$\xdc\x04\x1e\x80\xdb\
*\x83\x16\x1eR\xa8\x0a\x01\x05\x17\xd9\xe7.\x92\x97\x8d\
%(dg\x85\xeb\x10Hsm\xbc\xe7*\x83\xe4\x9e\
\xb9c\xcf\xf7\xfd\x8b\x8c\xf0V\x13E\xd5\x07_!w\
\xf7eN\x19\xe1F\xc3\x0e\xdc\xa4\xe3l\xd8\x11n\xd4\
\x09\x90\xa2\x1ax\x1a\xcd}\xc3\x09J{/\x85\x22\xd5\
\x95\xefe\x11Li\xf2e\xf4\x95\x17\x93\xbe4\xfe\xac\
\x93\xa7k\x90\x1d\xf9268>\xc0Zx3f\xcb\
\xdeN\xf9p\xed\xb21Zvj\x85\x06f\xf6\x9a\x1c\
\x80\xe4\x00\xc5\x9d\xcf\x00X\xdc\x8f\x8a\xeex\xd5tT\
\xd7\xe7\xb0V\x99\xda\x1b\x811\x17\xca\x06\xf4+\xdeH\
O\x80A\xff\xee\x0f\xe3u\xb9\x08\xac\x18C\x9a\x18\xba\
W\x0b\xb6\xb9\x05\xe3\xeeo-(\x9b\xc3\xe8A\xccC\
0\x03PU5\x98kn\xdb\x13\xfe\xe7\xe2\x8c\x0cn\
\xe8:\xfc-\xc9 L`0\xb8:\xb7\xc9\xc2\xf9v\
PL\x16\xdde\x7f9(\xa8\x05J\x89\xffC`\xa8\
\xa1N\xa9=\xf1|\xb8\xb5\xfb\xc3\x08\xaf\x1f\x92\xc8Z\
\x13\xc5D\xb7\xd1\xd2\xb0\xbd\x01\xaac\x18\xa5\x1c\xb2\xd5\
\x10\xaf]\xb3\x0d5\x86A\xb6\x0d\x0d\xc4\x98\xd1N\xdc\
&~\xdeb\xe72{\x8c\x19g\x00\xf1#\xc6\x97N\
\x92\xd2\xa9\xdc\xe8\x81\x8aj\xc1\x0c\x84\x14\x07\xde\x07y\
\xbcI\xa5\xaa\xbb\x99{\x93-\x90>\xa9\x06\x1b\x9aC\
\x96\xb1\xaa\xf0[\x0b\xc0\xbb\x11\xc5\x9a\xdc\x07h\xb35\
\xd6WR5\xed\xcf|\xf0\xfb\xd2.\x153K\xc6.\
\x96\xfb\x17\xdd\xf1\x07\xfe\x98\xac<\xdfH1}\x11h\
\xf1\x8dT\xa7l\x9e\x05\x06\x90\x22c`\xcd\x94,\xb3\
l\xb3Q\xcb\xbb\x90\xbc\x0e\xb3SP\x0b\xc4\x1c|)\
\xae\xd1\x17C\xc3\x97\x0e\x8bbiT\xb8-\xed\xe31\
X\x03\xc5tR\xfaC\x9e\x8e\x9d\x8btD\xec\xe9$\
\x85\x16\xc1\xccE\x00\xa5\x12=\x87F\xb6\x84k\xd1u\
\x98\xd2\xf1{\x08\xa4U\x86\x7f\xf3\xa1\xe1\xb2\xf1\xa3\x1a\
0\xa3\xa2\x99bz\xf0\xf6\xfb\xe0\xabZ\x9d2\xa8(\
\xeaPy2\x8e\xa0;\xb5e\xec@\x80P\xeb\xc8L\
\xd6\xf2\xc5\xa1QG\xa2\x8a\xc3\x0a8\x1a\xb8QC\xc5\
`\xa0\xed\xb1t\xd7Qk\x82\xbaX\xe3\xea\x18\x9ez\
[JCS\xcb\xacb(K\xc9\xeb]l\xb8T\x0d\
\xa3B\x19\xc9\xb5\xa3*\xc5\x5cK\xc1\xf4d\xf9\x0f\xae\
D\x7f!;A_\x04\xfbPX\x9e\xcb\xfa\xa3\xed\x1b\
\xfa\xcb\xf33\xc5/J\xa3-\xee\xa3\xb2Z\x90\xa9\x5c\
\x1cZ\xb1\x815ih\x15\xa0\x17\xe1J\xd4%\xef\x81\
;\x98\xf4K\xc7\xf2\x0f\xeb\x98\xf4\xb35\xe6JT\xaf\
\xfc\xe9g\xaf\xdb\xc6\x7fvw\xa1\xf8\xf4\xee\xbc\xdd:\
\x8b\xfb\xc7\xb2\xf3\xc5\xb1\x0f\xcf\x07\x97\x8b5\xceJp\
K\x16W\x0e\xc7\xa8e\xa4\xb8\xd3\xa4\xc1\x17\x0b\xba\x1e\
s\x93U\xb5\xf1M\xfer_s\xfc\xf9\x9d7\xac=\
?\xfcQ\xf1\x9f\xd1I\x07\xe5\xef\x0b\x01\x869&;\
s\xfbn\xf1\xee\x9d\xbb\xc5\x0fJ@\xe4~\xb2\xc61\
\x19\xa8\xd2m\xfc\xf9\xf9\x1bO\x8a\xc5[d_\x15\xa7\
o\xfa\xad?\xbf\xb0\xed\xce5L\xd7k\xa2\xcf\xd1I\
\x95\xf1\xf87\xa5\xe5q\xfb/\xbfUT\xd3\xf6P\x0c\
\x0ci\x08\x85 \x19 g\xee80\xc6\x8cz\xa8H\
lY0\xae\xce1\xf5\x89\x1aG\x0e\x1d\x10\x07\xe5\xab\
bq\xbb\xdcz\x00\x16\xc8\xb6;O\xd74\x02#\xfb\
\x229\xec'\x7f\x01N\xb4|\x8f\xf7kr\x80\xf2\xfc\
\xd0\x99\x06\xc8\x9c\xb7`J;s\xfbo\x01\x0a\x99Q\
N_\xa9`\xadj\x84{\x18% \x18\xa3\x0ac\x04\
\xc3\xc0\x99\xdf~\xea`\xddp\xaa\x19\x0b\xc6\xcc1\xf1\
\xbe\x88\x93\xedQ\x5c\xc7\x01\xcd\x82Z\xc8}4{\xe7\
\x0f\xff\xb0\xf6\xf3\xcb\xf7\xec\xd6*\xe6v\x0af0\xec\
$\x8a\x0e`@5\xf3\xd7\xbdR\x8c\xed~\xed ]\
w\xb6\xb0\xed\x8e\x17w\x9f\xda-A\xab\x05#{\xb4\
\xb4e\x0d\x87Z#\x1f\x03.\x07(\xcfI\x19_\xfc\
\xa4\xf8\xef\xcd\x9f\xda-\x19\x01!8\x0f\xfe\xf9Z\xf1\
ei\x0f\xbc\x11\xa8c\x1f\xfeZ(\xc6\x0di\x84Z\
\x06\x94\xe3\x14\xe2\x5c\x88b\x8cu%\xb0\x85\x1b^I\
M\xc1\x98\x86\xe7J%J=`\xd9\xa1\xa3\xbe\x90\xfc\
k\x89\xd8\x8204\xfb\xe6\xd57\xadI0d\x17~\
;\x93\x0c\x88\xb5(;\x89tl\x94\xc2\x82\xed\xcd\xe8\
V\xa7o>-N\x13\xa8[NI\x13*&\x0b\x1d\
\xb7\x1cj\x10\xea\xdf\xe4\x15\xbdbL\xaf\xef/~\xbf\
\x01\x90\xd9\x00\xe5\x9b\xe3\xb3\x01\x0e\x022\xdb/\x1f\xbf\
V|d\xe0\xf8\xc2\xd1dM\xf3\x9c!;\x098&\
~\x9c\x86x\xe3\xe0\xc4\xac\x84q\xa8\x16L\x8b`\x04\
w\xc9\xd8\x10\x81t#Y\xee\xe7{+0\xbe\xb2\x5c\
\xfc\xea\xc7\xf5`\x9e\x1d\x070\x1e\x8e9g\x81<~\
\xdd\x99\x87cU\xe3\xc7[L\x09A\xb1\x90\xb9\x93\x87\
dA\x04W\x8a\xc1\x17\xb7\x16\xd2\xf6\x93f\xc17\x1d\
9\xcb\x14\x10Y\x18\xcc&\x10\xcc\x0d\xcd\xb6\xb4&`\
H1\x16\x90\x85T\xad\x1a\x03\x06\xbb-\xf9\xbe\x07\xb3\
tI-\xec0\xa6X\xd5lG\x97Z\xbc\xf54@\
\xaa\x07c`$\xaa\xc8\xd8>e\x9b\x96\x88G\xb1\xb7\
\x9c\x05\xa0u`\x10\xc4\xb3\xb0?\x9b\xc4\x1aR\x0d\x82\
1\xaaA\x05'\x95\xf0\xc8\x05at%t!\x9b\xa9\
JP\xa7w\x9e6q%\xde\xe5\xcf\xa1\xd2\x0c\x0f\x01\
]\x7f\x19W\xe2\xb0\x80;O`d&\x92\x01\x17\x0d\
]\x8b\xa0<\xf01\xc6\x80\x89\xbd\xfbU6\x95\x92\xc4\
\x1a\xa8~-\xa0m\x883\xe5\xf1[W\xeeX\xfb\xe1\
\xc6_\x9b\x8117\xa1\xe9\x8e\x5c\x19+\xc9A1-\
\x11or1\xf2?N1\xa8\x0e\x8a+\x08\x85\xe2\x0c\
\xba\x11\x0e\xbaSVJ\x14\xa3U\xc1\xdb\x11\x8e\x01\xf1\
\xd6\xc6\x9dh%\x9c\xe6\x8a\x81Q\xb6t\x10)\xa6l\
m\x80)\x0eMr0R5\x0e\xc0,\x83\x22\xe1<\
\x00W\xfa(\x80\xe9\x84\xc1\xb36\xd4[I\x17\x81\xc0\
\x80;-\x90R<\x14\x03\xa9\x91b\xb0F\x89\xe3\xac\
rx1\x1b?\xdd\x01\xdb\xf1\x8ay3\xc0y\x06\xb1\
\x86\xbb\xd3lp\xa5\x0b>Uc\x1d#\xa7U\x98;\
av\xba\xe5\xd4B\xaeCnD\x80\x1aw\x09p<\
\x84n\x8c\xa3\xfb\x98\xd2y&\x13qi\x0c\x1c\x82\x11\
 \x10\x9c\xe3\xb3\x0cN\xa8aVg\xfc4I\x1ce\
\xc4\xe9\x97\x04\x0c\xb8\x92-\xfd\xbf\xf8\x9aA\xc1}\xb9\
0R/\xf0|\xaa%8\xb9\x18\xa9\xe7\x85\x9eV!\
\xf3s\x1a\x98\xd4u<\x10P\x0a\x81\xa2\xf8\xd2\xf3\x13\
y\xbd0\x97\xdeI\x8aLm\x10\x9c\xb9\xd0\x95\x18W\
p\x7f\x22W\x8aA\xf8\x5cP\x8c\xcb<\xb2\xd0\xcb\xc2\
\xc8Z\xae\xcc\x05\x19\xf9\xbf\xbf\xf8\x0a\x03\x84.\xc3\xc0\
\xbc:\x9b\xb8W\xccD0B\xe8\xbb\x06\xb9\x18\x19d\
\xbdm\x0f\xe7\xed\xab\xf7\x8a\x93\x9b\xf7S\x17\x02\xd54\
\xeb+\xc9A\xa1\xfd\xb4\xfcoUT\xc3r\xc8\xa2\xed\
'\xc5h\x88\x94\xe0T\xa5g\xb4\xc1\xcc\xf7\xac\xc95\
9\xfd\x838W\x1e3\xd2%u\x08\xc2@!\x10!\
\x1b\x81+\xd1\xb9\x06\x05\x1e\x8f\x111-g\xa1\x9a\xcd\
YZ\x16}\xab\xfd4\x83\xf5\xfc\xfc2\xa9\xcf\xc0\xf9\
\xe3\xcc+\xc1\x08\x80<\xc7\x96l\x0c;\xea@{\xae\
\xa5ioF%'7\xef%\xea`\xc7\x93\xb8\x92\xab\
~\x95~\x10s\x9f\x95\x8a\xf3i\x8c\xa1y(\x5c\x01\
E3\x9c\xea\x92\x0dm\x1ek\xc8\x17)\x99\xefQ'\
\xd6\xbcb\x9c\xfb\xdcK\x94Apd\x10n\x00&K\
\x82(N\xbe\xc7\xed\x8a\xef'\xa5\xd9)\x5c\xb3\xef\xb2\
\x14\xad\xc7\xebC\xd0\xec\x01\x18\x5c\x01E\xab'\x06l\
\xa9\x06\x9f\xc21\xe0\xd4*\xf7\x10\xa1\xdcwn$\xd4\
\xa2\xc5\x99f1\xc6\xba\x0a\xf5\xb0\x97\xf9<r\xd2\xf8\
\x95d\x084\x14\x5c0\x9a\x8f\x81\xb3\xe7\xe7\xb3\xfbc\
\xa7|\x01\xcap-\xacb\x08\xd3\xb0K\x17\xf5\xc1o\
\xef>\xa4\x96\xb7A1Z\x8cA\x05\xd5\x82qs\xbf\
q\x02\x1c\x1b(g\x0dy\xa71c\x99\x08\x15\xd6\xc3\
\x95\x11\xca\xf0d\x12;\xd8\xba\x9b8\x84\x19&\xd8*\
\xa6I,\x94M\x07\x85)f\x83W\xba\x01\xcc\x95\x09\
\x14#\x07|\xec\x03\xd1J\x812\xf2\xb7+2\x13v\
\xe6\xa4k\xf5\xd9\xfa\xb7\x8e:k\x99\xac\xd2\x0a\xcb9\
\xd6*\xfb@x\x8e@\x04\x03\xc50 \x22+\xd1g\
\xf5`F\xe3\xe7\x7f\xf9\xf2\x09\x5cRqI,\x04\x8a\
\xb1\x87-\xde9\x90K\xbd\xb8\xb9\xb4\xcb\x97iT\xce\
?\x8b:\x85\xccB\xf1\x80B\xe0E(\x1bi@n\
\xae\x98&\x93\xe4p\xcc\xd6\x9f0p\x17\xa3\xea\x96P\
}\xb0\x0fV9\x95\xaa\xbc\xb0\x10d\xc1u\xa4\xb1\xac\
$\xfaG\x13\xf5\x95\xd4I\xef\x8aY\xbe\xbai\xcf\xda\
\x95\x06\x13\xce/\x87\xa2m3\x02\x09\xea\xc0}\xe1N\
Za\xc7\x00m\x1c!\xc6\xfc?\xf3\xc1c\xe7\x93\xeb\
\xe0W|_\xa2\x0a\x0f\x03\xdd\x08\xdd\xca\x98\x16gd\
\x10n\x06fT\xb3z\xa0\x89*F5\xf0F\x13\xc0\
\x85\xebP!15\xdf\x0f\xe99\xb8\x94\x883j\xc5\
\xbbq\x94\xactX4w\xab&+\x0d\xeaT8\xaa\
v\x1bTH\x800\xf6\xf8>+\xf2B\x86R\xba\x06\
\x8d\xeb\x987.\xef\x14'\xba\xbbvKf\x8e\xed\xb9\
.?g\x8eO\x946nANm\xdc\xa9\x80\x89\x0d\
L\xb2\x8ep#\xfey\xeaf,\x0b)=\xebF`\
N@\xe3\x11\xca\x89.\x00\x12p\xd8~\xb8n'\x1c\
'q\xe0\xaaTA|\xf3\xd88\x99\x82%(\x04\x80\
\x15/\xc5\x15mPJ\xc6\x96\xc6\xbdkl|h\xe0\
e\x09KW\x91\xa6(\xb3/k\x8b${H\x97\x00\
02n\xd4\xa9Hs\x13\x99\x85\x8e4\x18\xce\xa1\xec\
\xf2\x06ww\x92\xcfNt5uqU\xe1\x1b\x96\x8d\
\xad\xaaCN\xcakT\x90\xb1\x0b\x10\xc6]\x14\x850\
@\xa2\xcf4V1\x1fKW\xea\x8e\x07\x83\x9f3\xd5\
H\xc5\xf8}\xd9 V\x87\x5c\xd5U\xa2A8\xb9Y\
\xad6\xa9\x00\xacl\xab\xba\x02\x13\x15x\xd2-d\x1c\
I\xdc\xac\xcb\x81$\xd6\xdd\xd1\xddgS\xcb\x22z\x5c\
\x91YGM\xc7\x12\xc8\x951\x83Sr\xdc\xb7QV\
Rc\xcan\x92\xa9(#1utS\xb5\x98}-\
c\xc8\x06\xf2\xa2\x8c\xbb\xca\xa9\xcf\x1f\x06\x9b\xdbz\xc4\
\xb6\xa7\xb6\xf4\xf3s[n?\x5cW\x9at\xb5\x89\xfa\
J\x95\xf1B\x06\xd9\xeeN\x1a|\xc5\xff\x91\x85\xb9\xe2\
\xed\xb8\xec\x8bL\x03D\xea\xb1\x8d\x82\x06Rc\x11\x14\
\xc2\xd1\xce\xc7\xff\x83k\xb7\x1eN\xde\xbb\xd62\x8d\x9a\
\xa6\x95t\xae\xb9\xd1<L\xa2\x13\x0c3\xf1E\xd3\xa6\
4uJ\x0a\x89\x10\x1e%\x10\xe6\xb6bc\x99j>\
\x8f\x00\xaa\xc0H\xc5\xc9\x18t$\xc5h\xcaH\x0b\xbd\
\xdd4\x95_\xdeaP\xe4T)N\xb6\x1b\x95\xccm\
\xf1FJ\xb7\x90\x9fU\xd9\xa9\x9a\xff\x8d\xfb\x8f&)\
\xf0x\xa1\xa6\xd50Iu\xdc\xd5\xe3\x0c\x9bL\x97\xaa\
\xc1\xe5\x18\xa5\xa51\x04\xedQ\xe2N\x9a\x0axl\xe1\
.\x96\xaa\xcb\x83i\xa2\x18L\xd9\x98}\xb4:\x86o\
u5\xb1\xc6\x83B\x82;y\x93\x0f\xce\x5cG\xc0\x8a\
.\xf20q9\x8c%s\x226\xc9x\x84\xf7k\xfc\
k \xdf\xd5_\x1b\x9a\xfe~L\x130\xef^\xf8K\
1\x85\xc3\xcd0\xb1`\x08\xce\xb7\xc5&\x86q\x8dC\
a`\xa6\xc6m\x0af\x0af\x0af\x0af\x0af\x0a\
f\x0af\x0af\x0a\xe6\xdb\x06\xc6\x94\xd0S\x10\xdc\xec\
\xca2\xfa=\xdf)\x90\x08%\xfc\xd0q\xf2\x0b\xd0\xdf\
a\xa3_\x80\xfe\x1fm\xf7\x0eE\x0d\x17=\xb1\x00\x00\
\x00\x00IEND\xaeB`\x82\
\x00\x00\x12\xc8\
\x89\
PNG\x0d\x0a\x1a\x0a\x00\x00\x00\x0dIHDR\x00\
\x00\x00F\x00\x00\x00S\x08\x06\x00\x00\x00\x225q\xac\
\x00\x00\x00\x09pHYs\x00\x00\x0b\x13\x00\x00\x0b\x13\
\x01\x00\x9a\x9c\x18\x00\x00\x0a\xe6iTXtXML\
:com.adobe.xmp\x00\x00\
\x00\x00\x00<?xpacket beg\
in=\x22\xef\xbb\xbf\x22 id=\x22W5M\
0MpCehiHzreSzNTc\
zkc9d\x22?> <x:xmpm\
eta xmlns:x=\x22ado\
be:ns:meta/\x22 x:x\
mptk=\x22Adobe XMP \
Core 10.0-c000 2\
5.G.ef72e4e, 202\
5/06/27-18:54:05\
        \x22> <rdf:\
RDF xmlns:rdf=\x22h\
ttp://www.w3.org\
/1999/02/22-rdf-\
syntax-ns#\x22> <rd\
f:Description rd\
f:about=\x22\x22 xmlns\
:xmp=\x22http://ns.\
adobe.com/xap/1.\
0/\x22 xmlns:dc=\x22ht\
tp://purl.org/dc\
/elements/1.1/\x22 \
xmlns:photoshop=\
\x22http://ns.adobe\
.com/photoshop/1\
.0/\x22 xmlns:xmpMM\
=\x22http://ns.adob\
e.com/xap/1.0/mm\
/\x22 xmlns:stEvt=\x22\
http://ns.adobe.\
com/xap/1.0/sTyp\
e/ResourceEvent#\
\x22 xmlns:stRef=\x22h\
ttp://ns.adobe.c\
om/xap/1.0/sType\
/ResourceRef#\x22 x\
mlns:tiff=\x22http:\
//ns.adobe.com/t\
iff/1.0/\x22 xmlns:\
exif=\x22http://ns.\
adobe.com/exif/1\
.0/\x22 xmp:Creator\
Tool=\x22Adobe Phot\
oshop 27.3 (Wind\
ows)\x22 xmp:Create\
Date=\x222026-02-09\
T18:59:01-06:00\x22\
 xmp:ModifyDate=\
\x222026-02-27T13:2\
3:29-06:00\x22 xmp:\
MetadataDate=\x2220\
26-02-27T13:23:2\
9-06:00\x22 dc:form\
at=\x22image/png\x22 p\
hotoshop:ColorMo\
de=\x223\x22 xmpMM:Ins\
tanceID=\x22xmp.iid\
:335afa27-d2ea-9\
d45-bfeb-87badfa\
87a35\x22 xmpMM:Doc\
umentID=\x22adobe:d\
ocid:photoshop:2\
a1f0043-9d41-ec4\
1-b9ee-20d691569\
b06\x22 xmpMM:Origi\
nalDocumentID=\x22x\
mp.did:5362cc97-\
a2ba-cc4e-b8e1-4\
97e5a8d90d8\x22 tif\
f:Orientation=\x221\
\x22 tiff:XResoluti\
on=\x22720000/10000\
\x22 tiff:YResoluti\
on=\x22720000/10000\
\x22 tiff:Resolutio\
nUnit=\x222\x22 exif:C\
olorSpace=\x221\x22 ex\
if:PixelXDimensi\
on=\x2270\x22 exif:Pix\
elYDimension=\x2210\
7\x22> <photoshop:T\
extLayers> <rdf:\
Bag> <rdf:li pho\
toshop:LayerName\
=\x22MET\x22 photoshop\
:LayerText=\x22MET\x22\
/> </rdf:Bag> </\
photoshop:TextLa\
yers> <xmpMM:His\
tory> <rdf:Seq> \
<rdf:li stEvt:ac\
tion=\x22created\x22 s\
tEvt:instanceID=\
\x22xmp.iid:5362cc9\
7-a2ba-cc4e-b8e1\
-497e5a8d90d8\x22 s\
tEvt:when=\x222026-\
02-09T18:59:01-0\
6:00\x22 stEvt:soft\
wareAgent=\x22Adobe\
 Photoshop 27.3 \
(Windows)\x22/> <rd\
f:li stEvt:actio\
n=\x22saved\x22 stEvt:\
instanceID=\x22xmp.\
iid:5e58fed0-21a\
c-364a-849d-8cb9\
16c3b51f\x22 stEvt:\
when=\x222026-02-10\
T18:04:33-06:00\x22\
 stEvt:softwareA\
gent=\x22Adobe Phot\
oshop 27.3 (Wind\
ows)\x22 stEvt:chan\
ged=\x22/\x22/> <rdf:l\
i stEvt:action=\x22\
saved\x22 stEvt:ins\
tanceID=\x22xmp.iid\
:d1e34822-0b92-1\
94e-9abd-dada348\
1abda\x22 stEvt:whe\
n=\x222026-02-27T13\
:23:29-06:00\x22 st\
Evt:softwareAgen\
t=\x22Adobe Photosh\
op 27.3 (Windows\
)\x22 stEvt:changed\
=\x22/\x22/> <rdf:li s\
tEvt:action=\x22con\
verted\x22 stEvt:pa\
rameters=\x22from a\
pplication/vnd.a\
dobe.photoshop t\
o image/png\x22/> <\
rdf:li stEvt:act\
ion=\x22derived\x22 st\
Evt:parameters=\x22\
converted from a\
pplication/vnd.a\
dobe.photoshop t\
o image/png\x22/> <\
rdf:li stEvt:act\
ion=\x22saved\x22 stEv\
t:instanceID=\x22xm\
p.iid:335afa27-d\
2ea-9d45-bfeb-87\
badfa87a35\x22 stEv\
t:when=\x222026-02-\
27T13:23:29-06:0\
0\x22 stEvt:softwar\
eAgent=\x22Adobe Ph\
otoshop 27.3 (Wi\
ndows)\x22 stEvt:ch\
anged=\x22/\x22/> </rd\
f:Seq> </xmpMM:H\
istory> <xmpMM:D\
erivedFrom stRef\
:instanceID=\x22xmp\
.iid:d1e34822-0b\
92-194e-9abd-dad\
a3481abda\x22 stRef\
:documentID=\x22xmp\
.did:5362cc97-a2\
ba-cc4e-b8e1-497\
e5a8d90d8\x22 stRef\
:originalDocumen\
tID=\x22xmp.did:536\
2cc97-a2ba-cc4e-\
b8e1-497e5a8d90d\
8\x22/> </rdf:Descr\
iption> </rdf:RD\
F> </x:xmpmeta> \
<?xpacket end=\x22r\
\x22?>\x02t\xed\x9c\x00\x00\x07\x88IDATx\
\xda\xed\x9c\xbfr\xdbF\x10\xc6\xf5$\xc98\x8f\x22\x95\
\xd4\xa4sF\xae\x92\x12\xa8\xe5I\xd2\xc4\x8dR\xc9U\
\x1eB\xea\x94J\x88\x1fC\xe93L\xde!\x1eI%\
\xc3\x03u\xc0\xde\xde\xf7\xed\xed\x01\x14\xa3\x91\xe1\x99\x1d\
P$A\xf0~\xf8\xf6\xcf\xed\x9dy\xb4\xd9l\x8e\x82\
\xfd\xf6\xe9\x9f\xcd`\x7f\x88\xc7/\xdc~\xfd\xfd\xaf\xbd\
Z\xe41@\xd9\xf7\x05\xa6\xda\xc5\x0b\xf8\x0e=\x98\x97\
\x04\xe5%\xd9\xde\xc1\x1cmEX\xb2}~\xd6\xdck\
0\x95\x1e\xed\x1b\xca\xf5\xf5uoWWW\xc3c\xfd\
\xb75\x08\xf9\xbc<\xdf\xb2\xf0\xd9\xfaz\xb5p\x0e\x06\
\x86\x0d\x00=\x17\x07\x11\x81\xc4\xf7\xa1\x01\xb3\xcf\xd1\xaf\
\xc5\xcf\xd5\xf0\xbd*;\x88b\xf4@\xd1k\xe8\x5c\x06\
\xc6RJ\x09P\xbcNIa\x07\x05\xc3\x06S3x\
9`\xaf\xaby\xec\xe0`J\x03\xf1\x0c\xb0\x14h\xe7\
\x00\x89\xe0\x9f\x15\x0c\x8a3\xe8\x8e\x97\x14\xa4a||\
\xdfn.\xcf\x9b\xfe\x18m\xf7\xf7\xee\xb9\x12(OL\
:\x08\x18\xa6\x12OL\x88\x83\x8b F\x00M\xffx\
\x04\x94\x82\x8a\x86\x02\xf8\xff\xeeJR1\xa58\xa2\x03\
\xb1\xbc\xe3\xe9\xe05\x80\x06*(\xda\x87o\xbe\xce\xe0\
xb\xd7\xb3\x83Ap\xacl$\xa1\xc8\xc1\xf7\x03O\
\x14\x22U\xa2\xe1\x8c\xaa\x0a`>\xffx^\xccB\x93\
\x153\xa5\x82\xb4\xe2L)\xb0\xc6\x81\x22\x17J\xe3\x0a\
WKx\xef/o\xbe\xda|\xfe\xe9}o\xe1qt\
/\x16\xd7\xaabL\xfc\xa2s\xc0X>.3A\xad\
i\x85\xd4\x9c[S)\x8f`n0\x98\x8bg\xaa\x82\
\xa5Z\xd8?48\x99\x8d\xc2cv\xbe'\xadW\xc5\
\x18y\xf19\xf3\x0d$_\xad\x16k`lp\xd2\xe5\
\xd8\xf9^\xd5T\xc5\x18yq\x04\xa6V\xfaVJ\x96\
\xe9\xd5\x03F\xd7/1\xd6\xe8\xf3k\xc1\xc0q\x22(\
\xb2p\xd2@NNN\xa0\x1d\x1f\x1f'\xc7`,m\
\xa2\xebx\xc1h8\xec\xfc\xda\x1b\xe5\x04\xd3f\xae\xa4\
\xa1H\x00\xf21\x02\xa6\xe1\xa4\xd7\x19\xaf\xf5\x9c`\xa2\
\x07\xb0\x040\x19\x8c\x86\xf3x\xb6\xda<\x08{|w\
\xba\xb3\xe1\xf1\xee\x18^\x93\xb5D\xfc2\xba\x1e\x91\x83\
\xf0\xba\x052t\xaeL\xefZ5,\x8e\x9a\xae\x84\xdc\
I*$\xc2\xd8\x81Y\x99P\xb0+\xb5\x9b\x87\xbfo\
\xb7\xd6=\x1do\xe1`\xd9\xf3^\x8b\x9f-Uc\xb9\
\xd1\x0e\xcc\x0d\x07\x83\x02\xb0TM\x04\x14\x153\xaag\
\x04\xa5\xd5\x22\xc1\xc4/\xec\xb5\xd2\xc0\xa3}\xd8\x16v\
\xffn\xab\xdf`\xa1\xc8\xd3\x9f1C1-T\x8c\x0c\
\xc2:\xae\x84\xbfsw:\xa5\xc1\xf7~\xbd\xfd\xa2\xd1\
f\x00B\xaf\xf7\xd5\xef\x16J\x98\x1e\xec\xc0t\x832\
u\x9c\x99\x0c\x86U\xc0Z9,\x00\xa3z\x86\x0d(\
X\x00v\xbf\x1e\x1f\xeb\xd7<\xe0\xfa\xf9\xd2vJ\x10\
\x8e\xc3\xf3\xeb=*F\xf7<\xac\x9a\x06\xc1a\x15\xe7\
\x08\xa6\xabVK\xd9\xba\xde\x9520\x02\x8an{N\
V\x8c\xa5\x1c\xab\xf0\x8bpXQ\x95\xdc\xcd\xb5?\xa6\
\xec\x94\xd3Q%\x05 L-\xde\xd5\x04\x87b\xda\xa4\
\x0c/)\x07\x15yle@\xdfi\x0d\xe5\xcf\x1f\xbe\
{\xb2\xb7\xbb\xe3\xf7\xbbc)\xf8\x86\xb8\xa2\x83\xee^\
\xc0\xa0\xe9=s+V\x11?>e'\xd60B\x03\
\xba\x17w\xf6n\x0bA\xda\x08I\x80\x12\x90\xbcA\xbb\
\xd4\x87q\xbaRC\x9aBm\xa6\x92!3\x9d\xadF\
{\xb7\xa2\xd3}k0\xbdZ\x9e`\xdc%\xc7\xb7\xc3\
1\x82\x09\x7f[p\xa4\x9b!\xb7\x9e\xa0\x98\x06\xba\x94\
\x9e\xbcI\xb7\x19\xd2\xb5\xa8i\xd8\x1c\x85g\xa7\xce]\
\xb8\xdd)x\x14\xf6\xfa\x96\xb6A*\xc0\xa0V\x22\x0f\
\xc6\x11\xcaX\xd8\x8d\x95/J\xd9\xa8\xa595\x03\x8d\
q(u\xadT)\x9d\xe9F3\xb2R\x93\xf5@d\
 \x1e\xa6\x07\xa2\xa8C\xb5\x8cu\xc7P\xfa\xd6\x99\xa7\
\xa6\x1af\xef)5\xc0\x9ds\xa5\xc6\xccPq\x929\
\xba\xd1*+\xf6\xe2\xcc\x1aM\xdeP\x7f\xc6S\xa3\xe0\
\x22\xaf+\x06\xdc\xdaE\xff\xe2$r\xe8\xd8\x03@V\
+B\xf7h=\xab\x86\x1cPGA\x95\x94\xc4\xa0L\
\x04#\x814\xd9\xb2\x85\x1c,s\x1b=\xdd\xd7\xad\x05\
k\xbd'u\x8b\xae\xa8\x22\xe4N\xd6\xeaf\xf56\x90\
|\xb1\xab\xa51\x87u\xe8\xade\x0e\x09\xa5\xa6Y\xee\
i\x9fz\xd6\x8d\xaa6-!0\x08\xcee\xb6\xf8\xd5\
\x82e\xd3\xd6\x88MM\x16k<K\x1b\xe1\xb5\xa4\xa5\
!\xda\x1a\xb2$`;+&\xef\xe6\xe2\x8a\xb1\x80\x08\
K\xdcM[\xbeZ\x88\xb2\x03[c\x1a\x0aAY4\
\x8a\xde\x8f\xee\xf90\x97d;\x1a\xac-g\x0eW\xc2\
\xeb\xc7\xd8]\x1aW\xedSZ\xd7\xce\xd2\xaf\xe8\x0c\xe6\
\xcf\x9d\x0epJ+\x02{QL\x0c\xbc\x12\x94V\x0f\
R\x92~\xbf\x86\x85\x14\x83\x96k\xe3\xe3A\x1dg\xab\
\x04@\xda1<-\xc6\x9dA17\x13\xc1\xf0\x05s\
\xb4~\xdc@\xc5\xc8\x22P>\xa7\x83\xb0\xb5n\x14\xb3\
\xd8PM+U\xa0N!\x9b\xcbMY\x87\xa7\x0bn\
\xa8\x86\xe1\xcf7\xae)\x84\xe7=\xb2x\x1c\xdcEL\
He\x9d\x92\xb4R\x9f\xc0}\x147\x04\xdd\x8c\xd9`\
\xd2\x89$RI\xe3\x00\xc0\xdd\x0fe8}\xc7K`\
\x1e\x92@|\x0a\xb2j\xaa\xf8Y`R\x97\xc2i\x9b\
+\x85\xc7 3\xb3\x91\xaa\xba4\x0f\xe2\x8b\xfe8\x14\
L.\xf0\x90;\xe1\x82\x8f\xef\x87\xb3]\xa7)\x9c\x9b\
f\xbb`\xb53\xeeR\x86d]H\xf7\x06\xe8\xda*\
\xd8\x1a(SKYE\x0d\x99\x17un0H\xb5\xb3\
\xc1x\x03j\xdc\x16V\x0e\xb0LY|NU\xd5\xaf\
YG8\xd8\xc5\xe5M\xaa\x9aD\xb2}2L%\xd8\
\x9f[X \xa2\xfdr,\xe8\xa6\xe7xAu@5\
\xd3V<\x8a\x9b\x13\x99j\xf0>9\xb6w.\xcfN\
(\xe3\xe1iD~m\x8f\x8a\xe4t\x85W\xe8\xad\xbf\
Q5=\xd6\xb4&\x84|b\xda\x14\xe3\x00\x02%\x8f\
y\x0bS\x83i\x1c\xc1\xbf\xf1\xb56K\x19\xaa\xa6X\
\xb37+7\xd5)\x1c}\x1e[\x82\xf1\xc5:\xbb\xf0\
;\xf2\xfeg*\xef\xc0\xacm\xa8Vl\xb1R\xbf\xb5\
JQ\xceN-\xd9U^X~\xf6n4D~\xca\
S1\x9f|\xa2\xca\x14\xc7\x1c\xd4\xda\xc8]\x96\xad\x83\
3\x05\xa3\xf9\xdbL0\xa5\xb2\xbe\x81K\xba\xd8\xbd\xf0\
\x91U\xd5\xfa=\xa83\x88\x14cm\x94F\x9d\xc8I\
`\xec\x16CI\xf6v\x00\xac\x89\x09\xe8\x86d\x1b\x04\
\x92Z\xc6S\x8d\xb7\xd3\xc1\xb0\xad\xa46\xa8|-\x8a\
\xa9\xa1\x14O\xac\xe0\xccw\x90\xf3\xcf\xd4\xea\xad\x06\xa3\
\xdb\x10\xbc\x15\xd1\x1a\x05\x9d\xaf\x91\xce6:\xb3\x99\xba\
\x95r\xf1N\xcf\x96\xd6J\x10\xcc\xc5\x84t=N\x03\
|=\x18}gQg\xaf\x94\x0dY\xb0/\xed\xdba\
\xc5\xa5\x9e\xcdOP\x0c(\xc2\x5c\x92O\x97s\x87X\
u\x9e\xef\xecfw\xbd\xe4N\xae\x09a\xb1[P\x09\
\xa6\xe4\xab\x16\x10\xddS\xb1\xce\xf1\xec\xd4b\xd9\xcf\xdd\
_\xa1k^\x95\xc17\x9f\xccy\xda\x98M\xe66\xa5\
\xe0Y3\xb0K\xd0\xb6\xac\xfd\x9f\xff\xd6rse\xdb\
\xc1\xdb\xcb\xcd]\xa3?\xef\x1c\xcf\xc2'5\xa8g6\
\xb8\xad\xd2\xa3\x0aL\x9a\x15ZZ\xa1\xa2Xam)\
\x99\xfb\xf3\x02\xfb\xf8\xaf\x89h\xbb~\xa5+\x95&\x87\
\x0d\xddA>\xc09o&u\xea\x9f\x1f\x8e\x91\xee\xfd\
\x13H2\x014z\xa8\x93e\x7fs88\xb3\xda\x0e\
\xfb\xfcI\x92/\xf6\xf7c^\x0d\x98o\x7f\xbe\xda,\
pR\x0bLz0\x11\xcek\xb1j\x187)\x94\x04\
\xccb\xa9-`\x160\x0b\x98\x05\xcc\x02f\x01\xb3\x80\
Y\xc0,`^\x1b\x98PB/ R\x0bL\x86\xdf\
\xf3]\x80\x8cP\x86\x1f:\xce~\x01\xfa\x0b\xb6\xf8\x0b\
\xd0\xff\x01\x06\xc4\xbe\x00/y?c\x00\x00\x00\x00I\
END\xaeB`\x82\
\x00\x00\x11v\
\x89\
PNG\x0d\x0a\x1a\x0a\x00\x00\x00\x0dIHDR\x00\
\x00\x00F\x00\x00\x00S\x08\x06\x00\x00\x00\x225q\xac\
\x00\x00\x00\x09pHYs\x00\x00\x0b\x13\x00\x00\x0b\x13\
\x01\x00\x9a\x9c\x18\x00\x00\x0a\xe6iTXtXML\
:com.adobe.xmp\x00\x00\
\x00\x00\x00<?xpacket beg\
in=\x22\xef\xbb\xbf\x22 id=\x22W5M\
0MpCehiHzreSzNTc\
zkc9d\x22?> <x:xmpm\
eta xmlns:x=\x22ado\
be:ns:meta/\x22 x:x\
mptk=\x22Adobe XMP \
Core 10.0-c000 2\
5.G.ef72e4e, 202\
5/06/27-18:54:05\
        \x22> <rdf:\
RDF xmlns:rdf=\x22h\
ttp://www.w3.org\
/1999/02/22-rdf-\
syntax-ns#\x22> <rd\
f:Description rd\
f:about=\x22\x22 xmlns\
:xmp=\x22http://ns.\
adobe.com/xap/1.\
0/\x22 xmlns:dc=\x22ht\
tp://purl.org/dc\
/elements/1.1/\x22 \
xmlns:photoshop=\
\x22http://ns.adobe\
.com/photoshop/1\
.0/\x22 xmlns:xmpMM\
=\x22http://ns.adob\
e.com/xap/1.0/mm\
/\x22 xmlns:stEvt=\x22\
http://ns.adobe.\
com/xap/1.0/sTyp\
e/ResourceEvent#\
\x22 xmlns:stRef=\x22h\
ttp://ns.adobe.c\
om/xap/1.0/sType\
/ResourceRef#\x22 x\
mlns:tiff=\x22http:\
//ns.adobe.com/t\
iff/1.0/\x22 xmlns:\
exif=\x22http://ns.\
adobe.com/exif/1\
.0/\x22 xmp:Creator\
Tool=\x22Adobe Phot\
oshop 27.3 (Wind\
ows)\x22 xmp:Create\
Date=\x222026-02-09\
T18:59:01-06:00\x22\
 xmp:ModifyDate=\
\x222026-02-27T13:2\
6:44-06:00\x22 xmp:\
MetadataDate=\x2220\
26-02-27T13:26:4\
4-06:00\x22 dc:form\
at=\x22image/png\x22 p\
hotoshop:ColorMo\
de=\x223\x22 xmpMM:Ins\
tanceID=\x22xmp.iid\
:028f7e69-409a-2\
e4d-b33e-bc79597\
fd2b2\x22 xmpMM:Doc\
umentID=\x22adobe:d\
ocid:photoshop:f\
7fabd7c-31b1-2d4\
0-b6ef-0ca2d34f0\
fda\x22 xmpMM:Origi\
nalDocumentID=\x22x\
mp.did:5362cc97-\
a2ba-cc4e-b8e1-4\
97e5a8d90d8\x22 tif\
f:Orientation=\x221\
\x22 tiff:XResoluti\
on=\x22720000/10000\
\x22 tiff:YResoluti\
on=\x22720000/10000\
\x22 tiff:Resolutio\
nUnit=\x222\x22 exif:C\
olorSpace=\x221\x22 ex\
if:PixelXDimensi\
on=\x2270\x22 exif:Pix\
elYDimension=\x2210\
7\x22> <photoshop:T\
extLayers> <rdf:\
Bag> <rdf:li pho\
toshop:LayerName\
=\x22MET\x22 photoshop\
:LayerText=\x22MET\x22\
/> </rdf:Bag> </\
photoshop:TextLa\
yers> <xmpMM:His\
tory> <rdf:Seq> \
<rdf:li stEvt:ac\
tion=\x22created\x22 s\
tEvt:instanceID=\
\x22xmp.iid:5362cc9\
7-a2ba-cc4e-b8e1\
-497e5a8d90d8\x22 s\
tEvt:when=\x222026-\
02-09T18:59:01-0\
6:00\x22 stEvt:soft\
wareAgent=\x22Adobe\
 Photoshop 27.3 \
(Windows)\x22/> <rd\
f:li stEvt:actio\
n=\x22saved\x22 stEvt:\
instanceID=\x22xmp.\
iid:5e58fed0-21a\
c-364a-849d-8cb9\
16c3b51f\x22 stEvt:\
when=\x222026-02-10\
T18:04:33-06:00\x22\
 stEvt:softwareA\
gent=\x22Adobe Phot\
oshop 27.3 (Wind\
ows)\x22 stEvt:chan\
ged=\x22/\x22/> <rdf:l\
i stEvt:action=\x22\
saved\x22 stEvt:ins\
tanceID=\x22xmp.iid\
:74c357e7-29d5-9\
34b-98dc-5dfb425\
a0a68\x22 stEvt:whe\
n=\x222026-02-27T13\
:26:44-06:00\x22 st\
Evt:softwareAgen\
t=\x22Adobe Photosh\
op 27.3 (Windows\
)\x22 stEvt:changed\
=\x22/\x22/> <rdf:li s\
tEvt:action=\x22con\
verted\x22 stEvt:pa\
rameters=\x22from a\
pplication/vnd.a\
dobe.photoshop t\
o image/png\x22/> <\
rdf:li stEvt:act\
ion=\x22derived\x22 st\
Evt:parameters=\x22\
converted from a\
pplication/vnd.a\
dobe.photoshop t\
o image/png\x22/> <\
rdf:li stEvt:act\
ion=\x22saved\x22 stEv\
t:instanceID=\x22xm\
p.iid:028f7e69-4\
09a-2e4d-b33e-bc\
79597fd2b2\x22 stEv\
t:when=\x222026-02-\
27T13:26:44-06:0\
0\x22 stEvt:softwar\
eAgent=\x22Adobe Ph\
otoshop 27.3 (Wi\
ndows)\x22 stEvt:ch\
anged=\x22/\x22/> </rd\
f:Seq> </xmpMM:H\
istory> <xmpMM:D\
erivedFrom stRef\
:instanceID=\x22xmp\
.iid:74c357e7-29\
d5-934b-98dc-5df\
b425a0a68\x22 stRef\
:documentID=\x22xmp\
.did:5362cc97-a2\
ba-cc4e-b8e1-497\
e5a8d90d8\x22 stRef\
:originalDocumen\
tID=\x22xmp.did:536\
2cc97-a2ba-cc4e-\
b8e1-497e5a8d90d\
8\x22/> </rdf:Descr\
iption> </rdf:RD\
F> </x:xmpmeta> \
<?xpacket end=\x22r\
\x22?>\xb9\xe1i\xbb\x00\x00\x066IDATx\
\xda\xed\x9c=\x92\x1b7\x10\x85\xe7,\xb2\x87\xe9\xee\x09\
\xc4h\x19\xfa\x10N\xd7e\xa5:\x81C\xb9|\x08'\
V\xd5L\xe0\xc0A\xf3\x00\xe3pO\xe0\xa3\xacvH\
\x83l\x00\xaf\x7f\x00\x0cKT\x09\x01j\x87\xc3%\x06\
\xf8\xf0\xba\xd1h\x80\x1c^__\x87^\xf2\xd2!t\
0\x1dL\x07\xd3\xc1t0\x1dL\x07\xd3\xc1t0\xdf\
\x19\x98?\xfe\xf9\xef\xf5[,7\x05\xb3>\xe0\xa7\x8f\
\x7f\xf6\xf2\x7f9\x81\xe9Pp\x19:\x84\x0e\xa6\x83\xe9\
`:\x98\x0e\xe6\xfe\xc0\xfc\xf2\xfb\xdf\xbd\xbc\x95\x08\xcc\
=5\xec\xf9N\xe0\x0c]%\xb8|\x150\xc3\xdbJ\
\x84\x97\x9a\xcf\xde\xa2-_\x15Lh\xc4o?\x1fO\
\xa5\x04P-L\xab\xce\xf1\xfd\xe1>\xc0\x04(\xe7B\
nH\xeb\xfd\xdd\xfe\x00;\xd22H\xe3\xfe\xae\xc1\xc4\
\x80$(\xa1l\x05f\x85|G\x8a!\x97jx\x09\
JYK\x0b\x98\xb4N\x09\xf4\xd0\xe24[\x1a\x17\x83\
9\xc2\xc6\x862\x82{\xe8\xd9\xcf\x8e6gu\xd7(\
&\xad4\x8c\xd6\x16\xa3\xe6\x01\xc2\x9f\x15\xfez\x9f\x8b\
\xda\xad\xd5\xef\x02\xc3+\x94*\x1d\x1b\xed\x1c\x99\x09\xaf\
\x9b\x03I\x8bdn\xd9@\xee\x0f*\x14\xde\x0f\x15\x8c\
$\xb9\x91\xc9\xb9t\xe4<\x8e/\x03\xf3\xde\xeeH\xee\
\xa7r\xb3<\xd5\xaf(ES\xfe\x80$\xaeI{\xab\
YA5\x9fD)\xe9s\x91\xd3\x96\xe0 Ez\xfa\
2h\xb6\x9f\x92\xdd\x0a\xcc\xa5ne\x14\xc3h\x8f\xc9\
3-\xb5\xa4\xef\xa5`F\xe7\xec6h\xb3\x05\x1f\xd5\
qc0)p\xdep4\x08h&\xd3UC9\x1c\
0\x13\xd9`>\x9d\x1b\xfc\xf2\xef\x14U\x8e|\xc1-\
\xcdh'4\x1e\x83 C=x\x90w\xfb\x83\x19n\
d\x8a9\x83!\xb1\xc2\xad\xa3Nm\xfa\x94M\x87\x04\
(v\xa0\xe8\x8d\xc3\x00\x98\x19\xd2N\x1b\xbc\xe5\xaa\x16\
9X>\x11\x94\x14\x09\xcc\xcb\xcbKV\x9a\xc1p\xe5\
\x94@q\x8d\xcc\x06\x1d\xe4\x1d\xd5\x14\xd3\x08f\x02p\
(zXi\xe0f\x81\xb1|\x83\x17\x0e7\xbb\x1b\x81\
\x99\xe0\xca\xd7J\x09\xc0\xe0P\x01\xe3\x99~K\xc0X\
\xaa\xd9\x10L>\x05\xf2\xca\xb4\xc5\x99gMe\xa9\xa5\
\x1e\x0c\xa9\xfe\xc9\x82r\x06\xf3\xa9\x0cL\x1ar\xef\xc0\
\xba&\x8d}\xa4\xfc\xca\x15\x0c\x99\xcf*5%i\xc6\
\xf2f\x06\xa0\xf3\xc5\x0e\x98\xb2Yj\xdc\xdb\xeb\x1b}\
\x06!3\x8a-\x81\x82A\xebfZ\x08f2$N\
qT\xac,\x1b\xfc\x91*\x0a\xda(\x1ai\x9fR<\
\xf5\xdap\xc4Y)\x87CP\x96\x1a\x1c_\x83}a\
\xbe'v\xf1\xd7K5`f\xa7j\xf0\x22\x8d/\x00\
\xfd\x8d\xd6\xa3X\xdb<\xa8\x18\xb4\xa5\x1a\x03\x8co]\
\x82\xa6\xe8\x9d\x0a\x86\xdc\xa3k\xab\x82\x0a\xefQ-\x98\
\x89\x05y~'\x86\x1cp\xb9\xcc\x09:\xde\xb5=u\
&s\xacv\xc2\x03\x9aF\xb5\xe8\xd7\x9a\xa9t\x07L\
n\xd9\xc7\x83\xf4V\x96\x09\xa6El_C\xee\xbc\x8d\
\x0df\x99\xb2\xf4\x83\xc7\xde\x913\x96\x1bMj#\x83\
9\xf3\x82\x16\x96\xe1\xfft0\xe4\xf2\x95N\xc5Ln\
\x07l\xe5=\xe2(\x97\xd4\x0eHPB\xe73%1\
0Z\xda\xd3\xf2S\x0d`p|aM\xad\xd2\x9e\xb5\
\xa4\xa0\x0b\x94e\x12\x00\xcd\xf1\xf5r\xbd\xd6\xc2\x03=\
\xb7sl\x05c{\xf84(\xd3\xe1\xe4\x9fW!p\
\x10\x0bV\x8dd\xe2\xb9\xaaHTK\x01\x18*\x9cj\
\xed\xf5\x8e\xa4\x9e\x1c\xc8\x14\x85\x10\xd9\xfd\x05\xf9\xa1\x1c\
\x8a\xe6\x8b\x0a\xc0\x5c\xe5\x5c\x17\xb5\x92\xcb\xc1\xa6\x8dD\
~%W\xcd\xa4B\xe3\x8aH\x1dt\xfe?\xb5`\xdc\
\xce\x97\x0aTuU\xd1\x87\xc3\xe7\xa8\x91\xb6B\x10\x90\
\x19:\xe8\xdcIcG\xedZ\x12\xa4\xd3\xb5\xec|\x8f\
U\x99z\x04\xe6\xc3\xd3\xe7xd\x17K5ql#\
\xcd^*\xd4e\xb2\xcf\xe2\xd8>\x86*\x17\x82G\xd3\
A\x078\xbf>\xfdu*\xd1h/Z\xe7\x11@\xa0\
2>\xb3-q]\xd6i\x09\xd5\x94\xea;^\xa6\x9a\
\x15\xca\xaa\x9c\x93\x82\x12\x15]!!_3\x83\xeb\xd9\
T\x9a\xeb\xb4\x84\xa8\x98e\xaa\xdc\xe0\x22g8\x9e\x9b\
TPNx\x1d`e\xc9*\xd1\xd4\x120 \x16r\
\x9f\xf7\x13\x15\xb3L\xce\x9c\x06U8\xe4<\xc9\x1e \
\x04\xf5 \x15\x85kkoIs\xc8\x8d`\xf8\x22\x92\
64!})qQ\xc9\x05R\x02%y?\x82\xf6\
\x84\xcd\x90+\x92\xbf_\x0d\xa6\xe4DA\xddTN2\
\x1cfZY\xc7\x11 \xf6\x1eT\xda\xd3\xb5\xbe&\xc5\
\x94'\x86<>\xc6\x97\x9c\xe2#\xfc\xc3\xf8x)\x01\
R\xdaq\xf8\xfa\x00\xa020V\x22\x5c=jv+\
\x93\xb1A\x9f\xe1\xbc\xfb\xf1\xf1\xad<\x9c\xa0\xac\xd7\x11\
\x80\xa8\xb3\x82\x82\xd8\xeb\x00\x97\x07\x94\x8d`h\x93\x8e\
\xd6\xf8\xa9\xb5\x0d\xa1C+\x98S\xc7\x802\xd6{\xeb\
\xfb\xd1=\x06'|v-|\x85\xbd\x81bn\x15\xcb\
\x1c\xdd\xbb\x90\xdc\xa4\x90\x1a\xde%\xe6\x96*\xe5\xac\xbe\
\xc7l\x97\xf2\x86\x8a\xa1\xe2\xe4v- n\x0e\xdc\x07\
qE\xa4N\x9a\x03\xf5\xae\xaa\x1d`h\xe3\xa9\x9a\x0a\
@\x92\x08\xe7d6\x89c\xe6\xca\x08\xaa\xb9*\xe5A\
\x9cP*\xc1\xb4\x80@\xd9>j\x88\x96\xe9\x92\xa1\xe3\
\xa6q\xbe~H^\x9fU\xc5_K\xaea\x030\xc7\
F\x85\x1c\x9b\xf7\x97\xcep&\xe8wb\xd5<\x5c\xaf\
\x153*\xda\x89\xf4\xc51\xf5\xfb7\xadu\xf2\xb5\x10\
\x9a\xb5\xb8\xbf\xc9}K\xc3\xde\xb5\xad\x96\xda\xa9XJ\
\xa4\x97\xc3L\xb3u\x08F\xb8\x87s\xcc\xa4\xee\x0e8\
\xc1P\xe1^\xf1\xf5>\xcc\xa3,\x93\xb2\x08\xf5@\xa6\
l\xd5\xcc\xd7D\xa9R\xb43\x85\x95\x8a!g\xba\x01\
d\xf9\x17)59W\xa4L\x05\xd5,8\xdf\x12\x14\
\xc4\xd3\x13\xdep\xa0\xe8d\xb8\xae\x1c\x0d\x0aHA.\
y6\xce\xa7F\xd2w\x13\x16\x9c\xcf\x8d\x0f@\xe9\xe7\
\x84\x1b\xc08\x94\xa2\xec\x1c\xe2D\xd3\xec\xd8\x85\x90\x95\
\xab\xef \xcc`\xff]?,\x0d\xc1<7N\xd3%\
\x09!\x04\xa9v\xc6\x12\x13\xe6\x8bg\xb3P\x873\xf8\
\xbf\xafHJ\x03\xe7\xaa\xd3\xe2\xfe\xef\x09\x94\x1dw\x8d\
sJ\xbe\xad\x9d\x0c\xcc\xfaSL~S\x92\xf7\xa9[\
~\xae\xa0v\xd1Zw\xb0\x9a\xccc +\x93\xcb\x8f\
w\xe5\x8bG\x1f\xe5\xad\xbe\x1c\xee\x83C\xe6\x9es\xc9\
7v\x11\x98\xf0Ki\xdf\xfc\xcf\xbd\xdd\xea\xe7\xe3\xbe\
\x00\xf6s\x9c\x1f\xab\xd9'{\x00\x00\x00\x00IEN\
D\xaeB`\x82\
\x00\x00\x0d\xaa\
\x89\
PNG\x0d\x0a\x1a\x0a\x00\x00\x00\x0dIHDR\x00\
\x00\x00F\x00\x00\x00S\x08\x06\x00\x00\x00\x225q\xac\
\x00\x00\x00\x09pHYs\x00\x00\x0b\x13\x00\x00\x0b\x13\
\x01\x00\x9a\x9c\x18\x00\x00\x0a\xe6iTXtXML\
:com.adobe.xmp\x00\x00\
\x00\x00\x00<?xpacket beg\
in=\x22\xef\xbb\xbf\x22 id=\x22W5M\
0MpCehiHzreSzNTc\
zkc9d\x22?> <x:xmpm\
eta xmlns:x=\x22ado\
be:ns:meta/\x22 x:x\
mptk=\x22Adobe XMP \
Core 10.0-c000 2\
5.G.ef72e4e, 202\
5/06/27-18:54:05\
        \x22> <rdf:\
RDF xmlns:rdf=\x22h\
ttp://www.w3.org\
/1999/02/22-rdf-\
syntax-ns#\x22> <rd\
f:Description rd\
f:about=\x22\x22 xmlns\
:xmp=\x22http://ns.\
adobe.com/xap/1.\
0/\x22 xmlns:dc=\x22ht\
tp://purl.org/dc\
/elements/1.1/\x22 \
xmlns:photoshop=\
\x22http://ns.adobe\
.com/photoshop/1\
.0/\x22 xmlns:xmpMM\
=\x22http://ns.adob\
e.com/xap/1.0/mm\
/\x22 xmlns:stEvt=\x22\
http://ns.adobe.\
com/xap/1.0/sTyp\
e/ResourceEvent#\
\x22 xmlns:stRef=\x22h\
ttp://ns.adobe.c\
om/xap/1.0/sType\
/ResourceRef#\x22 x\
mlns:tiff=\x22http:\
//ns.adobe.com/t\
iff/1.0/\x22 xmlns:\
exif=\x22http://ns.\
adobe.com/exif/1\
.0/\x22 xmp:Creator\
Tool=\x22Adobe Phot\
oshop 27.3 (Wind\
ows)\x22 xmp:Create\
Date=\x222026-02-09\
T18:59:01-06:00\x22\
 xmp:ModifyDate=\
\x222026-02-27T13:2\
5:18-06:00\x22 xmp:\
MetadataDate=\x2220\
26-02-27T13:25:1\
8-06:00\x22 dc:form\
at=\x22image/png\x22 p\
hotoshop:ColorMo\
de=\x223\x22 xmpMM:Ins\
tanceID=\x22xmp.iid\
:10d611c3-3264-2\
a45-8760-83a43ce\
7b1c3\x22 xmpMM:Doc\
umentID=\x22adobe:d\
ocid:photoshop:3\
4dfdfcc-31c8-f44\
4-b651-7fd16631b\
708\x22 xmpMM:Origi\
nalDocumentID=\x22x\
mp.did:5362cc97-\
a2ba-cc4e-b8e1-4\
97e5a8d90d8\x22 tif\
f:Orientation=\x221\
\x22 tiff:XResoluti\
on=\x22720000/10000\
\x22 tiff:YResoluti\
on=\x22720000/10000\
\x22 tiff:Resolutio\
nUnit=\x222\x22 exif:C\
olorSpace=\x221\x22 ex\
if:PixelXDimensi\
on=\x2270\x22 exif:Pix\
elYDimension=\x2210\
7\x22> <photoshop:T\
extLayers> <rdf:\
Bag> <rdf:li pho\
toshop:LayerName\
=\x22MET\x22 photoshop\
:LayerText=\x22MET\x22\
/> </rdf:Bag> </\
photoshop:TextLa\
yers> <xmpMM:His\
tory> <rdf:Seq> \
<rdf:li stEvt:ac\
tion=\x22created\x22 s\
tEvt:instanceID=\
\x22xmp.iid:5362cc9\
7-a2ba-cc4e-b8e1\
-497e5a8d90d8\x22 s\
tEvt:when=\x222026-\
02-09T18:59:01-0\
6:00\x22 stEvt:soft\
wareAgent=\x22Adobe\
 Photoshop 27.3 \
(Windows)\x22/> <rd\
f:li stEvt:actio\
n=\x22saved\x22 stEvt:\
instanceID=\x22xmp.\
iid:5e58fed0-21a\
c-364a-849d-8cb9\
16c3b51f\x22 stEvt:\
when=\x222026-02-10\
T18:04:33-06:00\x22\
 stEvt:softwareA\
gent=\x22Adobe Phot\
oshop 27.3 (Wind\
ows)\x22 stEvt:chan\
ged=\x22/\x22/> <rdf:l\
i stEvt:action=\x22\
saved\x22 stEvt:ins\
tanceID=\x22xmp.iid\
:5b9e8a18-d5dc-c\
e48-91d3-5e92e52\
30909\x22 stEvt:whe\
n=\x222026-02-27T13\
:25:18-06:00\x22 st\
Evt:softwareAgen\
t=\x22Adobe Photosh\
op 27.3 (Windows\
)\x22 stEvt:changed\
=\x22/\x22/> <rdf:li s\
tEvt:action=\x22con\
verted\x22 stEvt:pa\
rameters=\x22from a\
pplication/vnd.a\
dobe.photoshop t\
o image/png\x22/> <\
rdf:li stEvt:act\
ion=\x22derived\x22 st\
Evt:parameters=\x22\
converted from a\
pplication/vnd.a\
dobe.photoshop t\
o image/png\x22/> <\
rdf:li stEvt:act\
ion=\x22saved\x22 stEv\
t:instanceID=\x22xm\
p.iid:10d611c3-3\
264-2a45-8760-83\
a43ce7b1c3\x22 stEv\
t:when=\x222026-02-\
27T13:25:18-06:0\
0\x22 stEvt:softwar\
eAgent=\x22Adobe Ph\
otoshop 27.3 (Wi\
ndows)\x22 stEvt:ch\
anged=\x22/\x22/> </rd\
f:Seq> </xmpMM:H\
istory> <xmpMM:D\
erivedFrom stRef\
:instanceID=\x22xmp\
.iid:5b9e8a18-d5\
dc-ce48-91d3-5e9\
2e5230909\x22 stRef\
:documentID=\x22xmp\
.did:5362cc97-a2\
ba-cc4e-b8e1-497\
e5a8d90d8\x22 stRef\
:originalDocumen\
tID=\x22xmp.did:536\
2cc97-a2ba-cc4e-\
b8e1-497e5a8d90d\
8\x22/> </rdf:Descr\
iption> </rdf:RD\
F> </x:xmpmeta> \
<?xpacket end=\x22r\
\x22?>'j\x90u\x00\x00\x02jIDATx\
\xda\xed\xdc\xedQ\xc30\x0c\x06`O\xc8\x22a\x00\xa6\
\x08\xd7!\x98\xa0?\x98#\x130Jh\x0b\xed\x85b\
\xd9\xb2,9V\xfc\xfe\xd0q\x85\x844O\x1c[\xfe\
8\x87u]\x03\xe2\x7f\x00\x010\x80\x01\x0c`\x00\x03\
\x18\xc0\x00\x060\x83\xc1\x9c>\xbfV\x8fa\x0as\xbd\
\xc0\xcb\xdb\x07\xe27n0@\x89G\x00\x02`\x00\x03\
\x18\xc0\x00\xa6?\x98\xd7\xf73\xe2\x12\x7f`z\xfab\
S'8\x01\xa5$\x1e\xaea\xc2\xa5Gs\x8f\x9a\xe3\
\xa7\xa3\xc0lo\x90\x0bS|\xbcg\x0c\xee\x8d\x8a\xce\
\xe9\xe1&k@r\xffC\x8c\xd9\xdb\x93\xdf~i\xee\
\xb1\xd4Mf\xcf\x99\x1d\xc2HbR*e\xcda,\
QJ\xc3\xa4\xf2-i\x22\x87\x81)\xcd\x1dz\xc4Q\
O\xf0$\x17\xf0\x8a\xb3\x0b\x8c&\xd0\xb2,\xb7\xd0\x06\
\x0a\x96\xd9\xa6\x15\xd2\x1dc\x0b\x12\xfb]US\xff\xf8\
0\xd3\xbd\xdd\xda\xf7\xd5\x02f\xfbS\xa3\x04\x89J\x8c\
Fe\xa6q\x9dX)\xc9\xe1\x99\xc1h\xd7\xf6\xb50\
\x9c\x9b\xd7(5A\xbb\x82\xb4\x82\xe1\xbe6Z\x15q\
\xb0h5\xac`(\x1c\x8d\xd6\xa9\x09L\xf4\x9d%\xc0\
&A\x1d\x13\x0b\xed\xdc&\xb4B\xd1\x1cbh\x91\xf4\
\x05\xaa\x99\xb6@I\x0d'\xf4\x07\xa3\xf8\xf4\xb8I\xa1\
F\xb6\xbb\x0b\x8c\x15\x8a\xf4\xa6b-OM\x0e\xb3=\
\x9f\x1a-0\x81\xd1~\xdaT\xea/\xcdc\x9ea\xd8\
}\xa5\x1a\x18\x8b\xd7\x80*1T\xeb\x94k\xb9D0\
-*9\xedR\x93\xeaP\xa6\xd0\xba\x83\xd1J\xc8R\
=m\xeaZ\xcf\xc7v\x07\xa31\x5c I\xf2b\xc7\
ea\xf6\xce#\xa4H\x16\x83U\xa1\xc7\xc1j\xcd4\
_e\x04\xaf\xa7Q\xfcV0nJ\x0cw jh\
\x98V\xaf\x95K\x18k Wu\x0c7\x9d\xb7\x9c[\
r\x07\xc3\xcdaR\x7f+\x9e\x89\xf4\xdc\x22\xa5\xa0$\
\x0b#\x87i\xae\xab\x16'\x0e\x013\x03f\xac\x12#\
\x05;\x0c\x8ctn\x9a\xaa\x80\xaf\x9f\xab\x16@\xf7\x0c\
\x93\x9a\xcc\xcfM\xc0\xe5\x06\xa6\xdc\xc2p'\xf4\xa9s\
\x0e\x05\x93K\xd48\xf3\xd6\xb1\xf3\xc5K\xcd<\xd45\
%\xbd\xf1\xc3\xc2X\x8c\xfc\x0d\x01\xa3\xb1P\x88\xbdp\
\xc8#\x0e`\x1a\xe0\x00F\xb2\x9cud\x9c\xa1K\x0c\
`j\x07\xc3GD\x01\x8c\x04f\x1a\x1c\x86\xbd2\x1c\
0\xe7\x9f\xfd\xa9Z\xa3\x94lW\xb0\x07\xcc\xd5\xe4\xb1\
yW\xcd\x12y\xebU\xe3-a\xee;\xa5\xb9\xdf\xee\
\xcdj\xfb\xb8o\xda,\xca\x84\x1e\xfb\xd8\x94\x00\x00\x00\
\x00IEND\xaeB`\x82\
\x00\x00\x12\x1c\
\x89\
PNG\x0d\x0a\x1a\x0a\x00\x00\x00\x0dIHDR\x00\
\x00\x00F\x00\x00\x00S\x08\x06\x00\x00\x00\x225q\xac\
\x00\x00\x00\x09pHYs\x00\x00\x0b\x13\x00\x00\x0b\x13\
\x01\x00\x9a\x9c\x18\x00\x00\x0a\xe6iTXtXML\
:com.adobe.xmp\x00\x00\
\x00\x00\x00<?xpacket beg\
in=\x22\xef\xbb\xbf\x22 id=\x22W5M\
0MpCehiHzreSzNTc\
zkc9d\x22?> <x:xmpm\
eta xmlns:x=\x22ado\
be:ns:meta/\x22 x:x\
mptk=\x22Adobe XMP \
Core 10.0-c000 2\
5.G.ef72e4e, 202\
5/06/27-18:54:05\
        \x22> <rdf:\
RDF xmlns:rdf=\x22h\
ttp://www.w3.org\
/1999/02/22-rdf-\
syntax-ns#\x22> <rd\
f:Description rd\
f:about=\x22\x22 xmlns\
:xmp=\x22http://ns.\
adobe.com/xap/1.\
0/\x22 xmlns:dc=\x22ht\
tp://purl.org/dc\
/elements/1.1/\x22 \
xmlns:photoshop=\
\x22http://ns.adobe\
.com/photoshop/1\
.0/\x22 xmlns:xmpMM\
=\x22http://ns.adob\
e.com/xap/1.0/mm\
/\x22 xmlns:stEvt=\x22\
http://ns.adobe.\
com/xap/1.0/sTyp\
e/ResourceEvent#\
\x22 xmlns:stRef=\x22h\
ttp://ns.adobe.c\
om/xap/1.0/sType\
/ResourceRef#\x22 x\
mlns:tiff=\x22http:\
//ns.adobe.com/t\
iff/1.0/\x22 xmlns:\
exif=\x22http://ns.\
adobe.com/exif/1\
.0/\x22 xmp:Creator\
Tool=\x22Adobe Phot\
oshop 27.3 (Wind\
ows)\x22 xmp:Create\
Date=\x222026-02-09\
T18:59:01-06:00\x22\
 xmp:ModifyDate=\
\x222026-02-27T13:2\
6:16-06:00\x22 xmp:\
MetadataDate=\x2220\
26-02-27T13:26:1\
6-06:00\x22 dc:form\
at=\x22image/png\x22 p\
hotoshop:ColorMo\
de=\x223\x22 xmpMM:Ins\
tanceID=\x22xmp.iid\
:6d0e4c04-7277-9\
b49-b88e-894c127\
811f6\x22 xmpMM:Doc\
umentID=\x22adobe:d\
ocid:photoshop:2\
fcd11c4-250b-0b4\
4-b11d-dbd054844\
72a\x22 xmpMM:Origi\
nalDocumentID=\x22x\
mp.did:5362cc97-\
a2ba-cc4e-b8e1-4\
97e5a8d90d8\x22 tif\
f:Orientation=\x221\
\x22 tiff:XResoluti\
on=\x22720000/10000\
\x22 tiff:YResoluti\
on=\x22720000/10000\
\x22 tiff:Resolutio\
nUnit=\x222\x22 exif:C\
olorSpace=\x221\x22 ex\
if:PixelXDimensi\
on=\x2270\x22 exif:Pix\
elYDimension=\x2210\
7\x22> <photoshop:T\
extLayers> <rdf:\
Bag> <rdf:li pho\
toshop:LayerName\
=\x22MET\x22 photoshop\
:LayerText=\x22MET\x22\
/> </rdf:Bag> </\
photoshop:TextLa\
yers> <xmpMM:His\
tory> <rdf:Seq> \
<rdf:li stEvt:ac\
tion=\x22created\x22 s\
tEvt:instanceID=\
\x22xmp.iid:5362cc9\
7-a2ba-cc4e-b8e1\
-497e5a8d90d8\x22 s\
tEvt:when=\x222026-\
02-09T18:59:01-0\
6:00\x22 stEvt:soft\
wareAgent=\x22Adobe\
 Photoshop 27.3 \
(Windows)\x22/> <rd\
f:li stEvt:actio\
n=\x22saved\x22 stEvt:\
instanceID=\x22xmp.\
iid:5e58fed0-21a\
c-364a-849d-8cb9\
16c3b51f\x22 stEvt:\
when=\x222026-02-10\
T18:04:33-06:00\x22\
 stEvt:softwareA\
gent=\x22Adobe Phot\
oshop 27.3 (Wind\
ows)\x22 stEvt:chan\
ged=\x22/\x22/> <rdf:l\
i stEvt:action=\x22\
saved\x22 stEvt:ins\
tanceID=\x22xmp.iid\
:c8e36076-5189-3\
e48-a2ca-7e37216\
80a91\x22 stEvt:whe\
n=\x222026-02-27T13\
:26:16-06:00\x22 st\
Evt:softwareAgen\
t=\x22Adobe Photosh\
op 27.3 (Windows\
)\x22 stEvt:changed\
=\x22/\x22/> <rdf:li s\
tEvt:action=\x22con\
verted\x22 stEvt:pa\
rameters=\x22from a\
pplication/vnd.a\
dobe.photoshop t\
o image/png\x22/> <\
rdf:li stEvt:act\
ion=\x22derived\x22 st\
Evt:parameters=\x22\
converted from a\
pplication/vnd.a\
dobe.photoshop t\
o image/png\x22/> <\
rdf:li stEvt:act\
ion=\x22saved\x22 stEv\
t:instanceID=\x22xm\
p.iid:6d0e4c04-7\
277-9b49-b88e-89\
4c127811f6\x22 stEv\
t:when=\x222026-02-\
27T13:26:16-06:0\
0\x22 stEvt:softwar\
eAgent=\x22Adobe Ph\
otoshop 27.3 (Wi\
ndows)\x22 stEvt:ch\
anged=\x22/\x22/> </rd\
f:Seq> </xmpMM:H\
istory> <xmpMM:D\
erivedFrom stRef\
:instanceID=\x22xmp\
.iid:c8e36076-51\
89-3e48-a2ca-7e3\
721680a91\x22 stRef\
:documentID=\x22xmp\
.did:5362cc97-a2\
ba-cc4e-b8e1-497\
e5a8d90d8\x22 stRef\
:originalDocumen\
tID=\x22xmp.did:536\
2cc97-a2ba-cc4e-\
b8e1-497e5a8d90d\
8\x22/> </rdf:Descr\
iption> </rdf:RD\
F> </x:xmpmeta> \
<?xpacket end=\x22r\
\x22?>b\xb8\xdc\xc5\x00\x00\x06\xdcIDATx\
\xda\xed\x9c\xbfr\xdbF\x10\xc6\xf9\x1a\x19\xe79\xa4\x8a\
*3JcW\x87R\x9e\xa4\xb0\x0a\xb9\x91\xab\xbc\x81\
T)\x93\x19\xbfB\x9a\xb4\x19:o\x10\x8f\xdc\xe9\x09\
\xf2(\x0c\x01\xea\x80\xbd\xbd\xef\xdb\xdb\x03HFv\xae\
\xd8!\x05\x12\x80\xee\x87\xfd\xbf'\xad\xb6\xdb\xed\xaaI\
.\x0dB\x03\xd3\xc040\x0dL\x03\xd3\xc040\x0d\
L\x03\xf3?\x03\xf3\xdb_\xffl\xbfF9*\x98\xfe\
\x06\xaf\x7f\xf9\xbd\xc9\xb3\x0c`\x1a\x14,\xab\x06\xa1\x81\
i`\x1a\x98\x06\xa6\x81yy`\xde\xff\xfag\x93\x9d\
$`^\xd2/v\xf3B\xe0\xac\x9a\x96`98\x98\
\xd5\xae\xca(\xc9!\xaf\xb5\xf4\x1eLKW\x87\x86r\
\x7f\x7f?\xc8\xdd\xdd\xdd\xf8^\xffl-B\x1e\x97\xe7\
[\xd2_[\xdf\xaf\x16\xce\xc9\xc0\xb0\x05\xa0cq\x11\
\x11H\xfc\x1eZ0\xbb\x8e\xfe,^W\xc3\xf7j\xd9\
I4F/\x14}\x86\xcee`,M)\x01\x8a\xf7\
)i\xd8I\xc1\xb0\xc5\xd4,^.\xd8kj\x1e9\
9\x98\xd2B<\x0b,9\xda%@\x22\xf8\xa3\x82A\
~\x06=\xf1\x92\x06i\x18\x1f\xdev\xdb\xdb\xab0\xbc\
F\xd9\xff\xbc?V\x02\xe5\xf1I'\x01\xc3\xb4\xc4\xe3\
\x13\xe2\xe2\x22\x88\x09@\x18\xdeO\x80RPQ\x90\x03\
\xff\xcfMIjL\xc9\x8fhG,\x9fx\xbax\x0d\
 @\x0d\x8ar\xfd\xfdw\x19\x1c\x8f\xef::\x18\x04\
\xc7\x8aF\x12\x8a\x5c\xfc\xb0\xf0DC\xa4\x96h8\x93\
V\xf5`>\xfftU\x8cB\xb35fN\x06i\xf9\
\x99\x92c\x8d\x0bE&\x94\xfa\x15\xae-\xfdw\xdf\xbd\
\xda\x81\xf9\xf9\xed \xfd\xfbh^\xcc\xafU\xf9\x98\xf8\
\x8b.\x01c\xd9\xb8\x8c\x04\xb5\xa25\xa4\xe6\xdc\x9aL\
y\x02\xf3\x80\xc1\xdc\x1c)\x0b\x96\xda\xf2\xf4\xf4\x04\x05\
-NF\xa3\xfe=;\xdf\x13\xd6\xab|\x8c\xbc\xf9\x92\
z\x03\xa9\xaf\xd6\x16kalq\xd2\xe4\xd8\xf9^\xad\
\xa9\xf21\xf2\xe6\x08L\xad\xea[!Y\x86W\x0f\x18\
\x9d\xbfD_\xa3\xcf\xaf\x05\x03\xd7\x89\xa0\xc8\xc4I\x03\
9??\x87rvv\x96\xbc\xf6\xc2\xc2&\xba\x8f\x17\
\x8c\x86\xc3\xce\xaf}PN0]fJ\x1a\x8a\x04 \
\xdf#`\x1aNz\x9f\xe9^\xc7\x04\x13-\x80\x05\x80\
\xd9`4\x9c/\x97\xebT~\xbc\xd8\xcb\xf8~=\xfe\
,s\x89\xf8\xcb\xe8|D.\xc2k\x16H\xd0\xb92\
\xbck\xada~\xd44%dNRCR\x18k\x13\
\x0a6\xa5n\xfb\xe5\xd3\xc7D\xd0b\xd9q\xaf\xc4k\
K\xad\xb1\xcch\x0f\xe6\x81\x83A\x0eXj\xcd\x08\xe8\
r\x021Bz\x06\xa5\xb5E\x82\xd1PJRZx\
\x94\xeb]b\xf7\xf7.\xfb\xed\xa5O\xf2\xf45\x16h\
L\x075F:a\xedW\xfa\x9fss\xba\xa0\xce\xf7\
q\xb3\xfbE\xa3,\x00\x84>\x1f\xb2\xdf\x1d\x94\xbe<\
\xb0\xc0\xa0v\x83\x1b\x0c\xcb\x80\xb5\xe60\x07\x8c\xf2\x19\
\xb6\xa0^z`\x8f\x9b\xe9\xbd\xfe\xcc\x03n\xa8\x97v\
%A\xff:\x1e\xdf\x1cPct\xcf\xc3\xcai\x10\x1c\
\x96qZ`\x0e!\xd7\xaf\x00\x18\x01E\xb7=gk\
\x8c\xa59V\xe2\x17\xe1\xb0\xa4*y\x9a\x1b\xbfO)\
iR\x0f\x84i\x8bw\x9a\xe0\xd0\x98.I\xc3K\x9a\
\x83\x92<6\x19(\xf9\x91?\xde\xfc\x90\xca\xeb\xfdk\
\xc9\xf9\xf6~E\xfb\x96\x83\x80A\xe5=3+\x96\x11\
\xc7\xe8\xc4\x1aFhA\x8f\xe2\xc9\x0e\x10\xa4\xbc\xc1b\
9a\x04\xa6\xd4\x87q\x9aR M\xa1.\xd3\x921\
2%I\xdf\x9a\x96\xfb\xd6bF0BK\xb2W\xa1\
E\x16\x1cif\xc8\xacghL\x80&\xa5\x8b7i\
6c\xb8\x169\x0d\xabQ,s\xf2&n\x1a\x16\x85\
\xbd\xf9H\xdb \x15`P+\x91;cm:2\xf3\
E!\x1b\xb54\xe7F\x1f\xe4\x87\xe2\xf5\xb4Cff\
\xb4 *\x85\xac\x07\x22\x1dq\x96\xfd\x0a \xa5\xb0m\
\xc1\xf1\xe6,\x9eLXV\xf9\xa5v\x83\xa3V\x0af\
\x84\x8aE\xe6dF\xeb,\xd9\x8b\x955*\xdeP\x7f\
\xc6\x03\xe2qS\xafU\x9e\xc6Tu\x119v\xec\x01\
 \xab\x15\xa1{\xb4\x9e\xa9\xe1R\xd3BZ\xc2\xa0\xcc\
\x04#\x81\x84ll!\x17\xcb\xccF\x97\xfb\xba\xb5`\
\xcd{J\xb5\x90\xc7\x9c\xac\xe9f\xf56\x90|\xd8\xd5\
Q\x9f\xc3:\xf4\xd6\x98CB\xa9i\x96{\xda\xa7\x9e\
\xb9Q\xd5\xa6%\x04\x06\xc1\xb9\xcd\x86_\x1d\x18\x9bv\
\x86o\x0a\x99\xaf\xf1\x8c6\x06\xad\x91-\x0d\xd5\xd6\xd0\
=\x1fT\xb0\xce\xda\xcd\xc55\xc6\x02\x22$17-\
\xf9\xb4\x10E\x076c\x1a\xc1\xa0n\xe1e\xde\xf3a\
&\xc9v4X[\xce\x1c\xa6\x84\xe7\xc7\xd8\x5c\x82+\
\xf7)\xcd\xb5\xb3\xf0+:\x83\xf9\xb1\x8b$\x91\xb4&\
\x02\x07\xd1\x98\xe8x%(\xad=H\x93\xf4\xf75,\
\xa41h\x5c;\x02Pf\x04\x8f?7\xc4,\xbf3\
j\xcc\xc3L0|`\x8e\xe6\xc7\x01j\x8cL\x02\xe5\
1\xed\x84\xad\xb9Q\x8cb\xba\x7f\x9c\x81\x11\x9dBV\
\xcb\xcd\x99\xc3\xd3\x81\x1b\xcaa\xf8\xf1\xe0*!<\xdf\
\x91\xc9\xa3\xf6'2|\x8fpT]\xf6A<\x10\xf4\
0\x16\x83I\x0bI\xa4%\xc1\x01\x80\x9b\x1f\x8ap\xfa\
\x89\x17\xc1$\x9f_\x80\xa8\x9aj\xfc\x220\xa9I\xe1\
\xb0\xcd5\x85\xfb 3\xb2\x91\xac\xbaT\x07\xf1\xa1?\
v\x05\xb3\x13<dN8\xe1\xe3\xfb\xe1l\xd3\x09\x85\
s\xd3h\xd7Km)P\x8a\x90\xac\x0b\xe9\xde\x00]\
\x9b\x05[\x0be\xdaR\xd6\xa2\xe5`\x90\xd6.\x06\xe3\
u\xa8q[X\xd9\xc12\xcd\xe25UUQ\xb9\x89\
p\xb0\x89\xcb\x87TUD\xb2}2LK\xb0=w\
0AD\xfb\xe5\x98\xd3M\xcf\xa9\x07U\x8e\x8c\x0b\xc0\
XZ\x83\xf7\xc9\xb1\xbdsytB\x11\x0f\x97\x11\xf9\
\xbd=pd\xb9\xc23\xf4\xce\xdf\xa8\x9a\xefk:\x13\
B^\x98\x86\xa2\x1f@\xa0\xe4+kaN`\x82\xc3\
\xf9\x07_k\xb3\x14\xa1j\x925{\xb3r\xa8\x0e\xe1\
\xe8z\xac%\xea\xf3uv\xe2\xb7\xf2\xfe1\x95wa\
\xd66T\xcb\xb7X\xa1\xdf\x9aR\xf8\xfc\x0c\xd3Zc\
\xfc\xec\xddh\x88\xec\x94\x87b^|\xa2\xcc\x14\xfb\x1c\
\xd4\xda\xc8M\x96\xc1a\x1a\x8c\xea\xb7\x85`Ji}\
\x80#]l^\xf8\x95e\xd5\xfa;\xa83\x88\xc0X\
\x1b\xa5Q'r\x16\x18\xbb\xc5PR{\xdb\x01\xd6\xf8\
\x04\xf4@\xb2\x0d\x02I.\xe3\xc9\xc6\xbb\xf9`\xd8V\
R\x1bT>\x8bb\xdaP\xf2'\x96s\xe6;\xc8\xf9\
5\xb5\xf6V\x83\xd1m\x08\xde\x8a\xe8\x8c\x84\xce\xd7H\
g\x1b\x9dY\xa5n\x85\x5c\xbc\xd3\xb3\xa3\xb9\x12\x04s\
3#\x5cOe\x80\xaf\x07\xa3\x9f,\xea\xec\x95\xa2!\
s\xf6\xa5};,\xb9\xd4\xd5\xfc\x0c\x8d\x01I\x98K\
\xe5\xd3q\xee\xe8\xab\xae\xf2\x9d\xdd\xec\xa9\x97\xcc\xc9U\
\x10\x16\xbb\x05\x00L\xff\xaf\x98\xbc\xda\xe2u\xc0\xa8\xbd\
h\x9d\xe3\xd9\xa9\xc5\xa2\x9f\xbb\xbfBg^\xb9\xf3\xed\
\x99\x8c\xff\xbc\xcbjV\xf9\xdb\x98!3\x9b\x92\xf3\xac\
Y\xd8-h[\xd6\xfe\xe5\xbf5n\x8eP\xbe\x89\x7f\
\xf7v\xac\x7f\x1f\xf7/\x05{\x1cC\xb4b\x10\x96\x00\
\x00\x00\x00IEND\xaeB`\x82\
\x00\x00\x08\x09\
\x89\
PNG\x0d\x0a\x1a\x0a\x00\x00\x00\x0dIHDR\x00\
\x00\x00+\x00\x00\x00z\x08\x06\x00\x00\x00&\x8f\xaa\x92\
\x00\x00\x00\x09pHYs\x00\x00\x0b\x13\x00\x00\x0b\x13\
\x01\x00\x9a\x9c\x18\x00\x00\x064iTXtXML\
:com.adobe.xmp\x00\x00\
\x00\x00\x00<?xpacket beg\
in=\x22\xef\xbb\xbf\x22 id=\x22W5M\
0MpCehiHzreSzNTc\
zkc9d\x22?> <x:xmpm\
eta xmlns:x=\x22ado\
be:ns:meta/\x22 x:x\
mptk=\x22Adobe XMP \
Core 10.0-c000 2\
5.G.ef72e4e, 202\
5/06/27-18:54:05\
        \x22> <rdf:\
RDF xmlns:rdf=\x22h\
ttp://www.w3.org\
/1999/02/22-rdf-\
syntax-ns#\x22> <rd\
f:Description rd\
f:about=\x22\x22 xmlns\
:xmp=\x22http://ns.\
adobe.com/xap/1.\
0/\x22 xmlns:dc=\x22ht\
tp://purl.org/dc\
/elements/1.1/\x22 \
xmlns:photoshop=\
\x22http://ns.adobe\
.com/photoshop/1\
.0/\x22 xmlns:xmpMM\
=\x22http://ns.adob\
e.com/xap/1.0/mm\
/\x22 xmlns:stEvt=\x22\
http://ns.adobe.\
com/xap/1.0/sTyp\
e/ResourceEvent#\
\x22 xmp:CreatorToo\
l=\x22Adobe Photosh\
op 27.3 (Windows\
)\x22 xmp:CreateDat\
e=\x222026-02-27T21\
:38:54-06:00\x22 xm\
p:ModifyDate=\x2220\
26-02-27T22:42:2\
2-06:00\x22 xmp:Met\
adataDate=\x222026-\
02-27T22:42:22-0\
6:00\x22 dc:format=\
\x22image/png\x22 phot\
oshop:ColorMode=\
\x223\x22 xmpMM:Instan\
ceID=\x22xmp.iid:ae\
47faba-e4f8-0c42\
-b2b6-73ffb506cb\
33\x22 xmpMM:Docume\
ntID=\x22adobe:doci\
d:photoshop:dfcf\
9824-8ed1-6441-8\
056-6eb0e225b9ab\
\x22 xmpMM:Original\
DocumentID=\x22xmp.\
did:23f63ba2-7b7\
9-364b-a193-1ef4\
33a54939\x22> <xmpM\
M:History> <rdf:\
Seq> <rdf:li stE\
vt:action=\x22creat\
ed\x22 stEvt:instan\
ceID=\x22xmp.iid:23\
f63ba2-7b79-364b\
-a193-1ef433a549\
39\x22 stEvt:when=\x22\
2026-02-27T21:38\
:54-06:00\x22 stEvt\
:softwareAgent=\x22\
Adobe Photoshop \
27.3 (Windows)\x22/\
> <rdf:li stEvt:\
action=\x22converte\
d\x22 stEvt:paramet\
ers=\x22from applic\
ation/vnd.adobe.\
photoshop to ima\
ge/png\x22/> <rdf:l\
i stEvt:action=\x22\
saved\x22 stEvt:ins\
tanceID=\x22xmp.iid\
:ae47faba-e4f8-0\
c42-b2b6-73ffb50\
6cb33\x22 stEvt:whe\
n=\x222026-02-27T22\
:42:22-06:00\x22 st\
Evt:softwareAgen\
t=\x22Adobe Photosh\
op 27.3 (Windows\
)\x22 stEvt:changed\
=\x22/\x22/> </rdf:Seq\
> </xmpMM:Histor\
y> </rdf:Descrip\
tion> </rdf:RDF>\
 </x:xmpmeta> <?\
xpacket end=\x22r\x22?\
>\x94\x99\xb6J\x00\x00\x01{IDATx\xda\xed\
\xdcK\x0e\xc2 \x10\x80aN\xe8y\xdc\xd3\x0bx\x08\
\x97t\xeba\x5cx\x14\xb4&\xad\x89I[\x98\x02e\
\xe0_\xb0P\x1b\xfb\x09\xf2\x18\xa0\x18\xef\xbd\x99\xd2\xed\
\xf1\xf2\xa9\xd20>\x93\xa6\xd9\xb8@\xb7.\xb6\x89o\
.\x05\x1biN\x98\xcf\xef\xdcJ\xa1\xdf\x13\x93\x11\xa7\
c\xa3\xee)E\x8ao\xea4aG\xb0`\xc1\x8a\x9b\
\xac*\x9b.\x15\xd83S\x15X\x9b\x1b[\xb2\xf8\xfb\
\xc0\xee\xa1T\x0dd\x8e`-9\x0b\xb6w,\xed,\
c\x83\xda\xb1\xff\xc5\x9bk\x88h5a\xf9\xcf\xaa\xc2\
\xae\x16\xb3;6\xdb\xd2\x1f6\xb4B\x89*\x98\xd3\x84\
e\x92#5\xd6\xd1t5\x82-U\xc1\xac&l\xd2\
\x0a\xb6\xf7\x1a,X\xb0\xadb\xcf\x1c3\xf4\x89mj\
l\x10\xda\xc3m}nJ\x15\xbb\x0a\xec\xdau\xb1\xef\
\x17\x19|\x83\x05+\x98)\x07\x9bk-\x22\x0b66\
\xacQ\x85el\xd0\xc5\xbc\x81\xaaE;\xc2\x1a\xb0\xcd\
b]+9\xeb\x987`\xbf\x81\x9e\xee\xd6\xb60M\
?t;M\xcf6j\xb0`\xd9\xfa\xcf\xd6\x7f\xa2[\
BqBq\xa2[\xb0`\xc1\x12\x8a\xd3\xdd\xea\xc1\x86\
\xee\xaa\x07+}N\xe1\xc8B1X\xb0gb\xab|\
\xd2N\x15\xb6\x86\x10<\xfah\x96*\xb0\x97\xeb=\xcb\
\x11@\xa9\xd3\xe4\xfcbgp\x89s\x8c$kb\xb3\
q\xc1jH`\xc1\x82\x05\x0b\x16\xec\x0f;u\xa9\x1a\
\xa0\x93s9j\xb0v\xe8r.b\xeaC\x1cS\xa7\
\xf9\x10\xc77F@\xd7\xae*1F4\x00\x00\x00\x00\
IEND\xaeB`\x82\
\x00\x00\x12%\
\x89\
PNG\x0d\x0a\x1a\x0a\x00\x00\x00\x0dIHDR\x00\
\x00\x00F\x00\x00\x00S\x08\x06\x00\x00\x00\x225q\xac\
\x00\x00\x00\x09pHYs\x00\x00\x0b\x13\x00\x00\x0b\x13\
\x01\x00\x9a\x9c\x18\x00\x00\x0a\xe6iTXtXML\
:com.adobe.xmp\x00\x00\
\x00\x00\x00<?xpacket beg\
in=\x22\xef\xbb\xbf\x22 id=\x22W5M\
0MpCehiHzreSzNTc\
zkc9d\x22?> <x:xmpm\
eta xmlns:x=\x22ado\
be:ns:meta/\x22 x:x\
mptk=\x22Adobe XMP \
Core 10.0-c000 2\
5.G.ef72e4e, 202\
5/06/27-18:54:05\
        \x22> <rdf:\
RDF xmlns:rdf=\x22h\
ttp://www.w3.org\
/1999/02/22-rdf-\
syntax-ns#\x22> <rd\
f:Description rd\
f:about=\x22\x22 xmlns\
:xmp=\x22http://ns.\
adobe.com/xap/1.\
0/\x22 xmlns:dc=\x22ht\
tp://purl.org/dc\
/elements/1.1/\x22 \
xmlns:photoshop=\
\x22http://ns.adobe\
.com/photoshop/1\
.0/\x22 xmlns:xmpMM\
=\x22http://ns.adob\
e.com/xap/1.0/mm\
/\x22 xmlns:stEvt=\x22\
http://ns.adobe.\
com/xap/1.0/sTyp\
e/ResourceEvent#\
\x22 xmlns:stRef=\x22h\
ttp://ns.adobe.c\
om/xap/1.0/sType\
/ResourceRef#\x22 x\
mlns:tiff=\x22http:\
//ns.adobe.com/t\
iff/1.0/\x22 xmlns:\
exif=\x22http://ns.\
adobe.com/exif/1\
.0/\x22 xmp:Creator\
Tool=\x22Adobe Phot\
oshop 27.3 (Wind\
ows)\x22 xmp:Create\
Date=\x222026-02-09\
T18:59:01-06:00\x22\
 xmp:ModifyDate=\
\x222026-02-27T13:2\
3:57-06:00\x22 xmp:\
MetadataDate=\x2220\
26-02-27T13:23:5\
7-06:00\x22 dc:form\
at=\x22image/png\x22 p\
hotoshop:ColorMo\
de=\x223\x22 xmpMM:Ins\
tanceID=\x22xmp.iid\
:308b0a25-2f8b-9\
741-b038-dcfcd5f\
1f99a\x22 xmpMM:Doc\
umentID=\x22adobe:d\
ocid:photoshop:5\
7a7f020-41ed-3a4\
f-9d4c-52af54f50\
b96\x22 xmpMM:Origi\
nalDocumentID=\x22x\
mp.did:5362cc97-\
a2ba-cc4e-b8e1-4\
97e5a8d90d8\x22 tif\
f:Orientation=\x221\
\x22 tiff:XResoluti\
on=\x22720000/10000\
\x22 tiff:YResoluti\
on=\x22720000/10000\
\x22 tiff:Resolutio\
nUnit=\x222\x22 exif:C\
olorSpace=\x221\x22 ex\
if:PixelXDimensi\
on=\x2270\x22 exif:Pix\
elYDimension=\x2210\
7\x22> <photoshop:T\
extLayers> <rdf:\
Bag> <rdf:li pho\
toshop:LayerName\
=\x22MET\x22 photoshop\
:LayerText=\x22MET\x22\
/> </rdf:Bag> </\
photoshop:TextLa\
yers> <xmpMM:His\
tory> <rdf:Seq> \
<rdf:li stEvt:ac\
tion=\x22created\x22 s\
tEvt:instanceID=\
\x22xmp.iid:5362cc9\
7-a2ba-cc4e-b8e1\
-497e5a8d90d8\x22 s\
tEvt:when=\x222026-\
02-09T18:59:01-0\
6:00\x22 stEvt:soft\
wareAgent=\x22Adobe\
 Photoshop 27.3 \
(Windows)\x22/> <rd\
f:li stEvt:actio\
n=\x22saved\x22 stEvt:\
instanceID=\x22xmp.\
iid:5e58fed0-21a\
c-364a-849d-8cb9\
16c3b51f\x22 stEvt:\
when=\x222026-02-10\
T18:04:33-06:00\x22\
 stEvt:softwareA\
gent=\x22Adobe Phot\
oshop 27.3 (Wind\
ows)\x22 stEvt:chan\
ged=\x22/\x22/> <rdf:l\
i stEvt:action=\x22\
saved\x22 stEvt:ins\
tanceID=\x22xmp.iid\
:a3b8d5f5-81f0-d\
440-98f7-0fc9fb5\
b5b3c\x22 stEvt:whe\
n=\x222026-02-27T13\
:23:57-06:00\x22 st\
Evt:softwareAgen\
t=\x22Adobe Photosh\
op 27.3 (Windows\
)\x22 stEvt:changed\
=\x22/\x22/> <rdf:li s\
tEvt:action=\x22con\
verted\x22 stEvt:pa\
rameters=\x22from a\
pplication/vnd.a\
dobe.photoshop t\
o image/png\x22/> <\
rdf:li stEvt:act\
ion=\x22derived\x22 st\
Evt:parameters=\x22\
converted from a\
pplication/vnd.a\
dobe.photoshop t\
o image/png\x22/> <\
rdf:li stEvt:act\
ion=\x22saved\x22 stEv\
t:instanceID=\x22xm\
p.iid:308b0a25-2\
f8b-9741-b038-dc\
fcd5f1f99a\x22 stEv\
t:when=\x222026-02-\
27T13:23:57-06:0\
0\x22 stEvt:softwar\
eAgent=\x22Adobe Ph\
otoshop 27.3 (Wi\
ndows)\x22 stEvt:ch\
anged=\x22/\x22/> </rd\
f:Seq> </xmpMM:H\
istory> <xmpMM:D\
erivedFrom stRef\
:instanceID=\x22xmp\
.iid:a3b8d5f5-81\
f0-d440-98f7-0fc\
9fb5b5b3c\x22 stRef\
:documentID=\x22xmp\
.did:5362cc97-a2\
ba-cc4e-b8e1-497\
e5a8d90d8\x22 stRef\
:originalDocumen\
tID=\x22xmp.did:536\
2cc97-a2ba-cc4e-\
b8e1-497e5a8d90d\
8\x22/> </rdf:Descr\
iption> </rdf:RD\
F> </x:xmpmeta> \
<?xpacket end=\x22r\
\x22?>\x95\xba\xddp\x00\x00\x06\xe5IDATx\
\xda\xed\x9c;\x92\xdb8\x10\x86u\x1e{\xa9|\xe6\x0c\
;\x1bI\xba\x8a\x9d\x8f\xcb\x8e}\x06zC;\xdc\xbd\
\x86]EE\x0e\x9c\xd87\xe0\xc6Z\x81b\x93\x8dF\
\xbf\x00P\x96\xca\xe6T\xa1\x8az\x0c\x08|\xfc\xfb\x81\
\x06\xc5\xcd\xe9t\xda\x84\xf6\xfe\xdfo\xa7\xa9\xfd\x83\x8e\
\xef\xbc\xbd\xf9\xf4u\xd1\x06<&(K\x9f\xa0\xb4=\
\xdf\xc1\x18\x060\xf7\x04\xe5\x9e\xdaM\xc0l\xceB\xc5\
\xad\xe4\x7f\xaf1\x96\xe8\xfd[A\xf9\xf0\xfa\xc7\xd0r\
\x00\x95\xc2\xb4\xfal\xfe\xdc\xdf\x07\x18\x802\xb4W\xdf\
\xdd\x90\xc2\xfb\xdb\xa7\xc3y\x22\x87E\xe0\xc0\xb9\x9a\xa7\
\xc3\x1d\x83!\x80$(\xd0\x96\x02\x13 s\xa0o\x03\
\x06A\xd0T\x83\x1b(%\xb4\x1a0\xb4O\x09\xf4\xa6\
\xc6i\xd6\x0c.\x02\x83\x80\xe0\xc1Bk\x98\xf7\xb8s\
?;\xc6\x9c\xf4]\xa2\x18\xdaipR\xd0Y\xedU\
\xf3\x00\xb9\x9c+>\xa7\xf7\xbc\xf1\xb8\x0ff\xff.0\
\x18\x84\xd4iSi\xe7\x9c\x99\xe0\xbe\xe15\x5c\xd1K\
\xdbO\x11\xc4\xd3\x1a4q\x11\xcc8\x0f\x15\x8c$\xb9\
\x06\xc9\x19\x9f\xa8\x16\x0c\x06\x1f\x81Q&\x03\x13I\xfc\
\x14c\x96\x03LQ)\xb2ZX0\xd0\xb1Fy\x89\
\xa8\xa0\x9a\xcf\xd3a\x82F!E\xfe\xc9\x01gV\xe4\
>k.\x1b\xcd\xf6)\xd9\xa5\xc0L}\x0b\x8e\x10&\
\xd2\x90\xefL\xc9\xa1\x02\x84~FM\xb5qF\xb7\x8d\
\x16-\xf0Um\x16\x06\x03\xfe\x02C\xd1\x22\x10\x17\xc9\
T\xd5\x90\x14`K\xdc\x01\xf6U:\x98\x8f\x97\x01\x9f\
\xfe\xeb\xa2\xce\xe9$\xb8\xf4yI3\xe2\xc2\xa8h>\
\xe7\xe3VS\x8fp\x91\xb7\x82\xc3U\x153\x80ah\
_'\xeb\xdc\xab\xe1S4\x9d\x11H[\x90(z\xf3\
0\x06\xcc\x91\xa5\x8dmr\xc9u\x0a\x07\x08\xab\xc4;\
Amq:\xcc\x8b\xf9\xab\x06\x83\x95\x93\x03\xc5ue\
\x16\x98 \x9e\xa8\xa6\x98J0]\x0ag\x94\xa8G-\
\x5c\x98\xb4\xc0X\xbe\xc1\x0b\x07\x9b\xdd\x95\xc0t\xec\xca\
\xd7*\x09\xb0\xc9\xa1\x02\xc6\x13~s\xc0X\xaaY\x0e\
\x0c\x13\x02qg\xda\xe2L[\x87x\xd5R\x0cFQ\
\x0d\xfc\xbf\xa9\xfc\x10\xa6s\xc0\xd0\x94{\x9b\xack\xf6\
I\xee#\xd5W&0\x9cb2L\x82\x83\x22\x956\
\xbc\x95\x01\xd6\xf9\xb2\x0e\x98\x84B\xba\x0e\x91\x16\x9bj\
\x04\x09}\x1aYl\x0e\x14\x16\xb4a\xa6\x99`:]\
\xe2\xe3\x80\xb9\x05\x99\xb8\xaeq\x0c4\xb4\x16\xc3B\xc7\
n\xa5hK\x05\xe6;\xee%\x01D\xa5K\xa2G\x06\
\xcc\xc8rK\xd2\xec\x04\x8c33\xb5\xe0yr\x17w\
\xbfF\x19U5%S5\xc9\x22-^\xf74\x92b\
\xbcWS{M>k=j1\xe6\x90\x05&Q\x89\
p\x824D+\xa6\xe4\x18(\xe7,\xb3&\xad\xbd\xe7\
4'1\x5c\x0f\x0e8\xc3\x89q\x0e8[\xe6\xe4|\
\x93\xc3=\x8f\xa7\xc8d\x9c\x17\xc3\x04\xe3\xc9~%\x09\
K\xb5U<\xa1\xd6\x8aBD)\xf3E:\xb7\xbec\
\xcb\x22\x96\xafi\x1de\x09\x0e\x0e\x0f\xa6\x8fs\x99\xd6\
i\xefi\xa4Rj)\x8a\x1aqt\xc4\x8d[X\xc2\
\xf7T\xb3u\x98\xae\x0f\x0c\x1aLnD\x91\xf6k\xd4\
d\x0eM@\x82\x02\x93O\x94\x84\xc0$\xea$\xe3\xb2\
\xd2\x8f20B~a\x85Vi\xcfZR\xd0\x04\xa5\
\xef\x04@\xc7\xf8\xb8\x9f\x8f\xb5\xf4@\xab\xedT)\x86\
\xcbcD'',:\xd5j\xdc\xd8T\x08\x18D\xcf\
\xabF2\xf1DUh\x0e\x99\xce\x97Ye{C\xad\
c\xbd#\xa9'\x05\xd2E)D\xf2~\xcf\xf8!\x06\
\x8a\xe6\x8b2\xc0\xccr.\xcaZ\x19Eq6O\x07\
\xc9\xf9\x95T5\x9d\x0a\x0d+\x82:\xe8\xe4;\xc5`\
\xbc\xce\x97\xc9A<*z\xb7\xff\x12\x0d\xd2V\x08\x07\
\xe4\xc8:\xe8\xd4I\xf3\x8e\xda\xb5$\xa0\xe1:\xf11\
\x86O\xc95\xaf\x00\xe6\xdd\xeeK|e{K5q\
n#E/\x15j\xdf\xd9\xf7\xe2\x98>&w\xe2\xde\
,t\x94z\x80\xf3v\xf7yh\xd1\xd5\xee\xb5\xc9s\
\x00\x19\x95\xe1\xc8\xd6\xc7}YwK\xa8\xa6T<q\
\xa3\xb5D5\x01JP\xce\xa0 \xa2\xa2\x19\x12\xe7k\
\x8e\xcc\xf1\xd1T\x9a\xebn\x09Q1\xbd\x10\x91rV\
\xb2\xc2w[\x12\xd2\x01\x06(\x07^\x03\xac\xa4X%\
\x9a\x1a\x01\xc3\xe4B\xee\xfb\xfdD\xc5\xf4\x9d\xaf\xa6\xc1\
\x9a\x0a\xb3K\xa8\xe4A\x03\x9c\x11\x02\xa8\x87S\x11\x1c\
[{K\x9aC\xae\x04\x83\x16\x91\xceEXm\x9b\xe0\
 \xa5\xbc\xdd\x11(\xe4\xf3\x08\xda\x8e7C\xacH\xfc\
y1\x98\x9c;\x0a\xdc\xa5JG]\x04O\x803+\
\x16\x10\xfa\x8cU\xdan\xee\xafJ1\xd9\x85!\x8f\x8f\
q\x16\xa7\xf0\x15~\xd9<N\x0d \xd1\x89\xb3\xaf\xf7\
\x0cT\x04\xc6*\x84\xab\xb7\x9a]\xcbdL\xd0#\x9c\
\x17\x7f<\x9e\xdb\xc3\x00%\x1cG\x00\xa2\xc9\x0a\x0aB\
\xaf\x01.N(\xeb\xc0,Q\xc8\xd6\x22\x99QU\x83\
\x09\x050\xc3\xc4\x18e\x84\xf7\xc2\xe7\xd1{\x08\x0e\xfc\
oh`\x0d\xad\xb0p\xccS\xcc\x95r\x19\xafC\xc6\
\x80&8D\x0d/\x88\xb9Q\xa5\x5c\xd4\xf7\x98\xecR\
^O1Z\xc8^\x10\x1e\x86\x83\x15\x81\xd5\x14A\xdb\
\xc7`@-\xc5\x1bn\xc9\xdd\xdbK\x86j\xa3\xb8\xe5\
\xd9W\x02\x10\xd41ce\x80jf\xa5<\x88\x01\xa5\
\x0cL\x0d\x08\xae\xda\xe7\x0d\xff\xc2\xda\x0a*t\xd84\
.\xc7\x0f\xe4\xf5EU\xf8\xb5\xe4\x1a\xea\xc1\x94F\x9b\
\xca\x8d\xb0\xa8\x8e3\xc0\xe9X\xbf\x13\xab\xe6a>V\
\xcc(k'\xd2\x95\xc7T\xec\xdf\xd4\xf6\x89\xd7B\x5c\
\xd4\xc2\xfe\x86\xfa\x96\xb6f\xef\xdaTKi(\x96\x0a\
\xe9\x050i\xb5\x8e\x83\x01\xef\xb15ffS/\x1f\
\x8cq\xaf\x89\x06\x83\xad\xa3\xf4\x9d\xbc\x08\xf5@\x1e\xcd\
\x09\xaf\x9a\xf1\x9a\x88*E\xbb\xa7\xb0L1\x0c\xd9\xd6\
i6\xf3\xa0\xf5\x82v\x8d\xb9\xe1-\x13\xba\x8a\x06g\
\x9b\xdc\xb3\x5c\xbb\xa9\xef\xceWT(L\x09\xb2O\xab\
q.5\x0a*\xe2\xf6\x95\xe2M\xb9\xf9\x06\xa8Vr\
\x01J\xb2\xb7)\x8aF\xe6~\x90\x5c\x07\x89\xb63\xfa\
.\xbf\xc8>9bm\x07\xe1\x98\xee\xbf\x1b7K\xb3\
`\x9e+\xc3tNA\x88\x83T\x1a\xb1\xc4\x82y\xcf\
\xec\xa2j\x1b\x87\xd6N$,\xb0r\xcd\x08\x92\xaf\xda\
\x9f\x1a\xab\x91,\xe3\xaeN\x00\xder\xc9\xa5\xb2\x85[\
nJ\xca>u\xcd\xe3\x0aJ\x17\xadE7V\x0b\xb0\
}`\xb4z\xedBP\x8a\xb2mt\xf5]\xa5\x03\xe3\
\x17\xbb\xcb)\xc6\xb9\xce\xa8\x86\xa3\xe43\xad\xb1\x19\xef\
\xba\x97\xd8\x91\x01\xdb`\x18\xc7u\x0d(%\xe6\x9c\xf3\
kZk\xd1\xea\xba\x0d\xc4rt\xb7|\xccA.\x18\
\xcf\xfa\xcf\xf5\xd0\x0b\xadv\xf13\xa0\xe0_\xdb\x95:\
^\xebG \x9eymr~Ct\xeb\xc7\xa9,5\
\x16O_\xeb\x83u$x\x7f\xbd\xfe\xfb\xb4\xc2\x89[\
`2\x80\x018\xbfJ+\xf1i\x18J\x04fmq\
[\xc1\xac`V0+\x98\x15\xcc\x0af\x05\xb3\x82Y\
\xc1\xfcj`B\x0a\xbd\x82\x88[`2=\xcfw\x05\
2C\x99\x1et\x9c<\x01\xfa7n\xf0\x04\xe8\xff\x01\
\x06\x89\xea\xfc\x12Dj \x00\x00\x00\x00IEND\
\xaeB`\x82\
\x00\x00\x16\xa3\
\x89\
PNG\x0d\x0a\x1a\x0a\x00\x00\x00\x0dIHDR\x00\
\x00\x00F\x00\x00\x00S\x08\x06\x00\x00\x00\x225q\xac\
\x00\x00\x00\x09pHYs\x00\x00\x0b\x13\x00\x00\x0b\x13\
\x01\x00\x9a\x9c\x18\x00\x00\x0a\xe6iTXtXML\
:com.adobe.xmp\x00\x00\
\x00\x00\x00<?xpacket beg\
in=\x22\xef\xbb\xbf\x22 id=\x22W5M\
0MpCehiHzreSzNTc\
zkc9d\x22?> <x:xmpm\
eta xmlns:x=\x22ado\
be:ns:meta/\x22 x:x\
mptk=\x22Adobe XMP \
Core 10.0-c000 2\
5.G.ef72e4e, 202\
5/06/27-18:54:05\
        \x22> <rdf:\
RDF xmlns:rdf=\x22h\
ttp://www.w3.org\
/1999/02/22-rdf-\
syntax-ns#\x22> <rd\
f:Description rd\
f:about=\x22\x22 xmlns\
:xmp=\x22http://ns.\
adobe.com/xap/1.\
0/\x22 xmlns:dc=\x22ht\
tp://purl.org/dc\
/elements/1.1/\x22 \
xmlns:photoshop=\
\x22http://ns.adobe\
.com/photoshop/1\
.0/\x22 xmlns:xmpMM\
=\x22http://ns.adob\
e.com/xap/1.0/mm\
/\x22 xmlns:stEvt=\x22\
http://ns.adobe.\
com/xap/1.0/sTyp\
e/ResourceEvent#\
\x22 xmlns:stRef=\x22h\
ttp://ns.adobe.c\
om/xap/1.0/sType\
/ResourceRef#\x22 x\
mlns:tiff=\x22http:\
//ns.adobe.com/t\
iff/1.0/\x22 xmlns:\
exif=\x22http://ns.\
adobe.com/exif/1\
.0/\x22 xmp:Creator\
Tool=\x22Adobe Phot\
oshop 27.3 (Wind\
ows)\x22 xmp:Create\
Date=\x222026-02-09\
T18:59:01-06:00\x22\
 xmp:ModifyDate=\
\x222026-02-27T14:4\
0:21-06:00\x22 xmp:\
MetadataDate=\x2220\
26-02-27T14:40:2\
1-06:00\x22 dc:form\
at=\x22image/png\x22 p\
hotoshop:ColorMo\
de=\x223\x22 xmpMM:Ins\
tanceID=\x22xmp.iid\
:f42296e9-dff4-4\
a40-aec6-d5bd247\
bab0d\x22 xmpMM:Doc\
umentID=\x22adobe:d\
ocid:photoshop:4\
d41a321-13f1-034\
e-bd39-af8a3ef3f\
2be\x22 xmpMM:Origi\
nalDocumentID=\x22x\
mp.did:5362cc97-\
a2ba-cc4e-b8e1-4\
97e5a8d90d8\x22 tif\
f:Orientation=\x221\
\x22 tiff:XResoluti\
on=\x22720000/10000\
\x22 tiff:YResoluti\
on=\x22720000/10000\
\x22 tiff:Resolutio\
nUnit=\x222\x22 exif:C\
olorSpace=\x221\x22 ex\
if:PixelXDimensi\
on=\x2270\x22 exif:Pix\
elYDimension=\x2210\
7\x22> <photoshop:T\
extLayers> <rdf:\
Bag> <rdf:li pho\
toshop:LayerName\
=\x22MET\x22 photoshop\
:LayerText=\x22MET\x22\
/> </rdf:Bag> </\
photoshop:TextLa\
yers> <xmpMM:His\
tory> <rdf:Seq> \
<rdf:li stEvt:ac\
tion=\x22created\x22 s\
tEvt:instanceID=\
\x22xmp.iid:5362cc9\
7-a2ba-cc4e-b8e1\
-497e5a8d90d8\x22 s\
tEvt:when=\x222026-\
02-09T18:59:01-0\
6:00\x22 stEvt:soft\
wareAgent=\x22Adobe\
 Photoshop 27.3 \
(Windows)\x22/> <rd\
f:li stEvt:actio\
n=\x22saved\x22 stEvt:\
instanceID=\x22xmp.\
iid:5e58fed0-21a\
c-364a-849d-8cb9\
16c3b51f\x22 stEvt:\
when=\x222026-02-10\
T18:04:33-06:00\x22\
 stEvt:softwareA\
gent=\x22Adobe Phot\
oshop 27.3 (Wind\
ows)\x22 stEvt:chan\
ged=\x22/\x22/> <rdf:l\
i stEvt:action=\x22\
saved\x22 stEvt:ins\
tanceID=\x22xmp.iid\
:2c3e4e8b-68ed-3\
b42-82ea-e614297\
d1f37\x22 stEvt:whe\
n=\x222026-02-27T14\
:40:21-06:00\x22 st\
Evt:softwareAgen\
t=\x22Adobe Photosh\
op 27.3 (Windows\
)\x22 stEvt:changed\
=\x22/\x22/> <rdf:li s\
tEvt:action=\x22con\
verted\x22 stEvt:pa\
rameters=\x22from a\
pplication/vnd.a\
dobe.photoshop t\
o image/png\x22/> <\
rdf:li stEvt:act\
ion=\x22derived\x22 st\
Evt:parameters=\x22\
converted from a\
pplication/vnd.a\
dobe.photoshop t\
o image/png\x22/> <\
rdf:li stEvt:act\
ion=\x22saved\x22 stEv\
t:instanceID=\x22xm\
p.iid:f42296e9-d\
ff4-4a40-aec6-d5\
bd247bab0d\x22 stEv\
t:when=\x222026-02-\
27T14:40:21-06:0\
0\x22 stEvt:softwar\
eAgent=\x22Adobe Ph\
otoshop 27.3 (Wi\
ndows)\x22 stEvt:ch\
anged=\x22/\x22/> </rd\
f:Seq> </xmpMM:H\
istory> <xmpMM:D\
erivedFrom stRef\
:instanceID=\x22xmp\
.iid:2c3e4e8b-68\
ed-3b42-82ea-e61\
4297d1f37\x22 stRef\
:documentID=\x22xmp\
.did:5362cc97-a2\
ba-cc4e-b8e1-497\
e5a8d90d8\x22 stRef\
:originalDocumen\
tID=\x22xmp.did:536\
2cc97-a2ba-cc4e-\
b8e1-497e5a8d90d\
8\x22/> </rdf:Descr\
iption> </rdf:RD\
F> </x:xmpmeta> \
<?xpacket end=\x22r\
\x22?>\xd4\x91\x96}\x00\x00\x0bcIDATx\
\xda\xed\x9c\xcf\x8f\x1c\xc5\x15\xc7W\x0a\xb99W\x90`\
A\xe4\xc0F\x02[^%\x87\x90C\x04\x9a9\x82\x8c\
\xc4X\xf1m\xa6\x03\x87\xcc\x0eYG\xb1g`\xe5\x95\
\x82\xbc\x07\xa4\xf8\x80\xd7\xc6\x9e\x9bs\x88\x13[\xbb#\
2\x1bs\xb0\xb9\xc1_@\xf6/\xc8\x9f2\xe9\xfa\xf1\
\xaa\xbe\xef\xd5\xab\xee\x1a'HF\xe9\xc3SwW\xf7\
Nw}\xfa\xfb~TUk7V\xab\xd5Fg\xa9\
u\x10:0\x1d\x98\x0eL\x07\xa6\x03\xd3\x81\xe9\xc0t\
`:0\xffg`n=\xfe\xf7\xea\x87h\xdf+\x18\
s\x83\x0b{\x7f\xef\xcc\x9b\x05\xd3A\xd1m\xa3\x83\xd0\
\x81\xe9\xc0t`:0\x1d\x98g\x0f\xcc\xefo~\xd5\
Ym\x0c\xcc\xb3\xf4`\x1f=#p6:\x95\xe8\xd6\
\x81Y\x07L\xef\x93\xbe\xb7\x9eb\xda\xb9\xbeh\x97\xd7\
h\xe7{\x05\xf7\xc8]\xd7W\xf6\x95\xeb\xf7\xfa\x0d\xcf\
\x1d\xf7\x8b\xc0\xb4w\x5c3\xe5\xc6{\xfd\x96\x0e\xf5\x0a\
:\xdeo\xf9\xdb\x06\xdb\xcb\x01\xd3\x9e\xbdW\x02&G\
<\xf7\x86ro\xbd\xe4\xed\xf7[\x8e{\x0d\x9d\xea5\
<G\xbf\xe1z\xf9\xe2\x9c\xb5\x83\xd9k\x92}\x8b\xbc\
\xf7\x9c\xcd\x8ew\xd6t+\xe5\xfc^A\xe7\x1a\x81\xb5\
\xbf\xd0\xa9}\xce^!\x18\xf8\xa1i\xe8\xa0\xfbQ:\
\x9e-&\xc2Uxg\xccu\xf6\x9a\xd6\xf8\xc0\xc1\x8c\
\xee^\xe4\x90\xa1\xbd\xc2s\x99\x97\x16;\xealv<\
\xe1\xbf\xb5\x17=\xc1>#\xf4om0\x08\x87\x8e\xa7\
\xc7c\xdbq$\x8e\xf0\xc8f\xecA\xf3ot4\xbf\
\xb8\x1a\xb2\x8e\xbb\xadi\xe3PR\xa0\xa6\xf3xO|\
V\xbc?\x7f\xd6\xfa\x98=\x7fo\x1d0=\xb5\xa3q\
;N\x1eJ\xbbv\xaa\xc2\xe1j\xd0:O\xed\xc3\xbb\
\x08\x8d\xab\xce\x00\x9d)\xf7\x8d\x16_ \x82\x0b\xc7A\
\xd5\xbd\xf5\x14Co$\xdc$\x03a\x0a\xe7\xf0\x9aT\
U\xa2c\x06\xc8\x9c\xbb\x889&(d\xd2u\x08\xa4\
\xb9\x96\xbf(\x09hb\xdb\xe9\x19\xe3\xb9q\xa2\xa8\xc2\
t-\x153\xf1?\xe4o\x04o\xc1\x81\x9b$o\x86\
\x80\x9a\xfd*\x89\x1dn\xbfb\x1d\xef'@\xf0\x5c\x04\
2\x88`\xee^L^\xc6Ty1\xe9K\x93*Z\
7]\x83\xecf\x00'\x91\xefbG\xbc\x991{\xb8\
Q\xdd\x19-\xfb\x0cC\x07\x07\xf6\x9a\x0a\x80T\x00\xc5\
\xb5\x0f\x00X\xdc\x8f\x8a\x9e$\xee\x9dW\xf1\x98\xa9\xbd\
\x08\x8c\xbb\xb0\xaf\x06\xe1l<YD)\x93M\x17\xf1\
|\x95\x04\xd6\x9e\xaa\x8e\x9c\xa1{\x0da[\xddu1\
\xc6\xdc\xdf\xda\xf1\x84\xc5\x195>\x02\x98\x19\xa8*\x0f\
\xe6\xf3\x08\x86\xfb__\xf5\xdd\xe8:\xcdA\x98\xc0\xf0\
\xe0\xda\x0f\x0a\x89j\x18\x80\x9b\x0cl`\xad\x04\x0c\xfe\
7\x04f\x02*\x1dGU\x93\x1b\xc1\xd6\xee\x0b\xf7\xa2\
\x17Z\xa0\x98H^K\xc3\xf6\x06\xa8\x8eE\x94r\x08\
\x82\x0b\xbcv\xc7v\xb4\xb2\xee\xd4c\xf1D\xbaN\xa5\
\xb8\x0a\x9e\x1f\xb2\xb6\x81=NU!\x80\xf8\x18\x98$\
\x0b\x8c\x93\xf5~+\x98\x99\x90\xe2\xcc\xfb \x8f7;\
\x0d\x19\x8a?\x80\xb1!H\x9fT\x83\x1d\xad \xcbX\
U\xcc\x01\xce<\x06a\xa9\x96J\x01\x83qe\xe3\xbd\
?\xd4v\xb9\x9et2\xb6[\xef\xef\xba\xe3\xf7\xfc1\
Y\xdd^\xa4\x98i&\xd0\xb6\x01\xc1,0\x83\x14\x19\
\x03\xeb@\xc92\x183\xd2\xeb0;\x05\xb5@\xcc\xc1\
\xfb\xbbN\xef\x86\x8e_89]]X\x9e\xba-\xed\
\xe31X\x81b\xd2\x00\x16\xfc\x93\xb9\x93\x846\xc9\x16\
\x83\x95\x08\xa0T\xa2W\xd0\xc9\xa1p-\xba\x0eS:\
\xfe\x0e\x81\xb4\xca\xf0o>t\x5cv~\xd9\x02fy\
Z\xaa\x98\xf8\xf6\xa7\x8bI\xa6\xe3\x93\xc4\xed\xd8\xdf\x81\
\xf2d\x1cAw\x1a\xc9\xd81\xe75L\x04\xc33\xd9\
\xd0C2\xeaHTq\x92\x81\xa3\x81[\x16*F\x0e\
\x03\xd2:fG(\xa7-\x95O\x92\xd4;T:\x9a\
\xda\xc0*\x86\xb2\x94\xbc\xde\xc5\x86\xcby\x18\x19e$\
\xd7.s\x8a\xf9\x5c\x03#\xca\x7fp\xa5\xd3\xd3Sk\
!;-dA5N\xdcL\xd6\x1f#\xdf\xd1__\
\xda\xc8\x1a*k\x08\x99\x8a\xe2\x90\x09\xacIGs\x80\
\xfe\x17\xaeDCrt\x87\x19\x14k\x04\x86\x0c\xeb\x98\
\xf4\xdc\x0es%\xaaW>\xfb\xe5K\xb6\xf3\x9f\xde?\
\xb7\xfa\xd3\xfd\xb3v\xeb,\xee\x9f\x19\x5cZ\x9dy\xff\
Rp9\x1c\x0a\xd0\x96\xc5\x95\x93\x06\xb5,\x15wZ\
7\xf8\xca\x82\x8e\xa7\xde\xb4\xf3%V\xf9\x9a\xe3\xb37\
7\xad}w\xf2\xb3\xd5w\xcb-\x07\xe5o\xe7\x02\x0c\
sL\xf6\xd6\xbd\xfb\xab\xb7k\xfbI\x0d\x88\xdcO\xd6\
8&\x03e\xdd\xc6\xb7\x9f\xbd\xf9x\xb5\xfd\x05\xd9\x93\
\xd5\xf9\xdb~\xeb\xdb\xcf\x1d\xba\xb6\xf2\xe0{<\x11\xfb\
B\x19\x8f~[[\x15\xb7_\xf9\xad\xa2\x9a\x91\x87b\
`HC(\x04\xc9\x00!0\xc6\x8cz\xa8H\x1c\x06\
0\x03[\x9f\xa8q\xe4\xc4\x01qP\x9e\xac\xb6\x0f\xeb\
\xad\x07`\x81\x1c\xbav\xba\xa6\x08\x8c\x1c\x8bT\xb0\x9f\
\xa8!\xc0\x89V\xc9\xcc\x81PN\xbc)\x80L\xbb\x05\
S\xdb[\xf7\xfe\x1a\xa0\xbc\x0d\xca\x99*\x15\xacU\x8d\
p\x0f\xa3\x04\x04cTa\x8c`\x188g\xcd\xf1\xa1\
S\x8e9\xd7\x08\xe6\x93\xf9cQ]\xba\xb7\xf34\xae\
\xe3\x80\x0e\xa2Z\xbc\xfbh\xf6\xe6\x1f\x1fX\xfb\xd5\x15\
\xb7\x95\x8a!0\xb3\xc5$Qt\x00\x03\xaa\x09J1\
v\xe7\xeb\x00\xe9\xac\x85\xe0\x8e\xb7\xef<\xf1\xc7O\xca\
\xc0\xc8\x11-mY\xc7\xe7|\x0c\x93\x07\xa4@\xb9\xf5\
\xf3\xd5\xbfn\xff\xc2n\xc9\x08\x08\xc19\xfa\xe7\x8b\xab\
\xe3\xda\x8e\xbc\x11\xa83\xef\xff&I\x0c\xd6\xa5\xa8\x96\
\x01\xe58\x858\x17\xa2\x18c]\x09\xec\xdcM\xaf\xa4\
R0\xd5\x5c\x0e\xeapt;H\x06t4\x16\x92`\
\x862\xb6\x00\x0c\xcd\xbe}\xe1\x15k\x12\x0c\xd9\x07\xbf\
\xdbH&\xc4\x86\x94\x9dD:6Ja\xc1\xf6vt\
\xab\xf3\xb7k#P\xde\xed\xd6TL\x1c\xe6WP\x83\
\xc8\x81\x9c\x1c\x15cz}g\xfb\xc7\xc5@\xac=\x1f\
\xe1  \xb3=~\xf4\xe2\xeaC\x03\x07*lW\xfd\
\xee\xaau\x8b\x89\x1f\xe7!\xde881+a\x1cj\
\x053$\x18\xf3\xb4\xb3r\xd2H\x9b6\xe0\xf3+\x17\
W\xef\x16\x80\xf9\xe6\xf9W\x128\xa6\xcd\x02y\xf4\x92\
3\x0f\xc7\xaa&\xcc\xb7\x8cC,d\xee\xe4!Y\x10\
\xc1\x95b\xf0\xc5\xad\x85t\xf8\xb8,\xf8\xa63g\x03\
\x05\xc4\x80)k\x04\xc7\x04\xd6\xd8\xbbk(\xc6\x02\x02\
H\x9aj\x0c\x18\x1c\xb6\xb8\xfb\xf9\xd4\xad\x14v\x18S\
\xacj\x0e\xa3K!\xacv0s>\x90\xab\x120\xb1\
\x96\x18\x8ax\x14G\xcb\xb1\xd6h\x03\x83 \xa4r\x18\
\x14\xaf\x1a\x04cT\x83\x0aN*\xe1\xa5\x0b\xc2\xe8J\
\xe8B\xd6jP\xe7\xef\x14\xb9\x12\x1f\xf2WPi\x86\
\x87\x98\xf3q\x0f\xc6\x958-\xe0\xda\x09\x8c\xccDj\
|Q\x00\x11\x94#\x1fc\x0c\x988\xba\x1f\xb3\xa5\x94\
$\xd6@\xf5k\x01\x1dB\x9c\xa9\x8f_\xbdv\xcf\xda\
O\xf7\xffR\x06\x06\xd7z*e\xae\xa4\x02\xc5\x0cE\
\xbc\xa9\xc4\xcc\x7f\x93b\xb4\xb8\xf2\x8dP\xd0\x91p#\
\x9ct\xa7\xac\x94(F\xab\x82\x0f#\x1c\x03\xe2\xd5\xfd\
{\xd1j8\xe5\x8a\x81Y\xb6t\x12)\xa6lm\x82\
\x09\xe3\x0e\x82\x91\xaa\xd1\xa0H8G\xe0J\x1f\x060\
\x930y6\x82z+\x19\x22\x10\x18p\xa7s\xa4\x14\
\x0f\xc5@*R\x0c\xd6(r\x9e5N/\x0e\x9a\x97\
;`[\xaa\x18\x19_\xf0\x98\x5c\xe9\x03\x9f\xaa\xa7b\
J\x03\xa75\x98;av\xfa\xc2\xa9\x85\x5c\x87\xdc\x88\
\x00\x15\x0f\x09p>d\x14\xd6\x8f\xfb\xca\xe4\xf5\xc5$\
\x93\xb1\xb8\xd4\x00\x87:\x1f \x88-\xb5\x87\x1af\xbc\
\x91,\xe6ay\x90\x80\x01W\xb2\xa5\xff\xad\xaf\x19\x14\
\xdc\x97\x1fF\xea\x05\xde<f\x1b;\x1f\x22f\xea\xb5\
B/\xa7\x9aQ\x06\x8c\xea:\x22]\x7f\x0b`(\xe8\
\xd2B\xde\xcc\xbb\x94,2\xb5Ip\xe6B\xd7b\x5c\
\xc1\xfd\xb5\x5c)\x06\xe1^P\x0ce\x1e^\xe8\xc5\xa1\
B\xa5\xac\x05\x19\xf9\xbf\xb3\xfd\x1c\x03\x84.\x93(F\
\xb8S\xccD;,\xc6\xd0b\x1efH6\xda\xf6p\
^\xbb\xfe`\xb5u\xf00u!PM\xd9XIN\
\x0a\xcd\xd3\xf2\x7f\x98\xa9\x86\xe5\x94\x05[\xe2\xa8;C\
p\x9a\xe2\x0b\xd9l\xe3G\xd6\xb4E\xb2\xb84CJ\
\xb9\xacNA\x18(\x04\x22d#p%j+*\xf0\
*\x11\x5c\x87\xbe.\xa9\xe6iAW\xc9\xb1\xd5<\xcd\
`\xb4\xbeM\xea3p>\xdex.\x18\x01\x90m\xec\
\x93\x8d\xc5D\x9dh\xaf\xb44\xed\xcd\xa8d\xeb\xe0A\
\xa2\x0ev\xbc\x8e+i\xd5o\xa5\x8c\x93r\xed2\xc6\
\xd0:\x14~\x01E+\x9c\xea'\x1b\xda:\x96\xf2\x99\
\x89\xba\xb0\xe6\x15\xe3\xdc\xe7A\xa2\x0c\x82#\x83p\x01\
\x98A\x12Dqp\x88[9gS\x89a\x04)\x8c\
\xbe\xc7\xc3\xa09\x050\xf8\x05\x14\xa9k\xc6>\xd5\x10\
\xd3\xad\x8b\x89^\xe5\x9e \x94\x87\xce\x8d\x84Z\xb48\
S\x16c\xe6q\x89\x22\x06\xd9AV\x11r\x0at\xa4\
@\x9a\xb2%\xdb1\xff\x0c\xa3a\xe2=f\xa11_\
\x86\xbd\xb0\xabO~{\xf7!\xb5\xbc\x06\x8a\xd1b\x0c\
*\xa8\x15\x8c[\xfb\x8d\x0b\xe0\x1a\x08\x06I\x8e\xaeY\
`\x1e00\xc9Ro\xe6\xf3\x91\x19\xfb\xee&Na\
\x86\x05\xb6\xcc2\x89\x85r\xe0\xa00\xc5\xec\xf3J7\
\x80\xb9\xb6\x86b\xe4\x84\x8f} \xfaR\xa0\x8e\xfc\xa3\
Lf\xc2\xc1\x9ct-\xfe\xfd\xdb\xa4\xf5cF\xb6\xf2\
\xb9\xd8\xc9\x8e\x81\xb0\x8d@\x04\x03\xc50 \x22+\xd1\
\xb9v0\xcb\xe6\xf5_\xfe\xf9\x04~RqYLT\
E@\xec\xe3\x9dc\xf9\xa9\x177\x97v\xf9g\x1a\xd9\
\xf5gQ\xa7\x90Y(\x1eP\x08\xbc\x08e?\x0d\xc8\
\xe5\x8a)Y$\x87c\xf6\xfd\x09\x03\xb7\x1bUw\x01\
\xd5\x07\xfb`\xd9\xa5T\xe5\x85\x85 \x0b\xae#\x8de\
%1>Zk\xac\xa4.zgV\xf9\xda\x96=[\
\xbf4Xs}9\x14m\x07\x11HP\x07\xee\x0bw\
\xd2\x0a;\x06h\xff)b\xcc\x7f\xb3\x1e\xdc\xb8\x9e\xdc\
\x06?\xf3{\x89*<\x0ct#t+cZ\x9c\x91\
A\xb8\x0c\xcc\xb2\xe5\xeb\x81\x12U,[\xe0-\xd7\x80\
\x0b\xd7\xa1Bbj~\x18\xd2sp)\x11g\xd4\x8a\
w\xffi\xb2\xd2\xc9i\xb9[\x95|i\xd0\xa6\xc2e\
\xdemP!\x01B\xe3\xf1CV\xe4\x85\x0c\xa5\x0c\x0d\
\x8a\xeb\x98\xcd+wV/_\xbdc\xb7d\xe6\xd8\xb6\
]\xe5m\x9b\xbe\xbd\xe9\x83\x9c\xd6\xb8\x93\x81\x89\x1dL\
\xb2\x8ep#~>u3\x96\x85\x94\x91u\x11\x98\x1c\
\x144\x09\x87\xed_\x15 kK\xe2\xc0u\xa9\x82\xf8\
\xe6\xb1s2\x05KP\x08\x00+^\x8a+\xda\xa4\x94\
\x8c-\xc5\xa3k\xec\xbc\x04\xa1\xc1B\x15mf\xa0\xc9\
\xda\x22\xc9\x1e\xd2%\x00\x8c\x8c\x1bm*\xd2\xdcDf\
\xa1\xa7\x9a\x0cW\xa1\x88\xad\x84\xa7\x02\x836|\xc3\xb2\
\xb3\xb9:dK^\xa3\x82\x8cC\x800\xef\xa2(\x84\
\x01\x12c\xa6F\xc5|$\xc1\x5cm\x06\xb3y5\xa3\
\x1a\xa9\x18\xbf/;\xc4\xea\x90\xeb\xbaJ4\x08[\x07\
y\xb5I\x05`e\x9b\x1b\x0a\xacU\xe0I\xb7\x90q\
$Q\x94t'i^1j\xf1\x95d\x11=\xae\xc8\
\xac\xa3\xa6c\x09\xe4Z\xc3\xe4\x94\x9c\xf7\xd5\x5c\xc9\xfc\
+&\x06\xa6!\xa6\xc8\x0e'\xee\x94q/-c\xc8\
\x0e\xf2\xa2\x8c\xbb\xca\xeb\x7f\xfe2\xd8\x1b7\xfe\xc1\xb6\
\xaf\xdf\xd0\xdb\xdf\xb8\xe1\xf6\xc3u\xb5IW\xcb\x8d\x95\
\x0c\x93\xf0\xcf\xbb\xa4b^\xce\xb9\xd3\x15\x9e}6\x0b\
\xb2X\x5c'\x8e\x9f}\x91i\x80H=\xb6S\xd0A\
\xea,\x82B8Z{\xfc;\xb8\xf6\xc6\x97\xd9\xd15\
\xfd\xa7\xb4\x1f\xfc\xbf{\xfb\xbe\xfe}\xdc\x7f\x00x\x02\
\xb8)^\xdb\x8f_\x00\x00\x00\x00IEND\xaeB\
`\x82\
\x00\x00\x12\xdf\
\x89\
PNG\x0d\x0a\x1a\x0a\x00\x00\x00\x0dIHDR\x00\
\x00\x00F\x00\x00\x00S\x08\x06\x00\x00\x00\x225q\xac\
\x00\x00\x00\x09pHYs\x00\x00\x0b\x13\x00\x00\x0b\x13\
\x01\x00\x9a\x9c\x18\x00\x00\x0a\xe6iTXtXML\
:com.adobe.xmp\x00\x00\
\x00\x00\x00<?xpacket beg\
in=\x22\xef\xbb\xbf\x22 id=\x22W5M\
0MpCehiHzreSzNTc\
zkc9d\x22?> <x:xmpm\
eta xmlns:x=\x22ado\
be:ns:meta/\x22 x:x\
mptk=\x22Adobe XMP \
Core 10.0-c000 2\
5.G.ef72e4e, 202\
5/06/27-18:54:05\
        \x22> <rdf:\
RDF xmlns:rdf=\x22h\
ttp://www.w3.org\
/1999/02/22-rdf-\
syntax-ns#\x22> <rd\
f:Description rd\
f:about=\x22\x22 xmlns\
:xmp=\x22http://ns.\
adobe.com/xap/1.\
0/\x22 xmlns:dc=\x22ht\
tp://purl.org/dc\
/elements/1.1/\x22 \
xmlns:photoshop=\
\x22http://ns.adobe\
.com/photoshop/1\
.0/\x22 xmlns:xmpMM\
=\x22http://ns.adob\
e.com/xap/1.0/mm\
/\x22 xmlns:stEvt=\x22\
http://ns.adobe.\
com/xap/1.0/sTyp\
e/ResourceEvent#\
\x22 xmlns:stRef=\x22h\
ttp://ns.adobe.c\
om/xap/1.0/sType\
/ResourceRef#\x22 x\
mlns:tiff=\x22http:\
//ns.adobe.com/t\
iff/1.0/\x22 xmlns:\
exif=\x22http://ns.\
adobe.com/exif/1\
.0/\x22 xmp:Creator\
Tool=\x22Adobe Phot\
oshop 27.3 (Wind\
ows)\x22 xmp:Create\
Date=\x222026-02-09\
T18:59:01-06:00\x22\
 xmp:ModifyDate=\
\x222026-02-26T17:5\
1:58-06:00\x22 xmp:\
MetadataDate=\x2220\
26-02-26T17:51:5\
8-06:00\x22 dc:form\
at=\x22image/png\x22 p\
hotoshop:ColorMo\
de=\x223\x22 xmpMM:Ins\
tanceID=\x22xmp.iid\
:88017210-067a-7\
f4c-ab88-2fc423f\
9bdef\x22 xmpMM:Doc\
umentID=\x22adobe:d\
ocid:photoshop:f\
0c34eb8-fb90-384\
3-add8-9e7281f44\
fa2\x22 xmpMM:Origi\
nalDocumentID=\x22x\
mp.did:5362cc97-\
a2ba-cc4e-b8e1-4\
97e5a8d90d8\x22 tif\
f:Orientation=\x221\
\x22 tiff:XResoluti\
on=\x22720000/10000\
\x22 tiff:YResoluti\
on=\x22720000/10000\
\x22 tiff:Resolutio\
nUnit=\x222\x22 exif:C\
olorSpace=\x221\x22 ex\
if:PixelXDimensi\
on=\x2270\x22 exif:Pix\
elYDimension=\x2210\
7\x22> <photoshop:T\
extLayers> <rdf:\
Bag> <rdf:li pho\
toshop:LayerName\
=\x22MET\x22 photoshop\
:LayerText=\x22MET\x22\
/> </rdf:Bag> </\
photoshop:TextLa\
yers> <xmpMM:His\
tory> <rdf:Seq> \
<rdf:li stEvt:ac\
tion=\x22created\x22 s\
tEvt:instanceID=\
\x22xmp.iid:5362cc9\
7-a2ba-cc4e-b8e1\
-497e5a8d90d8\x22 s\
tEvt:when=\x222026-\
02-09T18:59:01-0\
6:00\x22 stEvt:soft\
wareAgent=\x22Adobe\
 Photoshop 27.3 \
(Windows)\x22/> <rd\
f:li stEvt:actio\
n=\x22saved\x22 stEvt:\
instanceID=\x22xmp.\
iid:5e58fed0-21a\
c-364a-849d-8cb9\
16c3b51f\x22 stEvt:\
when=\x222026-02-10\
T18:04:33-06:00\x22\
 stEvt:softwareA\
gent=\x22Adobe Phot\
oshop 27.3 (Wind\
ows)\x22 stEvt:chan\
ged=\x22/\x22/> <rdf:l\
i stEvt:action=\x22\
saved\x22 stEvt:ins\
tanceID=\x22xmp.iid\
:2cdb0f16-91a5-2\
347-a0d5-b09ee35\
3e9b0\x22 stEvt:whe\
n=\x222026-02-26T17\
:51:58-06:00\x22 st\
Evt:softwareAgen\
t=\x22Adobe Photosh\
op 27.3 (Windows\
)\x22 stEvt:changed\
=\x22/\x22/> <rdf:li s\
tEvt:action=\x22con\
verted\x22 stEvt:pa\
rameters=\x22from a\
pplication/vnd.a\
dobe.photoshop t\
o image/png\x22/> <\
rdf:li stEvt:act\
ion=\x22derived\x22 st\
Evt:parameters=\x22\
converted from a\
pplication/vnd.a\
dobe.photoshop t\
o image/png\x22/> <\
rdf:li stEvt:act\
ion=\x22saved\x22 stEv\
t:instanceID=\x22xm\
p.iid:88017210-0\
67a-7f4c-ab88-2f\
c423f9bdef\x22 stEv\
t:when=\x222026-02-\
26T17:51:58-06:0\
0\x22 stEvt:softwar\
eAgent=\x22Adobe Ph\
otoshop 27.3 (Wi\
ndows)\x22 stEvt:ch\
anged=\x22/\x22/> </rd\
f:Seq> </xmpMM:H\
istory> <xmpMM:D\
erivedFrom stRef\
:instanceID=\x22xmp\
.iid:2cdb0f16-91\
a5-2347-a0d5-b09\
ee353e9b0\x22 stRef\
:documentID=\x22xmp\
.did:5362cc97-a2\
ba-cc4e-b8e1-497\
e5a8d90d8\x22 stRef\
:originalDocumen\
tID=\x22xmp.did:536\
2cc97-a2ba-cc4e-\
b8e1-497e5a8d90d\
8\x22/> </rdf:Descr\
iption> </rdf:RD\
F> </x:xmpmeta> \
<?xpacket end=\x22r\
\x22?>h\xc7\x9f2\x00\x00\x07\x9fIDATx\
\xda\xed\x9cM\x92\xdb6\x10\x85y\x96\xb1\xe5mfC\
,\xa5\x9d\x97\xb9\x88s\x80\x9cbR9D\xb6d\x15\
\xb5\xc8\x15\xe8\xa5N\x90\xa3\xc8\x22E\x80\x8d\xd7\xaf\x01\
\x90\xa2\xc6\xe3\x0a\x17(\xcdP?\x94>v\xbf\xfe\x83\
T]\xaf\xd7j_z\xed\x10v0;\x98\x1d\xcc\x0e\
f\x07\xb3\x83\xd9\xc1\xec`v0\xff30\x7f\xff\xfb\
\xdf\xf5W\x5cO\x053\x9c\xe0\xf7?\xff\xd9\xd7\xb4F\
0;\x14\xbe\xaa\x1d\xc2\x0ef\x07\xb3\x83\xd9\xc1\xec`\
>\x1e\x98?\xfe:\xef\xeb\xb6\x220\x1f\xe9\x8d}\xfb\
 p\xaa\xddJ\xf8\xfa\xe9`\xaa[U\xb2f=\xdb\
J\xab\x8f\x0a\xe4\xec\xdc\xf5\x5c;\xb8\xad\xef\xb7\xb7\xf5\
LP\xef\x06f\xadUt7\x10\x9d\x80\xe1!\x85c\
\xe1\xd6m\x0e\xa8z\x0f \x87\xe3\xd7\xeb\x97\xd3\xd7\xf1\
vX\xc3\xb1\xcb\xe5\xb2\x0cL=\x81\xa8gH\xfe\xfe\
gXN\xf5L(\x87\x01\xc6\x04\xc4\x83\xf1P\xfcb\
@\xe4}\x01N\xed\xc4\xdf1\x90\xd5\xef\xf3\xed\x9d\xc1\
\xa0\x95\xc8[\x04\x83p\xf0\xf8y\x02\xc1\xb4\xe5\x99\xa1\
\xbez\x06\x94\x01\x80_\xde}R`\xac\xe5-\xc6\xbb\
\x0d\xc2Y\xabs?\x0d\x0c[LcrP\xa4+\xc9\
\xe5\xc5v\xe9\xfb\xba|oo\xab)\x02T\xbdgx\
>\x08K\xca\xc1an$\x05\xd8k\xcc20MX\
98\xd5\xa3V\xb1\xe6yR\x88Q_\x98\xa5\xcc`\
\xea\x19\xce\x0a\x97\x9a\xe1\xb4\x91\xf5l\x02F&`k\
\x22BI\x88\x0e\x9a\x12\x16O\xea\xd6^\x9c\x12\xcb\xa9\
\xd6\x00Y+\x80E\x19/&t\x93\xa5l\x99\xa7\x8c\
p\xfa&X\x0f{\xed*\x17\xd3\xbfE/\xd4\x86+\
\xba\xf6M\x96d\xbc2y\xf3\xae\xb3(\xa2\x14\x9c\xc3\
\xbbR\x1eL\x81\xa2oa-\xb9\x8c7\x08\xefd)\
RgJ\xcf;\x7f\xf8\xa6x-\x06\xe3\xadE\xfa\xfe\
#PR`X\xfe\x82\xc5d\xa9\xb6h0\xad\x12\xde\
\xd5`\xa4\x8a\xcb7Vb\xb2)0\x0c\x8e\x0a\xd5N\
\xd7D\xf2\xffr8\x13\x84^B\xc1c\x0b\xc0\xc8\x17\
\xc5\xac\xd3*\x12e\x8e\xa2N\xb40\xe3\x959L\x5c\
H\xce\x11\xab\x18\x8e\x17\xda\x9eXL\x7f_\xcb\xc0H\
\xc1\xad\x1d\x15]\x04s0\xe0,\x07\x13[\x0cF\xaa\
%z#-C\xbb\xd1*\x8b\xb9?\xf9\x9c\xd0\x17\x99\
\xb4\xe1\xf2I\x5c$\x88K\xc1\xd4Ni\xcd\xfa\xc4\xae\
\x89-E@\xd2`\xde\x0a\xc0\x80o[\x85\xa3,\x16\
\xd1zJ\xe1x(\x9d,\x07 d\x97\xea\x5c\x1c\x9e\
\x99\x10/\x14_\xa6/\x182\xadB\x91\xadT\x04B\
1\x96mL\xd9{I\x9d[}\xd0\xbeID$q\
LhN\x16\x0c\xd2\xb5J~\xe62\x16\x18\xd9r\xc0\
\x8e[\x94\xf1B\xde\x22\x93<\xfe\x81\x1b\x880\xec>\
v\x7f\xabn\x0b\xc1\xccdu\xed\xe2(\x04\xcbjB\
\xa3J<F\x16\x82\xaa\xe9]\xeb\xf0\x5c\x9e\xa8\xb5\xa6\
\xb8\xaaH\x94p\xa3\x020-\x88\xdfl\xd2\x96\xd0\x06\
\xadI\x88\xb1\xac\x89\xb0\xcf\xe2\xcf\xe7\xc1P\x00\x18e\
\xfa\x14\xa0\xd6\xb0\xa6\x85E$&E\xf2\x8d\xa2K1\
\xabA+\xb14'\xea\xaf\x90\xa2Q\x83i\x13\x90\xac\
c\xad\xf9\xbc\x5c\x06]\xd9\xfar'\x1d\xe5\x12\x05`\
,k:@\x94\x8a\xa0`\xefE\xb8S\xdaU\x0cQ\
e \xfb2 \x090\xf1\x0b\xeb\xec\x93\xc3\xc9E\xa7\
\x83\xec\xff\x068R\xbf\x1c=O>\xd2d4\xa7/\
\xef\xda\xe5\xc1\x08ST\x99\xa7\xd4\x03\x01G\xe6*,\
\xa7A@\xd2\x9d\xd0\x1a\xe3\x8e]\x9d\x89D-\xd7\x15\
\x09\xa6o\x96'\x85\xb9\x0c1\x08b\xed\xc8\x1bwf\
\xd2eF'i1P$bE\x9d\x14\xe0\x22\xedi\
\xd7\xb7HR\xa1\x1a]Iu\xeb\x13e\x82\x15\xb2\x95\
\x00\xe3\xd8\x15\x85~\xba(\x1cD\x0bB\xdb\xacv\x9d\
\xe5\x16\x13\x89\xaf\xe3!\x16\xea\x17Yu\xe3\xc0\xed\x8b\
\xd0\x17\xfc\xf0\xf1$\xa0\x8e\x1b\xe0\xa3\xe5\xb4P)7\
\xa6\xf8>\xda\x0a\xcd\x82\x09I^T\xf2\xf3\xf0\xca\xe0\
\xe0\xd0\x0d{-\xb8:\x02\x04\xcfc\x89+\x0b\xc5\x1b\
Z\x8cN\xa3\xcf$\x22\xb1(\x85M$s{\x87s\
`\x11\x00\x9e\xb5\x1a \x94\xfb\xbfY\x08\x1f?\xc7\xf1\
x\xbd\x9cN\xe3\xdaHcx\xcf\xc2\x9a\xed\xa8\xc6\xb5\
\x80\xc3>\x5c\xc7\xc2\x7f\x0ef\xed\xa0\xd2\xe6\x96&/\
\xca\xe5x\x0a\xeba0z\xb4\x10\x9bl\xa4\x09,1\
\x83Q\x87\xda\xcbR\xf3D\xd1\xafO\x87\xd7\xfb\x95\x86\
\x15\xcd\x9cH\x12x\x16k|\xff\x83\xa5\xc0\xf3\xb7\x01\
\x93\x08\x8dx\xc5\xd8\x1bc\xc3xY\x84\xa2\xbb\xbd|\
~\xbd\xad\xdfF0w8'\x02\xe8\xa4\xc6+l\xcf\
\xccl-\xc7\xe0N\xa5`\xbe-\xa9\xaeY:\x8e{\
V02\xa5L\x1e-dX\x03\x94\x97\xe9\xef\x00'\
\x5c\xf5\xd3\xac\x17\x02\x8e\x1a\xddJ0\xd3c\xfdkl\
k1\x89\xe2L\x0b0\x03\x03f.\xee\x97z a\
\xdc-\xe75v\xa9\xe9\xc3I`\xa9\xadh\x1e\x8c\x7f\
\x0d\x15\x99\xde\x1e\xd8\x1f\xa3\x1b\xc8:\x1bf\xed\x82\x0e\
\x5c\x09\x05\x11\xeb!\x09\xc7\x03\x91\xb7\xdeb\xe4q\xb4\
\x1cf\x91\xc3c\xfc\xe3\xfdy\x17\xcf\xb8\xb3\xf3\x98\xef\
z\x1e\xc3\xe6<R`%\x08\xed^5\x1d\xa2I\xab\
\x99\xb5\xe6\x18\xae~tLh\x07\x8bl\xfe1\xc3k\
\xad\xdd\x80P\x95m\x99htW\x8f\xec\xa6\x94K\xed\
`\xa0b\xac\xb5\xe7\x05\x5c\xeb\xd3A/\x8cVq\x88\
>F@\xe7\xf3\xbb\xf5EdI\x84R\x96B\xfa*\
q\xd5\x0c\x159\xb41\xb1^B\xd7BHw\x17;\
\x85\xe4-\xd2\x22\x10\xec\xd9\x95\x9e\x00\x86\x8dQX\xb6\
\xdbY\x09\x98\xda\xf8\x13\xefy\x89\x9f\x1bk\x92\x0f\xe1\
R\x94#8\xc2e\xa4\xebI\x8b\x92\xef{30j\
_\x8c\xb1S\x1bs\x14\xda\x993\xb2UtA\x14R\
\xcb\xa5\xbceHh#\xb0S\x1c\xa6\xb1\x0b\xb9\xe9\xe6\
D\xa5\xfe\xb5K\x0e\xddU\xfa^;Z\x17\xb1\xad\xf0\
,\xfc\x22\x94\x17\x80\xf5\x22\xf2!\x0c\xeb\x180\x9e\x07\
\x86\xcc|h\xe1\x07\xd6\xd4\xa9\xa2\xd1h\x99\xd6\xb1\xa5\
\xc9j\x99\x09\xb1%\xd0^_\xa2\x86\xdb\x02\x97Z\x01\
\xc6\xa9\x9d\xda\xd8\xb8:\x1b\xee\xa4\x06iF\x95\x8d\x80\
e\x8fet\x1d\x03\x04j\x11\xdb\x09\xb6\x19\x98(\xfd\
f}Y\xa3\xa8d\xf0\x98\x1e\xb1\xe9\x00{\x9c/d\
\xb1\xa4\x18\xcb\x89\xcf:A\xc4\x89\x87\xb4\xc4\xcd\xc0\x98\
\x8d%\x0b\x14\xd9C\xc7\x9aQ]\x0a4\xc9\x921\x9f\
\xa2\xfa3\xe9\x0c\x1b5\xcf\xdaV?\xbe\x01\x9a\xee\xa4\
d&\x0f\xd5vG\x1bK\xda]:\x06\x0d\x04:\x1e\
\xd7\xc6S\x81\xd8zfk\xc1\x04\x15\xadx\x1b0\x8e\
\xb45Y/\xc6hH\xd1o\x90X\x13\x02L\x04\xc9\
\xb0\x8fU\xfe\x12P\xdc\x89l\x83\xc6`\xfd\xf6P\x82\
\x97\xd7\x01\x0d\x83u\xf5\xe2c\xa8E\xc69j\xbd\x1d\
d\x8eVz6\xcd\xf7\xc3\xb4q\x07\xd2m\xe0J\xe6\
\xd6u29`c\x10v\xb5\xe9\xff\xec\xb9\x0c\x12\x9c\
\x97V\xff\xc6\x00\x1f\xbf\x8f\xf0\xd0w\x09\xa2n\x19\xcb\
p\x9d\xde\xbe\x81\x22\xc7\xbe9b\xce\xac-\xcdIL\
\x15\xe8\x5c\x09wh\x8a\xec\x17\xfb\xc3\x0fY\x0c\x8eR\
\x99\xa5\xe0L\xc8J\xdc\xa2\xdc\xa4O\xefi\xc1\x9e.\
-/H\xb4bc[\xbc(\xb9-\xb1U\xea\x9ba\
\x98\xd8YzAK\x05\x08\xb9]F<s\xc7x\xe9\
\xe1H\xb4\x22\xc3\xb8\xbe\x81Vl~3w\x95\x0e\xd3\
|\xael\x09+\x16\x99V\xc6\xbbl\xbb\x18h\x84s\
\xa6\xaeQ\xbd\x99\x96\xd5*1\xc1\x0c?\xc5\x94\xcd_\
jCl3\xc7\x18T\xba\xb1\xa7\xcfm\xed\x10\x91%\
s\x91,\xab\xc3H*]\x1d\xe1\x0cL\xc2\x8fw\x99\
`\xd0:@;R_\x09f}\x9a\xe5\xdbOc\x17\
Q\x09$\x11\x7f6\x0d=\x93\x84\x92}\x93\xc6\xffR\
\xda/\xffso\xcf\xfa\xf9\xb8\x1f\x83a\x14\xe2'\x82\
\xe2$\x00\x00\x00\x00IEND\xaeB`\x82\
\x00\x00\x12m\
\x89\
PNG\x0d\x0a\x1a\x0a\x00\x00\x00\x0dIHDR\x00\
\x00\x00F\x00\x00\x00S\x08\x06\x00\x00\x00\x225q\xac\
\x00\x00\x00\x09pHYs\x00\x00\x0b\x13\x00\x00\x0b\x13\
\x01\x00\x9a\x9c\x18\x00\x00\x0a\xe6iTXtXML\
:com.adobe.xmp\x00\x00\
\x00\x00\x00<?xpacket beg\
in=\x22\xef\xbb\xbf\x22 id=\x22W5M\
0MpCehiHzreSzNTc\
zkc9d\x22?> <x:xmpm\
eta xmlns:x=\x22ado\
be:ns:meta/\x22 x:x\
mptk=\x22Adobe XMP \
Core 10.0-c000 2\
5.G.ef72e4e, 202\
5/06/27-18:54:05\
        \x22> <rdf:\
RDF xmlns:rdf=\x22h\
ttp://www.w3.org\
/1999/02/22-rdf-\
syntax-ns#\x22> <rd\
f:Description rd\
f:about=\x22\x22 xmlns\
:xmp=\x22http://ns.\
adobe.com/xap/1.\
0/\x22 xmlns:dc=\x22ht\
tp://purl.org/dc\
/elements/1.1/\x22 \
xmlns:photoshop=\
\x22http://ns.adobe\
.com/photoshop/1\
.0/\x22 xmlns:xmpMM\
=\x22http://ns.adob\
e.com/xap/1.0/mm\
/\x22 xmlns:stEvt=\x22\
http://ns.adobe.\
com/xap/1.0/sTyp\
e/ResourceEvent#\
\x22 xmlns:stRef=\x22h\
ttp://ns.adobe.c\
om/xap/1.0/sType\
/ResourceRef#\x22 x\
mlns:tiff=\x22http:\
//ns.adobe.com/t\
iff/1.0/\x22 xmlns:\
exif=\x22http://ns.\
adobe.com/exif/1\
.0/\x22 xmp:Creator\
Tool=\x22Adobe Phot\
oshop 27.3 (Wind\
ows)\x22 xmp:Create\
Date=\x222026-02-09\
T18:59:01-06:00\x22\
 xmp:ModifyDate=\
\x222026-02-26T17:5\
5:00-06:00\x22 xmp:\
MetadataDate=\x2220\
26-02-26T17:55:0\
0-06:00\x22 dc:form\
at=\x22image/png\x22 p\
hotoshop:ColorMo\
de=\x223\x22 xmpMM:Ins\
tanceID=\x22xmp.iid\
:27a8bf4d-8975-4\
641-aa0f-b8801d1\
adeb7\x22 xmpMM:Doc\
umentID=\x22adobe:d\
ocid:photoshop:6\
0b34abf-d3ce-ec4\
5-877b-a89647514\
d76\x22 xmpMM:Origi\
nalDocumentID=\x22x\
mp.did:5362cc97-\
a2ba-cc4e-b8e1-4\
97e5a8d90d8\x22 tif\
f:Orientation=\x221\
\x22 tiff:XResoluti\
on=\x22720000/10000\
\x22 tiff:YResoluti\
on=\x22720000/10000\
\x22 tiff:Resolutio\
nUnit=\x222\x22 exif:C\
olorSpace=\x221\x22 ex\
if:PixelXDimensi\
on=\x2270\x22 exif:Pix\
elYDimension=\x2210\
7\x22> <photoshop:T\
extLayers> <rdf:\
Bag> <rdf:li pho\
toshop:LayerName\
=\x22MET\x22 photoshop\
:LayerText=\x22MET\x22\
/> </rdf:Bag> </\
photoshop:TextLa\
yers> <xmpMM:His\
tory> <rdf:Seq> \
<rdf:li stEvt:ac\
tion=\x22created\x22 s\
tEvt:instanceID=\
\x22xmp.iid:5362cc9\
7-a2ba-cc4e-b8e1\
-497e5a8d90d8\x22 s\
tEvt:when=\x222026-\
02-09T18:59:01-0\
6:00\x22 stEvt:soft\
wareAgent=\x22Adobe\
 Photoshop 27.3 \
(Windows)\x22/> <rd\
f:li stEvt:actio\
n=\x22saved\x22 stEvt:\
instanceID=\x22xmp.\
iid:5e58fed0-21a\
c-364a-849d-8cb9\
16c3b51f\x22 stEvt:\
when=\x222026-02-10\
T18:04:33-06:00\x22\
 stEvt:softwareA\
gent=\x22Adobe Phot\
oshop 27.3 (Wind\
ows)\x22 stEvt:chan\
ged=\x22/\x22/> <rdf:l\
i stEvt:action=\x22\
saved\x22 stEvt:ins\
tanceID=\x22xmp.iid\
:7682282a-9df4-2\
f4f-93f1-14166dd\
24f8a\x22 stEvt:whe\
n=\x222026-02-26T17\
:55:00-06:00\x22 st\
Evt:softwareAgen\
t=\x22Adobe Photosh\
op 27.3 (Windows\
)\x22 stEvt:changed\
=\x22/\x22/> <rdf:li s\
tEvt:action=\x22con\
verted\x22 stEvt:pa\
rameters=\x22from a\
pplication/vnd.a\
dobe.photoshop t\
o image/png\x22/> <\
rdf:li stEvt:act\
ion=\x22derived\x22 st\
Evt:parameters=\x22\
converted from a\
pplication/vnd.a\
dobe.photoshop t\
o image/png\x22/> <\
rdf:li stEvt:act\
ion=\x22saved\x22 stEv\
t:instanceID=\x22xm\
p.iid:27a8bf4d-8\
975-4641-aa0f-b8\
801d1adeb7\x22 stEv\
t:when=\x222026-02-\
26T17:55:00-06:0\
0\x22 stEvt:softwar\
eAgent=\x22Adobe Ph\
otoshop 27.3 (Wi\
ndows)\x22 stEvt:ch\
anged=\x22/\x22/> </rd\
f:Seq> </xmpMM:H\
istory> <xmpMM:D\
erivedFrom stRef\
:instanceID=\x22xmp\
.iid:7682282a-9d\
f4-2f4f-93f1-141\
66dd24f8a\x22 stRef\
:documentID=\x22xmp\
.did:5362cc97-a2\
ba-cc4e-b8e1-497\
e5a8d90d8\x22 stRef\
:originalDocumen\
tID=\x22xmp.did:536\
2cc97-a2ba-cc4e-\
b8e1-497e5a8d90d\
8\x22/> </rdf:Descr\
iption> </rdf:RD\
F> </x:xmpmeta> \
<?xpacket end=\x22r\
\x22?>a+w\xcd\x00\x00\x07-IDATx\
\xda\xed\x9c;\x92\xdbF\x10\x86y2;\xb2Cg;\
\xac\xd2\x06\xf21\x9c\xaf/\xe0@\xaa\xe2\x96\x16\x8c\x1c\
\x12L\x0c\xfb\x18\xab\xdc\xb5\xf2)\xa4\x14\x16@\x0e\xd0\
\xd3\xf3\xf7c\x86\xe0\x9a%CU]\xcb\x97\x80\x99o\
\xfe~\xcc\x83\xdc\xf4}\xbf\x19\xec\xb7\xbf\xfe\xe9'\xfb\
\x93<\xbeq\xfb\xb5\xfd{Q\x8b<&(K\xdf\xa0\
\xd6\x1en\xa0\x0d#\x98[\x82rK\xb68\x98\xcdW\
\x11jv\x13\x9dv\xb4ms\x8d\x9b\xf6\xfbc\xdf7\
\xc7\xd3\xdf\xf8\xf8\xfc\xfc\xbf\x04\x14\xefM\xdb\x13\xdbW\
\x04\xa6f\xa4E0\xec\xb5\xd7\x04D\xfb\xd17-l\
\x9f\x1b\xcc\xf0\xc1\xa7\xedv\xb4b0\x8d\x04\xa6=\x9b\
\x0e\xc8r\xc7R\x9b\xda\xd3\x80Aj^\x1dL\x9b7\
\x085\xae9\xe6\x1d\xd9s7lS\x97\xa4\xafqw\
\xa5\x03\xb2\xcf\x95\x0a\x9f\xef\x9d`\x86\x0f}\x08a\x02\
S\x02's\xa5\xa9S\xad\xddh\xe9}!^A\x10\
\xcd\xd1\x07\xacF1T-\xd5`\xa4\x86\xc1\x8e\xb69\
\x90=\x07\x0b^o\x14\xc0\x16p\xf6\x9e\x09&B\x19\
\x14\x13-\x82)WM\xab\x8f\xbe\x10\x98!\xc8\x86\xc4\
(Og'WV\xa0\xd7\x80I,T\xa8\xc6\x1ca\
\x16\x88A\xac\xc1\xd7\xb1U\x00c\x16\x0c\xba\xad?\xc6\
@0\x85.\x95)\xa61\xe4}\x86r\xaa\xc5\x85\xcc\
\x22uN\x09\xe2\xea5.U\x0cu\xa7\xeaX\xd3\xd8\
2\x8e\xff<\x9d+N\xd7\xe4\xdaR\x86t\x81\xe1\x19\
\x89\xba\x13\x8d7U#\xb4OcF\x09\x94hc\xfb\
\xce6<.\x07\x83\xeb)\x0c\xe6\x90+\x86\x06`\x1e\
\x84\x07\xfb\xf1\xfb7\xa3\xfd\xf0\xddl\xf19\x94\xbfP\
?\xb8\xd5r\xfeL\x1c$\x0f\x14z\xfd\x04\xce^\x9f\
\xa6\x88\x8aA\xaaI\x81\xdcC \xf1\xf5\xe1y\xda\x88\
V\x9c7\x95\x82\xa1\x83e\xc5&\x08\x06LO2\x0e\
R|\xa1`h#(\x0c\x0a\xe5\xf1}?\xda\xee\xfc\
7>\x86\xb1\x06\xc4\x16\x0d\x0e\x7f\x9f\xb6\x0b\xbd\x8f\xfe\
\x9f\xa4\x1a\xa9\x0c\xc1`\x82\x9c\x91\xa8\x0b! \x10\x8c\
\x90b\xb5\xc6k\x9d\xe2\xc9\xa0\xe6\x1a4\x8b\xc1\xe4\xe1\
U\x0cm\xc8\xec6o2\x18\x1c\x94\x16kn\x01\x8c\
\x98U50\xb1\x01I\xbc9\xcb\x97\x07\xddG\x00\xe7\
\xf1=J\x91\xed\x94\x8d,\xc9{\xdc\xac\xf4:t\xa0\
\xca\xc1\xf0\xc0K\xb2\xc0\xf0\x98\x06`\xae\x9eD5\xef\
z\xb1z\x8d\xf7*\xe9\xd0b`\x1a\x0f\x98\x03\x9e'\
eJa*\x8a\x8d\xe1Y\x89\xab'q%\x16\xf0<\
\xee\x10?\xfb\xe5\xd3\x1f\xa3\xd5\x02B\xf5U\x95+Q\
\xd7\x91 E\xf5D@\xb4\xae\x89j\x92\xea\x06\xad>\
\xa2\x16\x81P\xd3>\xa3\x01\x9b\x06AI\xd3~0\xcc\
\xb5\xac\xceP\xd7\xca\xc0\xec\xe7j\x97^\x9fv\xec\xf3\
\xcb\xc9\xe2c\xfe\x1e\x02\xe5\xb1\xa4\xee\xb9T1R\x00\
\xa6`(\x00\xef\xd4\x80\xde\xa7\xb6\xa3\xb2u*\x9ci\
\xdd\xb7YB1\xcc>\x90\xcc\x14]f\x07R\xf5\xa3\
P\xe0\x9d\xca\xfa07\xfa\xe5l\x86\xcbH\xae\x96+\
\x89\xc1yI\xafY\xecJ\x9e\xeawV\xca\xfd\x04F\
\xaaa20L1\xf6Hw\xe3g?\xfe|\xf7\xd5\
B\xff\xf1\xed\xe9\xef\xf3\xf8\xf7n|\x8e`i.W\
\xe5J|v\x9d\xb9\x0fs!\xad~\x11\xeb\x18\xd2(\
\xde\xe8\xcf\x8ajF0\x93\xdd\xb1\xe734)`/\
\xaa\x98\xb1~\x09R\x5c\xb9\xcf\xc0\xf0\x0a8\x99i\xb3\
\xe9\xbe\xd5\x01\xde\x99\xa8\x92I-g \xcfo\xe7\xc7\
\x16\xec\xd4\xad\xdb:\xc5hS\x829\xeb\xdc\xc3\xe9\x00\
\xadi\xb2-\x91\xe6h\x80\xe9D8\x5c%\xcf\xc4\xb5\
T\xd0/\x08\xccE\x8a\xc1K\x0f\xd2$\x92\xbe\xce\xb3\
\x954W*Q\x0dr\x1d[)]\x0e\xe5bW\x02\
\xa9\x1bU\xbb\xbcv\xa1@\x92\xa2\x0a\xcc\xaeS\x85t\
\xacc\x9d\xa9\x9a\x19J\xa7\xd6:|\x87\xd4\xda\xf5\x90\
\xf7\x95B\x0e\x86\xbb\x13\x87\xc1\xdd\x87g2ii\xd3\
\xab\x9c9\xd6p\xf7\xe9\xec\x80\xcb\xd6y\xad\xb5k\xd7\
\x86\x1b\x8f7Vm\x81\x8aC8\x99\xcc\xd4c\x17m\
\x11N\xae6\x03\xca^_\xfcv\x83\x91\x967\x11,\
o\xb5,\xae\xe6\x15\x04\xe3\x5ca\x1d\x00\xd4\x09\x99\xc8\
\x7f\xd2b\x83\x8ez!WB\xbb\x05\xd2\x16\x8b4;\
\x17\xf7\x88X\x83=\xee1\x03qBqf#\xdfi\
\x07\xa1\xf2\xd5\xa0\x88\xca\x0a\xf9\xd6\x8b\xb4'm\xcd\xae\
\xadI%<\xfeQx&\xc7<\x06R\xe3R\xc8\x9d\
\xb2\xe5H\x02@;\xd6Qu\x1e\x86m\xc1z\x0f@\
=\x94\x9c\xa8*\x89#\x83*4\x88R\xbcQ\xcf\xc6\
\x10\xf9\x97\xcc\xc7\xd0\x8ee\xd1),\x0b\x0c\x05\xa0U\
\xc4\xe2\x22\xba\xa2(\x941\xe0\x86>\x03\x13\x1f\xef\xc8\
N\x84\x06:\x01sX\x08\xcc\x93\x12X\x11(d\xd2\
z\x0e_8JNE0H|b\x8a&\xab\x1a\xd4\
\xab)\xc6\x93\x85j\x0d\x16\x7f\xacS|\xaf\x0a\xc1\x92\
\x0a\xb9\xd2\xe3r\xeeS\x9b|\x97\xa0\x04DI*G\
+}qM\x06A\xd8\x01X|\x8f<\x0e\xee\xa2`\
\xd0\xf4\xa08\xc6\x14\xa8\x8a\xc7\x09\x9a~w\xc0ex\
\x9cI\x17\xa2\xda\xb9\xeda{%0F\xc7\xac\x94\xee\
V\x14\xd9u\xe0\xcb\x05\xbc\xb6\x91w\x0a\xbaL\xe9W\
q%\xcfh\xe7\x99h^\xb6\xd0\xa0i\xd7\xd5\xa7\x06\
\x9dkA\x9c\xba\xfd\xf2`By\x1c\x91\xa7\x13\x01\xbf\
'\xb8\xaag\x92(-z\xf3\xeb_E1\xd2v\xad\
V\xdd\x8a\x01;8Ts\xfe\xfc%\xdb&\xb5\xc7q\
/r%T\xcbH\xd9\x06\xd5<<\xaep5\xc5\xf7\
\x8a\x15\xc3\xc0\xf0\xf5\xa0W\x8f1\x1e\x08R\xa1g\xa5\
\xf3\xd9E:\xb8\xf7$M$\xa59\xda\xf5\x5c\xc9X\
\x82\xf0d*M]\xdcJ\xb7e\x87\xcfK\xed[\x04\
\x8c7M\xc3\xd7\x82R\xc3\x84\xady\xa2\x02g\xa7\xce\
\xedZ\xda\xc4\xd5\xfb\x15\xc3M\x89Z\xb4c!\x9a*\
\xc4\xf8B\x9f\x17\xa5n=\xf8J\x03\xb6\x98bPp\
\xf5\x8e6\x82F!\xc4x\xa1\x01\xa3\xb5P\xc9\xa9\x07\
i \x17w%m\xf5\xce\xa3*^\xcb\xa0 i\xad\
#{\x95\xa3\xb9\xfe\xa2`2\x85\x04?\x14)\xa5k\
\x9d\xd1\xc0z\x5cIR\xeaU\x83\xaf+\x9b\x04}\xf4\
Q\xa5j\xc60r\xcd/\x8a\x1b\x9d&\x8c\xba\xea\x8a\
\xd6|\x1f*Ru\xc9\xc4\xd1s\xa4\xec\xc9\xe9\x96\xda\
\xbe\x96\xb4\x00_S\xe8U\xc5\x18\xf4\x8d\x14)\x8b\xa1\
\x8d7s\xe1=l\xd5jZ\xba\x86\xf5=\x88\xe5\xc0\
X\x81\x94)\xc0\xb3\xfc\x89j\x098Y\x0d\xe5\xdf\x99\
\x12\xe7va\xbb\xbcb\xac\x98\x12oD\xd7\x87\xa5\x14\
\xac\x8d\xf6\xdc\x89 \xce\xb8\xa9+yU.\xde\xff\xf0\
\x8a`<{LZ\xa7\x92\xaa\x19l\xcbL\xff\xff`\
,\xc5\x0a\xf7.)\xf2\x5c\x05\x9e\xb6\x9f\x94(\xc6\xc8\
\x5c\xea\xb1\x0b\x0e6\xd4\x15iV;\x16\x03\xe3\xc90\
\xd67W<\xfe\x8d\x028\x1a\x04/\x18\xed\x08\xcb\xc5\
`\x92\xc6\x06\xbd\xa3\xc9\xd7\xf2\x84\x8a\xd7\xd3)|\x02\
=\x14}QU;\x97|1\x98\x9a\x9f=\xf1\xec+\
_r\xaf\x92/\xaa^\xfa3-\xeb\x0f\xebH`~\
\xfa\xe5\xf7~\x85\x93\xda\xc0d\x04\x13\xe1|+V\x0c\
\xe3\x90BI\xc0\xac\x96\xda\x0af\x05\xb3\x82Y\xc1\xac\
`V0+\x98\x15\xcc\x0a\xe6[\x033\x94\xd0+\x88\
\xd4\x06&\xd3\xef\xf9\xae@f(\xd3\x0f\x1dg\xbf\x00\
\xfd?\xb6\xf8\x0b\xd0\xff\x02\xdf\x18\x12\xa0\xeaa\x0d\xdd\
\x00\x00\x00\x00IEND\xaeB`\x82\
\x00\x00\x07\xc3\
\x89\
PNG\x0d\x0a\x1a\x0a\x00\x00\x00\x0dIHDR\x00\
\x00\x00+\x00\x00\x00z\x08\x06\x00\x00\x00&\x8f\xaa\x92\
\x00\x00\x00\x09pHYs\x00\x00\x0b\x13\x00\x00\x0b\x13\
\x01\x00\x9a\x9c\x18\x00\x00\x064iTXtXML\
:com.adobe.xmp\x00\x00\
\x00\x00\x00<?xpacket beg\
in=\x22\xef\xbb\xbf\x22 id=\x22W5M\
0MpCehiHzreSzNTc\
zkc9d\x22?> <x:xmpm\
eta xmlns:x=\x22ado\
be:ns:meta/\x22 x:x\
mptk=\x22Adobe XMP \
Core 10.0-c000 2\
5.G.ef72e4e, 202\
5/06/27-18:54:05\
        \x22> <rdf:\
RDF xmlns:rdf=\x22h\
ttp://www.w3.org\
/1999/02/22-rdf-\
syntax-ns#\x22> <rd\
f:Description rd\
f:about=\x22\x22 xmlns\
:xmp=\x22http://ns.\
adobe.com/xap/1.\
0/\x22 xmlns:dc=\x22ht\
tp://purl.org/dc\
/elements/1.1/\x22 \
xmlns:photoshop=\
\x22http://ns.adobe\
.com/photoshop/1\
.0/\x22 xmlns:xmpMM\
=\x22http://ns.adob\
e.com/xap/1.0/mm\
/\x22 xmlns:stEvt=\x22\
http://ns.adobe.\
com/xap/1.0/sTyp\
e/ResourceEvent#\
\x22 xmp:CreatorToo\
l=\x22Adobe Photosh\
op 27.3 (Windows\
)\x22 xmp:CreateDat\
e=\x222026-02-27T21\
:38:54-06:00\x22 xm\
p:ModifyDate=\x2220\
26-02-27T22:41:3\
5-06:00\x22 xmp:Met\
adataDate=\x222026-\
02-27T22:41:35-0\
6:00\x22 dc:format=\
\x22image/png\x22 phot\
oshop:ColorMode=\
\x223\x22 xmpMM:Instan\
ceID=\x22xmp.iid:74\
d2eaa9-319f-0842\
-9634-a44004d902\
2d\x22 xmpMM:Docume\
ntID=\x22adobe:doci\
d:photoshop:b114\
9d2e-1c87-ff42-8\
314-74dcb43e4896\
\x22 xmpMM:Original\
DocumentID=\x22xmp.\
did:c952e9a8-23a\
f-994c-83e2-0698\
f733ad58\x22> <xmpM\
M:History> <rdf:\
Seq> <rdf:li stE\
vt:action=\x22creat\
ed\x22 stEvt:instan\
ceID=\x22xmp.iid:c9\
52e9a8-23af-994c\
-83e2-0698f733ad\
58\x22 stEvt:when=\x22\
2026-02-27T21:38\
:54-06:00\x22 stEvt\
:softwareAgent=\x22\
Adobe Photoshop \
27.3 (Windows)\x22/\
> <rdf:li stEvt:\
action=\x22converte\
d\x22 stEvt:paramet\
ers=\x22from applic\
ation/vnd.adobe.\
photoshop to ima\
ge/png\x22/> <rdf:l\
i stEvt:action=\x22\
saved\x22 stEvt:ins\
tanceID=\x22xmp.iid\
:74d2eaa9-319f-0\
842-9634-a44004d\
9022d\x22 stEvt:whe\
n=\x222026-02-27T22\
:41:35-06:00\x22 st\
Evt:softwareAgen\
t=\x22Adobe Photosh\
op 27.3 (Windows\
)\x22 stEvt:changed\
=\x22/\x22/> </rdf:Seq\
> </xmpMM:Histor\
y> </rdf:Descrip\
tion> </rdf:RDF>\
 </x:xmpmeta> <?\
xpacket end=\x22r\x22?\
>\x80\x14\xa3O\x00\x00\x015IDATx\xda\xed\
\xdc\xc1\x11\x820\x10\x85\xe1\xad\xd0J,\xc0*t(\
\xc2\x0a<\xa4\x9c\x94\x12/\xa2\xe0\x8c@\xc0\x84}\xe4\
?\xec\x01\x95\xf1\x9b\x09$\xbbI&\x96R2\x950\
\xb0`\xc1\x82\x05\x0bV\x1b\xdb\x85\x98\xbc\xc6\x08\xdb\x85\
\x98N\x97\xbb\xdb\xe8\xc1\xee\xa1C\xb0)@\xfb\x00\x0b\
\x16l\x0d\xec\xf9\xf6p\x1b#\xacg\xe8\x10lko\
6\xb3\xc9(\x01>6\xb6$\x06,X\xb0\x8aX\xa9\
\xaeKjP\x90x\x0c$\xb15\x9b\xbf\x0d\xec\x1cJ\
*\x91\x01\x0b\x16,\xfd\xacc,\xb9\xc1V\xecw\xf3\
\xbaN\x11\xa5\xb0<\xb3\xbb\x0f\x0a\xd7W\x80\xcd|\xc1\
r\x03,32t]\xad\xcf\x1b\xb0\xa6\xf0\xaf\x17l\
\xee\x1a,X\xb0G\xc5\xee9\x0c\xb7\x89=Tn\xb0\
t\x84\x9b\xfa\xdej5\xbb\x04\xf6\xd7\xefr?\xaf\x92\
|\x83\x05\xbbb\xa6\x1cl\xa9\xb5\x88\x22\xd8\xdc\xb2F\
\x0aKn\xd0\xc4\xbc\x81\xd4\xa2\x1de\x0dX\xb0`\x05\
\xbb.\xf6\x1b0\xdc2M\xcf\xa2\x1dX\xb0`\xd9\xfa\
O)Nn@)NY\x03\x16,X\xaa[J\xf1\
\xa6\xb1Kw\xd5\x83\xed\xff\xb3\x0b\xb1\xdaB\xf1\x96\xe8\
B\xfc\x1c\xd2\xe4\x19\xfb>\xfbH\xe9T\xa9'-{\
\xef\xbe\x9e\xa2\x15\xa0\x00\x00\x00\x00IEND\xaeB\
`\x82\
\x00\x00\x12Q\
\x89\
PNG\x0d\x0a\x1a\x0a\x00\x00\x00\x0dIHDR\x00\
\x00\x00F\x00\x00\x00S\x08\x06\x00\x00\x00\x225q\xac\
\x00\x00\x00\x09pHYs\x00\x00\x0b\x13\x00\x00\x0b\x13\
\x01\x00\x9a\x9c\x18\x00\x00\x0a\xe6iTXtXML\
:com.adobe.xmp\x00\x00\
\x00\x00\x00<?xpacket beg\
in=\x22\xef\xbb\xbf\x22 id=\x22W5M\
0MpCehiHzreSzNTc\
zkc9d\x22?> <x:xmpm\
eta xmlns:x=\x22ado\
be:ns:meta/\x22 x:x\
mptk=\x22Adobe XMP \
Core 10.0-c000 2\
5.G.ef72e4e, 202\
5/06/27-18:54:05\
        \x22> <rdf:\
RDF xmlns:rdf=\x22h\
ttp://www.w3.org\
/1999/02/22-rdf-\
syntax-ns#\x22> <rd\
f:Description rd\
f:about=\x22\x22 xmlns\
:xmp=\x22http://ns.\
adobe.com/xap/1.\
0/\x22 xmlns:dc=\x22ht\
tp://purl.org/dc\
/elements/1.1/\x22 \
xmlns:photoshop=\
\x22http://ns.adobe\
.com/photoshop/1\
.0/\x22 xmlns:xmpMM\
=\x22http://ns.adob\
e.com/xap/1.0/mm\
/\x22 xmlns:stEvt=\x22\
http://ns.adobe.\
com/xap/1.0/sTyp\
e/ResourceEvent#\
\x22 xmlns:stRef=\x22h\
ttp://ns.adobe.c\
om/xap/1.0/sType\
/ResourceRef#\x22 x\
mlns:tiff=\x22http:\
//ns.adobe.com/t\
iff/1.0/\x22 xmlns:\
exif=\x22http://ns.\
adobe.com/exif/1\
.0/\x22 xmp:Creator\
Tool=\x22Adobe Phot\
oshop 27.3 (Wind\
ows)\x22 xmp:Create\
Date=\x222026-02-09\
T18:59:01-06:00\x22\
 xmp:ModifyDate=\
\x222026-02-26T17:5\
3:26-06:00\x22 xmp:\
MetadataDate=\x2220\
26-02-26T17:53:2\
6-06:00\x22 dc:form\
at=\x22image/png\x22 p\
hotoshop:ColorMo\
de=\x223\x22 xmpMM:Ins\
tanceID=\x22xmp.iid\
:6df9036f-0a15-a\
847-a0e9-7b1bcc3\
3f416\x22 xmpMM:Doc\
umentID=\x22adobe:d\
ocid:photoshop:8\
59bc507-5240-664\
6-9e87-d91a171f6\
b51\x22 xmpMM:Origi\
nalDocumentID=\x22x\
mp.did:5362cc97-\
a2ba-cc4e-b8e1-4\
97e5a8d90d8\x22 tif\
f:Orientation=\x221\
\x22 tiff:XResoluti\
on=\x22720000/10000\
\x22 tiff:YResoluti\
on=\x22720000/10000\
\x22 tiff:Resolutio\
nUnit=\x222\x22 exif:C\
olorSpace=\x221\x22 ex\
if:PixelXDimensi\
on=\x2270\x22 exif:Pix\
elYDimension=\x2210\
7\x22> <photoshop:T\
extLayers> <rdf:\
Bag> <rdf:li pho\
toshop:LayerName\
=\x22MET\x22 photoshop\
:LayerText=\x22MET\x22\
/> </rdf:Bag> </\
photoshop:TextLa\
yers> <xmpMM:His\
tory> <rdf:Seq> \
<rdf:li stEvt:ac\
tion=\x22created\x22 s\
tEvt:instanceID=\
\x22xmp.iid:5362cc9\
7-a2ba-cc4e-b8e1\
-497e5a8d90d8\x22 s\
tEvt:when=\x222026-\
02-09T18:59:01-0\
6:00\x22 stEvt:soft\
wareAgent=\x22Adobe\
 Photoshop 27.3 \
(Windows)\x22/> <rd\
f:li stEvt:actio\
n=\x22saved\x22 stEvt:\
instanceID=\x22xmp.\
iid:5e58fed0-21a\
c-364a-849d-8cb9\
16c3b51f\x22 stEvt:\
when=\x222026-02-10\
T18:04:33-06:00\x22\
 stEvt:softwareA\
gent=\x22Adobe Phot\
oshop 27.3 (Wind\
ows)\x22 stEvt:chan\
ged=\x22/\x22/> <rdf:l\
i stEvt:action=\x22\
saved\x22 stEvt:ins\
tanceID=\x22xmp.iid\
:b9cb70b7-8766-f\
a40-880b-72b0af0\
ee5c9\x22 stEvt:whe\
n=\x222026-02-26T17\
:53:26-06:00\x22 st\
Evt:softwareAgen\
t=\x22Adobe Photosh\
op 27.3 (Windows\
)\x22 stEvt:changed\
=\x22/\x22/> <rdf:li s\
tEvt:action=\x22con\
verted\x22 stEvt:pa\
rameters=\x22from a\
pplication/vnd.a\
dobe.photoshop t\
o image/png\x22/> <\
rdf:li stEvt:act\
ion=\x22derived\x22 st\
Evt:parameters=\x22\
converted from a\
pplication/vnd.a\
dobe.photoshop t\
o image/png\x22/> <\
rdf:li stEvt:act\
ion=\x22saved\x22 stEv\
t:instanceID=\x22xm\
p.iid:6df9036f-0\
a15-a847-a0e9-7b\
1bcc33f416\x22 stEv\
t:when=\x222026-02-\
26T17:53:26-06:0\
0\x22 stEvt:softwar\
eAgent=\x22Adobe Ph\
otoshop 27.3 (Wi\
ndows)\x22 stEvt:ch\
anged=\x22/\x22/> </rd\
f:Seq> </xmpMM:H\
istory> <xmpMM:D\
erivedFrom stRef\
:instanceID=\x22xmp\
.iid:b9cb70b7-87\
66-fa40-880b-72b\
0af0ee5c9\x22 stRef\
:documentID=\x22xmp\
.did:5362cc97-a2\
ba-cc4e-b8e1-497\
e5a8d90d8\x22 stRef\
:originalDocumen\
tID=\x22xmp.did:536\
2cc97-a2ba-cc4e-\
b8e1-497e5a8d90d\
8\x22/> </rdf:Descr\
iption> </rdf:RD\
F> </x:xmpmeta> \
<?xpacket end=\x22r\
\x22?>\xce@a\xea\x00\x00\x07\x11IDATx\
\xda\xed\x5c=\x8f\xdbF\x10%\x92 H\x91\x7f\x14\xdb\
\xa9\x9c2%\xf7\x90\xab\xa3N\xae\xd3\x8b\x7f }\xae\
L)Wb\xfcc\x8c\x8b\x81\xd3o\xb0[\xf9(i\
\xc9\xd9\xd97\xb3\xb3K\x8a&\x0e\x140\xa0D\x1d?\
\xf6\xf1\xcd\xd7\xdb=U\x7f\x7f\xf8T]\xed\xd4\xdb\x7f\
\xe4\xfd\xc2\xady\xffqj\xab:\xebA\xb9\xc1\x05\x8a\
l\xb7\x8c\xfb\xa8\x16\x05\xca\x92l\xf1\xc0TUe\xb2\
)\xce\x17\xfc\xddR\x07Jmw\xf8\xf3\xd4<\xdby\
\xdbn\xce\xb6\xf3\x9f\x9fM\x1b\xa4t>z\xce\xdd\xf5\
\x1c7\x03\xc6\xfct\xc9\x0d\xf1\x1bl\x0e\x9b\xe0;\xbf\
\x0f\x01\xc2\xb7\x0d\x19dp\xbd6>'\xb7\x9b\x01\xe3\
o\xe2\xb7_\xff8\xbd}s\xb1\xee\xbd\xff\xec\xb7\xe1\
\x13\xdbD\x005\xe0\xa6\xf9\xc0\xce \x89\xc0\xca\xc7\xf1\
\xfd\xcd\x5c\xc0P $\xe3t\xd6\x06\xd1$\x9er#\
\x80\x89\x99\xb5\x81\x0ck\xe6\x00\xe6\xed\x15\x98\xe3\xab\xbb\
\xd3\xd3\xb3]\xb6.\xd8\x8aq\xc32`e\xf0\x0d\x1f\
4s=~\xbdY]\x89\xbaO\x07\xc2\xf1\xf5\x05 \
o\xdd\xe7\x00\x18apM\xf4\xdd&\x00\x10\xb9\xa0\xf4\
\xbeI\xec\x9f\xc9\x95\xee{\x97\xb9\x80ra\x09\x07\xc9\
3\x07\x0e\x1c\xb8\x81\xc5\x95\xa4x\x82\x83?\xcel7\
\x0f\xbe\x1e\xa0\x1e\x94\xab+=\x11\x90P\xda\x94@A\
)y\x00f3d\xaeDv\x82\xe7\xb8\xb2p\x96t\
M\xb3\xd0\xf1U\xecN<\xd6h\x19\xc9Z\xdf 6\
\xa1c\xfc\x8b^{\x92\x02/Ui\x86\xcc\x09\x01\xf2\
\xa0\x1c\x91;\x01\xb6\xa4\x06\xe6\x8f\xcf)\x16\xa5\xe3\xa3\
q\xe4\x82\xf2\xf0\xce%Kp^\xd3\x0c \xdd\xf7\xb1\
F\x0a\xc2)\xa6\xd0\x97\xdf\xf7\xf0\xae\xbe\x9a\xbbZ\x9d\
u\xbc\x0e\xcc^\xefv=(\xfflkSo\x12\xc5\
\x1c\xc2 \xad\x22m\x147\xe0\x03\xf3\x83\xb3\x82\x22\x1d\
\x0f\xef?\x97-\x16\xc6\xa0\x16\x81W\xbf\x8d\x10\x17,\
\xf1\x01\x83syhV\xb6L\x02\x0c}*%\x8c\x81\
)\x93\x15u\xdc\xa5J\x80\xa1\x8c\xe1\xae\xa2\x1d[\x1c\
c\x86\x0b\x0fO$;;\xbd\x16\x82\xee\xc1\x16_\xb4\
W\xf7\xbdg\x0b\x05\xc6\xf2\x9a\x08\x18\x97\x04\x86\x07\xdd\
'R\xdc\xd14\x8d\x1a\xb9n\x9f\x15\x0c\xc9\x95.\x00\
9\xd3\xf1\xa3\xb2\x12\x7f\x1a\xde\xa5\xe0\xc9z\x96\xdc\x93\
\x9e\xc9\x91\xbe\xe9.j \x1b\xc0\x14\xeb\xc0R\xee\x92\
\xda\xefc]10\x1e\x10\x0f\x90\x14gh\xfdB\x1b\
G\xb1v\xa1\x0d\xdf\xf5\x06s\xdc\xa1D\xf4\xf2\xd7H\
)\x80\x95\x94\xa6\x91\x1bq?\xd6\x1aI\xdaa\xd3\xea\
\x97\xd7.\xb4\x98\xa3\xac\xf4\xe0k\xd9\xa4\xb3/\xff\x1f\
D\x00\xba\xef\xb0\xb5\x01\xf3\xb3\x19\xc3\xb3\xd1\x10g\x9c\
\xca\x18\xeaN\x9aP\xc5\x03.uU:\x10\xeb\xa0\xe5\
\xef[\xb6\xbd\x18\x8dG\x05\xc0\xb8\xa8\x80\xa2\xf5B\x91\
\xb4\x09R\xb5\x07\xc6\x07\xd0\xee\xc6??\x86\x03\xe7\x9f\
\xb3\xec1\x04\xd0\xbf\x17\xd9\x9f\x1b_4`\xa0\xedq\
*\xe7\x02\x15\xbdV\xf1\xe0\x01+$fM\x06L\xc8\
\x1c=;i-\x86?/\xcaH\x08\x18\xe46\x17\xe6\
\xb4\x0a\x93\xda\x88-\x9a+f\x01\x13\xa6\xe9\xb0F\xa0\
\x00\xe5\xcc\xe9\xd0s#\xbd\xc5\xbb+\x1d`2\x90>\
\x1e\x92\xf1(u\x8eB`xFr\xe6b/U\x19\
#\x89\x81\x07\xde\xd4`\xed\x99\xe80\x1d0\xd4eb\
\xb685\xaa[\xc0A\xee\xe4\x03o\x8a\x19V\x13\x03\
\xf6\xe3(`\x1cH\xd5u\xe4bcY\xc3]j\xf4\
\xa03@\xcd\xaecx\xc1\x85\xdc\x88\xee\xfbV\xe0H\
Yh\x00\xad\x15\x8ei\x8dB\x95\xc1\x95\xceL\xd9\xd6\
A \xceJ\xdd\x8a^\x83\xd2\xb7\x09 \x06\x80\x95E\
\xc5\xd2&W\xc6\xb8\xfbp\x97\xca\x05\x07i\xb6\x8d \
?\xd0'\x8d\x07\xdef\x07[_hf\x0bU\xb4\xea\
E\xc5\x1dv\xab:K\xdd\xeb\xa7<\x88\xdc\xc05\x1a\
=\xeb\xb4E\x19\x88\xcf\x10d+xr\x81\xe7\x84\xd8\
Sg)|\x12C\x1a0\x81/\x03\xd4\x02\x80\xe2\xcf\
\xe8\xdc\xda\x8cG\xa5-\xf5\x8a\x85f\x04\x08\x8d9\xe9\
L\x95Z\xabBA\x904\xe1\xb1klR\xa0dw\
\xd7\xa1`\xc5Aq\x11\xab\xa4\x0e\x1c\x09\xde|\xdaT\
r-\xd4\x95syC\x9a\xd0C\xeeY\x0c\x0cg\x03\
r\x1f\xcdP\x07\x9e\xd2x\xd1w\x9a\xeaG\xe7\xc7\x8f\
L-\xe4S4Z6\xda\x95)x\xcc\x9d\x84\xcc\x84\
j\x1f\xbe\xf4+\x14\xaa6\xd1\xea)m*\x85\x1e\xeb\
\xf7\x1d\xd9J\x0a\xaa\x16~\xff\xc3w\x22\xc8\xc5\x8cA\
\xd2C\x00\x84\xe0Z(\x9b\xf9\x9b\x80\xebc\x0c\x0b\x7f\
\x22\x17\xa0n\xc4\xe6\xc3\xe9B\x02\x89\x89\x93\x02\xc3u\
_>\xf8\xde\xb6u\x14\x93\xa8T)\x07Gai\x18\
a\x11\x9fI\xe0\xa0\xf8}\x5c\x80\x9f4\xc6H\xd3'\
\x9c\x198\xfe\xe8:\x0e\xdfW*lS`h\x9d\xe2\
5\xe6O\xbf\xd4EK`\xf3\xa6h\xb7\xb6\x22\x8f3\
,\xae\x9a\x91\x8c\xa1\xbb%R\xf6(;hm\x13\xba\
\xd3]$\x9b\x9a\x16&\xe4\xcd]\xa3\xd4l\x8b1(\
\xd5KZr\x5cL\x0e\x80j:\x8d\xdf\xff\xf3O?\
\xc2)\x93\xfe\xfc\x86\x22\xd4\x06\xcc^\x13\xc7i\x10\x96\
\xd2\xb9\xc4*\x17\x81\xd1\x03\xbb\x0d\xe3\x98\x7fo\xe9\xb6\
\xa5\xaa<k\x9a\xb9d}\x0cb\x0a\xee\xa5@&\x8b\
XP\x0b\xf2\x86,\x92\xa5dJ=\x16\xda\xda\x96\xa2\
\x15Ui\x17H\x0dVq\xab\xad\xa6\xfb\x0cO[\x92\
 \xc2\xfb\x8b\x1f\x90U&)\x04\xc6\x81\x94\xedT\xea\
\xa2'\x17\xff]8x,\x90I\x8ci\x09c\xa4\xfb\
pfa\xad*]\x84(>\xfdm*;9!\xc8\
\xe2y+\xf4}\x89+\xe5\xac\xd8\xc8\x0e\xbe\xb2K\xc5\
\xec\xe0\x81\x133\xa6\x162Y\xc8\x1c\xa4\x16J\xba/\
\x8a\x83h\xad\xdeM\x18#\xf7Pa`\x8dS\xb4T\
$:\x95=\xbe\x86\xa2O?\xcd\x18\xc7\xd2u\x9e\xa0\
V\x8d]\xd7\x8b3H\xaa\x1a\x96Ev\x94\xa9P;\
\x91R\xe8\x86\xbfkAv\xbc10\xb4)\xe4O\x9e\
\x17wqMb\xc9j.c>\xbbU\xea\x1a\x17\xf5\
o7\x07\x06W\xc5\xc3\x8c\x82T\xd3\xa0\xad\x14\x87\xf8\
$\x5c\xce\xaa\x87\xd8\xcdg\x04\x862\x87\xc7\x0d\xb9'\
\x92\xe3\x0a\x02\xa7d\xb9\x87_\xcd\x80\xae?\x1b0\xb1\
k\xc5YI\x8a\x1fh\xda\x97W\xbd\xe9\x19\x81V\x00\
\xc6\xc1\x875;0\x18 ,9\xe8\x0d\xa9\xc3=R\
\x91\x1b\xc5\x19\xd2\x04\xccn\xa6\xff\x9a\x95\xdd\xc6\x19\x8a\
E\x97\xb5\x02\x22\xca\x94\xdb\xbcEO\xd5\xb7\xfa\xd7b\
\x89\xe2\x0f\xa0\xa3\xce\x16\x99\x88\x88\xcf\x83\xfa\x22\x81\xd1\
\x01\x92k\x9d\xdcyq\xa9\xa8C\xffo090\xbb\
\x89\x00\x92\xa5\x87\xf2\xc5\x02q\x96\xc4\xc1\xfe&\xc04\
\x93\x02#i:\x020\xfb|\xe0c5q\xe1\xc0<\
le5/\xf7w\x1b\xd2U\xb9}\xe9\xcaB\x18\x83\
u\x9d1\xa0\xe8\xe0\x8c\x8d1\xfb\x19\x18#4\xa1c\
\xd9bY\x98\xbd\xb8\xacd]I\xbe\xfe~\xcc\x12\x7f\
\xb7\xe6\xf7\xbf\xfe=\xad\xe0\x84\xd6ar\x06\xc6\x83\xf3\
R,\x1b\x8c}\x08J\x00\xccj\xa1\xad\xc0\xac\xc0\xac\
\xc0\xac\xc0\xac\xc0\xac\xc0\xac\xc0\xac\xc0\xac\xc0\xbc4`\
\xba\x12z\x05\x22\xb4\x0e\x93\xfe\xf7|W@\x82\x9e\xb1\
\xff\xa1\xe3\xea%5\x91#\xed\x8c\xc7W<4\x9av\
>\xe4\x8e@\x00\x00\x00\x00IEND\xaeB`\x82\
\
\x00\x00\x13s\
\x89\
PNG\x0d\x0a\x1a\x0a\x00\x00\x00\x0dIHDR\x00\
\x00\x00F\x00\x00\x00S\x08\x06\x00\x00\x00\x225q\xac\
\x00\x00\x00\x09pHYs\x00\x00\x0b\x13\x00\x00\x0b\x13\
\x01\x00\x9a\x9c\x18\x00\x00\x0a\xe6iTXtXML\
:com.adobe.xmp\x00\x00\
\x00\x00\x00<?xpacket beg\
in=\x22\xef\xbb\xbf\x22 id=\x22W5M\
0MpCehiHzreSzNTc\
zkc9d\x22?> <x:xmpm\
eta xmlns:x=\x22ado\
be:ns:meta/\x22 x:x\
mptk=\x22Adobe XMP \
Core 10.0-c000 2\
5.G.ef72e4e, 202\
5/06/27-18:54:05\
        \x22> <rdf:\
RDF xmlns:rdf=\x22h\
ttp://www.w3.org\
/1999/02/22-rdf-\
syntax-ns#\x22> <rd\
f:Description rd\
f:about=\x22\x22 xmlns\
:xmp=\x22http://ns.\
adobe.com/xap/1.\
0/\x22 xmlns:dc=\x22ht\
tp://purl.org/dc\
/elements/1.1/\x22 \
xmlns:photoshop=\
\x22http://ns.adobe\
.com/photoshop/1\
.0/\x22 xmlns:xmpMM\
=\x22http://ns.adob\
e.com/xap/1.0/mm\
/\x22 xmlns:stEvt=\x22\
http://ns.adobe.\
com/xap/1.0/sTyp\
e/ResourceEvent#\
\x22 xmlns:stRef=\x22h\
ttp://ns.adobe.c\
om/xap/1.0/sType\
/ResourceRef#\x22 x\
mlns:tiff=\x22http:\
//ns.adobe.com/t\
iff/1.0/\x22 xmlns:\
exif=\x22http://ns.\
adobe.com/exif/1\
.0/\x22 xmp:Creator\
Tool=\x22Adobe Phot\
oshop 27.3 (Wind\
ows)\x22 xmp:Create\
Date=\x222026-02-09\
T18:59:01-06:00\x22\
 xmp:ModifyDate=\
\x222026-02-26T17:5\
2:21-06:00\x22 xmp:\
MetadataDate=\x2220\
26-02-26T17:52:2\
1-06:00\x22 dc:form\
at=\x22image/png\x22 p\
hotoshop:ColorMo\
de=\x223\x22 xmpMM:Ins\
tanceID=\x22xmp.iid\
:c64947dd-3ec5-e\
14e-bec9-d14c3b8\
a239b\x22 xmpMM:Doc\
umentID=\x22adobe:d\
ocid:photoshop:d\
e1744ff-d36b-9c4\
d-ad29-0f21c087d\
476\x22 xmpMM:Origi\
nalDocumentID=\x22x\
mp.did:5362cc97-\
a2ba-cc4e-b8e1-4\
97e5a8d90d8\x22 tif\
f:Orientation=\x221\
\x22 tiff:XResoluti\
on=\x22720000/10000\
\x22 tiff:YResoluti\
on=\x22720000/10000\
\x22 tiff:Resolutio\
nUnit=\x222\x22 exif:C\
olorSpace=\x221\x22 ex\
if:PixelXDimensi\
on=\x2270\x22 exif:Pix\
elYDimension=\x2210\
7\x22> <photoshop:T\
extLayers> <rdf:\
Bag> <rdf:li pho\
toshop:LayerName\
=\x22MET\x22 photoshop\
:LayerText=\x22MET\x22\
/> </rdf:Bag> </\
photoshop:TextLa\
yers> <xmpMM:His\
tory> <rdf:Seq> \
<rdf:li stEvt:ac\
tion=\x22created\x22 s\
tEvt:instanceID=\
\x22xmp.iid:5362cc9\
7-a2ba-cc4e-b8e1\
-497e5a8d90d8\x22 s\
tEvt:when=\x222026-\
02-09T18:59:01-0\
6:00\x22 stEvt:soft\
wareAgent=\x22Adobe\
 Photoshop 27.3 \
(Windows)\x22/> <rd\
f:li stEvt:actio\
n=\x22saved\x22 stEvt:\
instanceID=\x22xmp.\
iid:5e58fed0-21a\
c-364a-849d-8cb9\
16c3b51f\x22 stEvt:\
when=\x222026-02-10\
T18:04:33-06:00\x22\
 stEvt:softwareA\
gent=\x22Adobe Phot\
oshop 27.3 (Wind\
ows)\x22 stEvt:chan\
ged=\x22/\x22/> <rdf:l\
i stEvt:action=\x22\
saved\x22 stEvt:ins\
tanceID=\x22xmp.iid\
:c961018a-adf8-0\
c47-8b55-0b9ac49\
ebe88\x22 stEvt:whe\
n=\x222026-02-26T17\
:52:21-06:00\x22 st\
Evt:softwareAgen\
t=\x22Adobe Photosh\
op 27.3 (Windows\
)\x22 stEvt:changed\
=\x22/\x22/> <rdf:li s\
tEvt:action=\x22con\
verted\x22 stEvt:pa\
rameters=\x22from a\
pplication/vnd.a\
dobe.photoshop t\
o image/png\x22/> <\
rdf:li stEvt:act\
ion=\x22derived\x22 st\
Evt:parameters=\x22\
converted from a\
pplication/vnd.a\
dobe.photoshop t\
o image/png\x22/> <\
rdf:li stEvt:act\
ion=\x22saved\x22 stEv\
t:instanceID=\x22xm\
p.iid:c64947dd-3\
ec5-e14e-bec9-d1\
4c3b8a239b\x22 stEv\
t:when=\x222026-02-\
26T17:52:21-06:0\
0\x22 stEvt:softwar\
eAgent=\x22Adobe Ph\
otoshop 27.3 (Wi\
ndows)\x22 stEvt:ch\
anged=\x22/\x22/> </rd\
f:Seq> </xmpMM:H\
istory> <xmpMM:D\
erivedFrom stRef\
:instanceID=\x22xmp\
.iid:c961018a-ad\
f8-0c47-8b55-0b9\
ac49ebe88\x22 stRef\
:documentID=\x22xmp\
.did:5362cc97-a2\
ba-cc4e-b8e1-497\
e5a8d90d8\x22 stRef\
:originalDocumen\
tID=\x22xmp.did:536\
2cc97-a2ba-cc4e-\
b8e1-497e5a8d90d\
8\x22/> </rdf:Descr\
iption> </rdf:RD\
F> </x:xmpmeta> \
<?xpacket end=\x22r\
\x22?>G[\x06\xae\x00\x00\x083IDATx\
\xda\xed\x9c=r\xe3F\x10\x85q\x1e\xedrs+\xc3\
\xc4\xa43\xe9,\x9b\xcb\x17\xf0!\x1c\xca\xa1}\x11\x22\
\x00\x1d\xf8\x12\xdc\x98\x16@\xce\xa0\xe7\xf5\xeb\xf9\x01@\
\xad\xac\xc2VMQKQ\x04\xf8\xa1\xfb\xf5\xdf\x80\xcd\
\xef\x7f\xff\xdb\xdc\xd6%\xac\xbf\xc4\xcf\x1f|\xfd\xf6\xe7\
?k\xaffX\x01\xca\x1d\x0e0k\xbd|\x8c\xf3h\
>\x14\x94\x8f\xb4~:\x98\xa6if\xad{[i\xf3\
Q\x81\x9c\x9c\xbb\x9cZ\x07\x8f\xed\xf5\xf1m\xdd\x13\xd4\
\xbb\x81\x99k\x15\xfd\x1b\x88^\xc0\xf0\x90\xc2s\xe1\xd1\
\xad\x0e\xa8y\x0f \xbb\xfd\xf3\xe5\xdb\xe1\xf9\xed\xf1i\
\x5c\xc3s\xc3\xbf*0\xed\x0dD;A\xf2\xbf\xbf\x87\
\xe54\xf7\x84\xb2\x1b`\x8c@<\x98\xe7\x00\xc5\xffc\
@\xe4\xef\x02\x9c\xd6\x89\x9fc \xb3\xcf\xf3\xf5\x9d\xc1\
\xa0\x95\xc8G\x04\x83p\xf0\xf9\xd3\x0d\x04\xd3\x96{\x86\
\xfa\xe6\x1eP\x06\x00~]\xddg\xb2\x1a\x06\xc6\xfa\xe7\
-\xc6\xbb\x0d\xc2\x99\xabs?\x0d\x0c[\xde\x95\x98;\
YP\xa4+\xc9\xe5\xc5\xb6\xf6\xbc.?\xba\xb7u,\
\x02\xd4\xbcgx\xde\x09K\xca\xc1an$\x05\xd8k\
L\x1d\x98cX98\xcdR\xab\x98\xf3wR\x88Q\
_\x98\xa5L`\xda\x09\xce\x0c\x97\x9a\xe0t\x91\xf5\xac\
\x02F&`s\x22BI\x88\x0e\x9a\x12\x16O\xea\xe6\
^\x9c\x12\xcbi\xe6\x00\x99+\x80E\x19/&t7\
KY3O\x19\xe1\x9c\x8f\xc1z\xd8{7\xb9\x98\xfe\
\x12\xbdQ\x17\xae\xe8\xdc\x93,\xc9xe\xf2\xe6]\xa7\
*\xa2\x14\x1c\xc3\xbbR\x1eL\x81\xa2\xafa-\xb9\x8c\
7\x08\xef\xcdR\xa4\xce\x94\x1ew\xfa\xf0\xc7\xe2U\x0d\
\xc6[\x8b\xf4\xfd%PR`X\xfe\x82\xc5d\xa9\xb6\
h0\x9d\x12\xde\xd9`\xa4\x8a\xcb\x13+1\xd9\x14\x18\
\x06G\x85j\xa7k\x22\xf9\xffr87\x08g\x09\x05\
\x9f\xab\x00#\xdf\x14\xb3N\xabH\x949\x8a:Pe\
\xc6+s\x98\xb8\x90\x9c\x22V1\x1c/\xb4gb1\
\xe7\xeb\xaa\x03#\x05\xb7uTt\x11\xcc\xce\x80S\x0f\
&\xb6\x18\x8cT5z#-C\xbb\xd1,\x8b\xb9\xfe\
\xf1)\xa1/2i\xc3\xe5[\x0c\x91 \xd6\x82i\x9d\
\xd2\x9a\xf9\x89\xdd1\xb6\x14\x01I\x83y-\x00\x03\xbe\
m\x15\x8e\xd7Z\xe8\x89ZO)\x1c\x0f\xa5\x97\xe5\x00\
\x84\xecR\x9d\x8b\xc33\x13\xe2J\xf1e\xfa\x82!\xd3\
*\x14\xd9JE \x14c\xd9\xc6\x94\xbd\x97\xd4\xb1\xd5\
\x07=\x1f\x13\x11I<'4'\x0b\x06\xe9Z%\x7f\
\xec2\xcfI0\xb2\xe5\x80\x1d\xb7(\xe3\x85\xbcE&\
y\xfc\x03\x1f!\xc2\xb0\xdf\xb1\xdfw\xea\xb1\x10\xccD\
V\xd7.\x8eB\xb0\xac&4\xaa\xc4kd!\xa8\x9a\
\xde\xad\x0e\xcf\xe5\x89Zg\x8a\xab\x8aD\x097*\x00\
\xd3\x81\xf8M&m\x09m\xd0\x1a\xc3r\xb0&\xc2>\
\x8b?\x9e\x07C\x01`\x949\xa7\x00u\x865U\x16\
\x91\x98\x14\xc9\x13E\x97bV#]g\x97\xd0\x9c\xa8\
\xbfB\x8aF\x0d\xa6K@\xb2\x9e\xeb\xcc\xbf\xcbe\xd0\
\x8d\xad/W\xd2Q.Q\x00\x86[\xd3sh\x8c\x07\
0\x12\x0a\xf6^\x84;\xa5]\xc5\x10U\x06\xf2\x5c\x06\
$\x01&~c\x9d}r8\xb9\xe8\xb4\x13\xe3\x93]\
\x80#\xf5\xcb\xd1\xe3\xe4#MFs\xce\xe5]\xbb<\
\x18a\x8a*\xf3\x94z \xe0\xc8\x5cE\xf6w9\xa0\
\xd8\x9d\xd0\x1a\xe3\x8e]\x9b\x89D\x1d\xd7\x15\x09\xe6|\
\xacO\x0as\x19b\x10\xc4\xd6\x91\x13wf\xd2e\x85\
l\xefV\xb2P\xe4m\xcc\x8c\x00\x17iO7\xbfE\
\x92\x0a\xd5\xe8J\xaa[\x9f(\x13\xac\x90\xad\x04\x18\xc7\
\xae(\xf4\xb7\x8b\xc2At \xb4\xc7\xd9\xaeSo1\
\x91\xf8:\x1eb\xa1~\x99\xaa\xee'5p\xfb&\xf4\
\x05?|<\x09h\xe3\x06\xf8h9\x1dT\xcaGS\
|\x97\xb6B\xb3`B\x92\x17\x95\xfc<\xbc28R\
o\x22m1VO\x80\xe0q,qe\xa1xE\x8b\
\xd1i\xf4\x89D$\x16\xa5\xb0\x89dn\xefp\x0e,\
\x02\xc0\xb3V\x03\x84r\xff3\x0b\xe1\xe3\xe7\xd8\xef/\
\x97\xc3a\x5c+i\x0c\xefYX\xb3\x1d\xd5\xb8\x16p\
\xd8\x87\xebY\xf8\xcf\xc1l\x1dT\xda\xdc\xd2\xe4E\xb9\
\xec\x0fa-\x06\xa3G\x0b\xb1\xc9F\x9a\xc0\x123\x18\
u\xa8\xbd,-O\x14\xfd\xfa\xb2{\xbc^iX\xd1\
\xcc\x89$\x81'\xb1\xc6\xf3\x1f,\x05\xfe~\x1d0\x89\
\xd0\x88W\x8c\x9d\x18\x1b\xc6\xcb\x22\x14\xdd\xed\xe1\xeb\xe3\
\xdb\xfae\x04s\x85s \x80\x0ej\xbc\xc2\xf6\xccL\
\xd6\xb2\x0f\xeeT\x0a\xe6\xa5\xa6\xbaf\xe98\xeeY\xc1\
\xc8\x942y\xb4\x90a\x0dP\x1en?\x078\xe1\xaa\
\x1f&\xbd\x10p\xd4\xe8V\x82\xb9\xbd\xd6\xbf\xc7\xba\x16\
\x93(\xce\xb4\x0030`\xe6\xe2\xf7R\x0f$\x8c\xab\
\xe5<\xc6.u\xfbp\x12Xj+\x9a\x07\xe3\xdfC\
E\xa6\xd7\x05\xfbct\x03Yg\xc3\xac]\xd0\x83+\
\xa1 b=$\xe1x \xf2\xd1[\x8c|\x1e-\x87\
Y\xe4\xf0\x1a\xffz\x7f\xdc\xea\x19wv\x1e\xf3C\xcf\
c\xd8\x9cG\x0a\xac\x04\xa1\xdd\xab\xa5C4i5\x93\
\xd6\xec\xc3\xd5\x8f\x9e\x13\xda\xc1\x22\x9b\x7f\xcd\xf0^s\
7 4e[&\x8e\xba\xabGvS\xca\xa5v0\
P1\xd6\xda\xf3\x00\xae\xf5e\xa7\x17F\xab8D\xef\
#\xa0\xd3\xf1\xdd\xfc\x22\xb2$B)K!}\x95\xb8\
j\x86\x8a\x1c\xda\x98X/\xa1k!\xa4\xab\x8b\x1dB\
\xf2\x16i\x11\x08\xf6\xe4Jw\x00\xc3\xc6(,\xdb\xed\
\xad\x04Lm\xfc\x89\xf7\xbc\xc4\x7f\x1bk\x92\x0f\xe1R\
\x94#8\xc2e\xa4\xebI\x8b\x92\xe7\xbd\x1a\x18\xb5/\
\xc6\xd8\xa9\x8d9\x0a\xed\xcc\x19\xd9*\xba \x0a\xa9\xe5\
R\xde2$\xb4\x11\xd8!\x0e\xd3\xd8\x85\x5cus\xa2\
R\xff\xd6%\x87\xee*}o\x1d\xad\x8b\xd8Vx\x16\
~\x11\xca\x03\xc0z\x10\xf9\x10\x86u\x0c\x18\xf7\x03C\
f>\xb4\xf0\x03k\xeaU\xd1h\xb4L\xdb\xd8\xd2d\
\xb5\xcc\x84\xd8\x12h\xaf/Q\xc3\xad\xc2\xa5f\x80q\
j\xa766\xaeN\x86;\xa9A\x9aQe#`\xd9\
c\x19]\xc7\x00\x81Z\xc4v\x82\xad\x06&J\xbfY\
_\xd6(*\x19<\xa6Gl:\xc0^\xe7\x0bY,\
)\xc6r\xe2\xabN\x10q\xe2!-q50fc\
\xc9\x02E\xf6\xd0\xb1fT\x9f\x02M\xb2d\xcc\xa7\xa8\
\xfe\xdct\x86\x8d\x9a'mk\x97o\x80\xa6;)\x99\
\xc9C\xb5\xdd\xd3\xc6\x92v\x97\x9eA\x03\x81\x8e\xc7\xb5\
\xf1T \xb6\x9e\xc9Z0AE+^\x07\x8c#m\
M\xd6\x8b1\x1aR\xf4\x0e\x12kB\x80\x89 \x19\xf6\
\xb1\xca_\x02\x8a;\x91]\xd0\x18\xac\xdf\x16%xy\
\x1d\xd00XW/~\x0e\xb5\xc88F\xab\xb7\x83L\
\xd1J\xcf\xa6\xf9~\x98.\xee@\xba\x15\x5c\xc9\xdc\xba\
N&\x07l\x0c\xc2\xae6\xfd?\xfb[\x06\x09\x8eK\
\xab\x7fc\x80\x8f\xf7#,\xba\x97 \xea\x96\xb1\x0c\xd7\
\xe9\xed\x1b(r\xec\xce\x11sfmiNb\xaa@\
\xe7J\xb8CSd\xbf\xd8\x1f^d18Je\x96\
\x823!+q\x8br\x93szO\x0b\xf6tiy\
A\xa2\x15\x1b\xdb\xe2E\xc9m\x89mRw\x86ab\
g\xe9\x05-\x15 \xe4\xf6\x19\xf1\xcc=\xc7K\x0fG\
\xa2\x15\x19\xc6\x9d\x8f\xd0\x8a\xcdo\xe6n\xd2a\x9a\xcf\
\x95-a\xc5\x22\xd3\xcax\xeb\xb6\x8b\x81F8g\xea\
\x1a\xd5\x9b\xdb\xb2Z%3\xc1\xb4\xea\x83\xb2\x02\xd2z\
\x8eA\xa5\x1b{\xce\xb9\xad\x1d\x22\xb2d.\x92eu\
\x18I\xa5\xabW\xdd\x96\x83\x1b\x06U%l\xec\xa4\xb4\
k\x22\xdd\xd9+\xdb~\x1a\xbb\x88J \x89\xf8\xb3i\
\xe8\x89$\x94\xa9;i\x9a\x92R\x80\xb9\x09\xdb\x88\xac\
\xdb\x13\xcb\xee\x1e\xc9\xdd\xb6\xa3\xdb\xaa\xfc\x9eIv\x9b\
2ne\xa9\x02\x83\x02\x9b\xfb\x90\xe6\x89'N`\xce\
],\xaam\xd1\xea`\xc0\xce-\x96\x84\xb4\x007\xa5\
\xa1\x1a\x05\xd5\x14-\xec\xf6U\xdc-R{\xa7\x9d\xca\
\xaf\x12w\xc3\xe1\xcc+\xd7\x82h\xca\xae\x8eS\x83\xb3\
\xdc\x89\xf7K\xbew\xe1\xb5\xa6\xdd\xcag\xe1\xa5.\xba\
\xb8\xe7[\xb3\xdf\xe4\xde_kR{\xaf\xd4\xff\xf2\xfb\
c>\xec\x17\xeb\xfc\xfa\xfd\x8f\xcb\x06'^\x03\x93\x11\
\x8c\x87\xf3Y\xd6\x92o\x05\xf1<\x02\x98m\xc5k\x03\
\xb3\x81\xd9\xc0l`60\x1b\x98\x0d\xcc\x06f\x03\xf3\
\xd9\xc0\x0c)\xf4\x06\x22^\x03\x93\xf0}\xbe\x1b\x90\xa8\
f\x0c_t\xdc|\xa6\x22r\xe1\x1ay\xfc\x07Y\x02\
\x9bN\x11\xb9\xd65\x00\x00\x00\x00IEND\xaeB\
`\x82\
\x00\x00\x10v\
\x89\
PNG\x0d\x0a\x1a\x0a\x00\x00\x00\x0dIHDR\x00\
\x00\x00F\x00\x00\x00S\x08\x06\x00\x00\x00\x225q\xac\
\x00\x00\x00\x09pHYs\x00\x00\x0b\x13\x00\x00\x0b\x13\
\x01\x00\x9a\x9c\x18\x00\x00\x0a\xe6iTXtXML\
:com.adobe.xmp\x00\x00\
\x00\x00\x00<?xpacket beg\
in=\x22\xef\xbb\xbf\x22 id=\x22W5M\
0MpCehiHzreSzNTc\
zkc9d\x22?> <x:xmpm\
eta xmlns:x=\x22ado\
be:ns:meta/\x22 x:x\
mptk=\x22Adobe XMP \
Core 10.0-c000 2\
5.G.ef72e4e, 202\
5/06/27-18:54:05\
        \x22> <rdf:\
RDF xmlns:rdf=\x22h\
ttp://www.w3.org\
/1999/02/22-rdf-\
syntax-ns#\x22> <rd\
f:Description rd\
f:about=\x22\x22 xmlns\
:xmp=\x22http://ns.\
adobe.com/xap/1.\
0/\x22 xmlns:dc=\x22ht\
tp://purl.org/dc\
/elements/1.1/\x22 \
xmlns:photoshop=\
\x22http://ns.adobe\
.com/photoshop/1\
.0/\x22 xmlns:xmpMM\
=\x22http://ns.adob\
e.com/xap/1.0/mm\
/\x22 xmlns:stEvt=\x22\
http://ns.adobe.\
com/xap/1.0/sTyp\
e/ResourceEvent#\
\x22 xmlns:stRef=\x22h\
ttp://ns.adobe.c\
om/xap/1.0/sType\
/ResourceRef#\x22 x\
mlns:tiff=\x22http:\
//ns.adobe.com/t\
iff/1.0/\x22 xmlns:\
exif=\x22http://ns.\
adobe.com/exif/1\
.0/\x22 xmp:Creator\
Tool=\x22Adobe Phot\
oshop 27.3 (Wind\
ows)\x22 xmp:Create\
Date=\x222026-02-09\
T18:59:01-06:00\x22\
 xmp:ModifyDate=\
\x222026-02-26T18:0\
0:12-06:00\x22 xmp:\
MetadataDate=\x2220\
26-02-26T18:00:1\
2-06:00\x22 dc:form\
at=\x22image/png\x22 p\
hotoshop:ColorMo\
de=\x223\x22 xmpMM:Ins\
tanceID=\x22xmp.iid\
:1904458f-c3f8-6\
547-aeae-9edfefd\
8986d\x22 xmpMM:Doc\
umentID=\x22adobe:d\
ocid:photoshop:1\
15d2a59-c902-bb4\
3-92c8-312cda8e8\
844\x22 xmpMM:Origi\
nalDocumentID=\x22x\
mp.did:5362cc97-\
a2ba-cc4e-b8e1-4\
97e5a8d90d8\x22 tif\
f:Orientation=\x221\
\x22 tiff:XResoluti\
on=\x22720000/10000\
\x22 tiff:YResoluti\
on=\x22720000/10000\
\x22 tiff:Resolutio\
nUnit=\x222\x22 exif:C\
olorSpace=\x221\x22 ex\
if:PixelXDimensi\
on=\x2270\x22 exif:Pix\
elYDimension=\x2210\
7\x22> <photoshop:T\
extLayers> <rdf:\
Bag> <rdf:li pho\
toshop:LayerName\
=\x22MET\x22 photoshop\
:LayerText=\x22MET\x22\
/> </rdf:Bag> </\
photoshop:TextLa\
yers> <xmpMM:His\
tory> <rdf:Seq> \
<rdf:li stEvt:ac\
tion=\x22created\x22 s\
tEvt:instanceID=\
\x22xmp.iid:5362cc9\
7-a2ba-cc4e-b8e1\
-497e5a8d90d8\x22 s\
tEvt:when=\x222026-\
02-09T18:59:01-0\
6:00\x22 stEvt:soft\
wareAgent=\x22Adobe\
 Photoshop 27.3 \
(Windows)\x22/> <rd\
f:li stEvt:actio\
n=\x22saved\x22 stEvt:\
instanceID=\x22xmp.\
iid:5e58fed0-21a\
c-364a-849d-8cb9\
16c3b51f\x22 stEvt:\
when=\x222026-02-10\
T18:04:33-06:00\x22\
 stEvt:softwareA\
gent=\x22Adobe Phot\
oshop 27.3 (Wind\
ows)\x22 stEvt:chan\
ged=\x22/\x22/> <rdf:l\
i stEvt:action=\x22\
saved\x22 stEvt:ins\
tanceID=\x22xmp.iid\
:6cbd0880-ecb1-c\
d4b-9f60-b676cde\
20cfc\x22 stEvt:whe\
n=\x222026-02-26T18\
:00:12-06:00\x22 st\
Evt:softwareAgen\
t=\x22Adobe Photosh\
op 27.3 (Windows\
)\x22 stEvt:changed\
=\x22/\x22/> <rdf:li s\
tEvt:action=\x22con\
verted\x22 stEvt:pa\
rameters=\x22from a\
pplication/vnd.a\
dobe.photoshop t\
o image/png\x22/> <\
rdf:li stEvt:act\
ion=\x22derived\x22 st\
Evt:parameters=\x22\
converted from a\
pplication/vnd.a\
dobe.photoshop t\
o image/png\x22/> <\
rdf:li stEvt:act\
ion=\x22saved\x22 stEv\
t:instanceID=\x22xm\
p.iid:1904458f-c\
3f8-6547-aeae-9e\
dfefd8986d\x22 stEv\
t:when=\x222026-02-\
26T18:00:12-06:0\
0\x22 stEvt:softwar\
eAgent=\x22Adobe Ph\
otoshop 27.3 (Wi\
ndows)\x22 stEvt:ch\
anged=\x22/\x22/> </rd\
f:Seq> </xmpMM:H\
istory> <xmpMM:D\
erivedFrom stRef\
:instanceID=\x22xmp\
.iid:6cbd0880-ec\
b1-cd4b-9f60-b67\
6cde20cfc\x22 stRef\
:documentID=\x22xmp\
.did:5362cc97-a2\
ba-cc4e-b8e1-497\
e5a8d90d8\x22 stRef\
:originalDocumen\
tID=\x22xmp.did:536\
2cc97-a2ba-cc4e-\
b8e1-497e5a8d90d\
8\x22/> </rdf:Descr\
iption> </rdf:RD\
F> </x:xmpmeta> \
<?xpacket end=\x22r\
\x22?>\xd0\xfb\x13]\x00\x00\x056IDATx\
\xda\xed\x9c;n\xdb@\x10\x86\x09#g\x88\x0fB7\
\xae\xec\x8a\x04, \xbd}\x05\xe5\x00)b \xb9\x80\
\x82\x00\xbaBN\x100\xe9\xed\xca\xe9|\x82\x1cE\x11\
)\x0d53;\xb3\xdc\xa7\xc4X[\x0c\xc8\xd0\xa2\xb8\
\xfc\xf6\x9f\xc7>\xa2j\xb3\xd9T\xc5L+\x10\x0a\x98\
\x02\xa6\x80)`\x0a\x98\x02\xa6\x80)`\x0a\x983\x03\
\xf3\xfd\xf7\xdf\xcd\xffhY\xc1\xf4\x0f\xf8\xf0\xe9G\xb1\
\xbd\x0d`\x0a\x14\xd9\xaa\x02\xa1\x80)`\x0a\x98\x02\xa6\
\x80\x99\x1f\x98\x8f\xdf~\x16\xdb\x1a\x013\xa7\x86-g\
\x02\xa7**\x91\xed\xec\xc0T\xdbQ\x90fg\x07\xc6\
\x06#+\x18\xdf\x87\xe6~)\x9f\xfbN\x0e\xc6\x15T\
\xc8w\xa5\xb2Y\x80\xc1\x8d9%\x8c\xd9\x82\x99\x93e\
\x09\xbe\x05L\x01s^`\xb2\x15x\x05\xcc\x1b\x85s\
V`^__\x13\x80Y\xa5\x19\xed\xce\x01\x06\xb6\xd0\
b\xb3:\xd5\xb8\x84\xbfHJ\x18\xb3\x02\x93\xfa\xa5B\
\x5c%\xe4{\xb2L;\xe0\x07\x5c\xd7w\x9b\xeb\xab\xbb\
\xfdq\x11\x15\x07B \x85\xde\x9b\x14\xcc\x08\xe3\x0a\xc3\
\xa0\x962V\xe4\xba7\xe9D\x95\x01\xa4\xa6`\x9e\x9f\
\x9fG\xcb\x05\xe6\xebC\xbb\xf9r\xdfD\xc7\xadd`\
F\x97\x19A,\x86\xe3\xd3\xd3\x13\x01\x02\x06\xd7S\x81\
\xf9\xfa\xd0\x10\xcb\x0bf\x15\x0aew\x8e\x01\xf4G\x09\
R\x0c\x18\x09\xc8\xce\xda\xc1R\x16u\xde\x8a!\xc1U\
Q\x89\xa6\x9aX\x97\xfa\xf3k\x1d\xf4w\x00\xd8\xbb\x9c\
\x060\x09\x98]lY\x10\xd5`(1`$\xb7\xe8\
_\xf8\xa5[;\x81\xb1\xd9NY\x8d\x18\x93\x92\xc4\x18\
\x92\x89X\x16\xb2\xc1\xe9\xaf\xd9\xa1\xec\x1a>\xf5\x82!\
P(\x9c\x9dj\xde\xdf|\x1e,OV\x22`\x16$\
\xde`\xb7\x82\xeb\xba\xd4\xf7Pzetk\xe7\x17}\
\xe9\xec\xff6\xac[\x130\x977\x8f\xe9\xc1\x98u\xcc\
\xc2TQM\x8f\x1c\x0a\xf8\xbd\x8bR&\xad\x9b\x06\xd7\
\x1b\xb8RV0\xda0\x80\x00\xa9\xed\x85\x1e\x04G\xaf\
\x9e\x8f0\x00\xd3C\xb9\xbc\xcd\x0c\x86\xa8\xa7\xd6!@\
\x00\xc6\xfe\xed\xad\x96@h8\x80\x0fjq\x80\x92D\
1Z\xd5\xcb\x83\xf1\xd0[\xdbF\x01\x98\xbe\x07cU\
\xe0\xac\xb0n\xed\xe5FQ`H\x0a\xdf\x9a-]\x8f\
`n\x1e\x89jb\xa0L\xa5p\x0e\xcd\xc7\x8d\xa2\xc1\
\xe0\x00k\x83\x82Sv\xdf0h\x5c\x1f\x80]\xd4`\
\xada\x1c2\x14|\xde5UGe%\xa9\xd0\xe3.\
\x84\xcfq0vQ\x8dV\xaf\x84\x04h\xfe\xcc\xbc`\
 M_\xdd\x89\xc3\x02\x80B\xaa\xe5}\x80\x1e$\x8d\
d\x9d+\x13a\xa5\x80\x1b\xbbn0\xa8\xa2\x83n-\
+F\xaam\xb0\x0axcsA\x01\xd7\x85\xa0\x1b\x0c\
f\xe9\x19[x\xdd\x22\x15x\xbc\x9e\x01\xa5`0\xa9\
\xe0\x8c\xcf\x00U\xb2\x80\x9fmG\x15\xa9xk\x0d\xca\
\xc2\x00\x82\xef\xc7i\x13\xce\x01\x96\x0f )@c%\
\xf2\xb8r$0\xc2,^m\xba\x8c\x94\xe2\xa5F\x8f\
\x80\x90\xe4}\x0c\xbb\x0cW\x89\xabb\x96\xb1`b6\
\x05A#\xc7\x97\xb8}4^\x10\xfe\x8e\x95e\x9b\x1d\
\x1c\xbf\xef\xd6\x04;>/6\xc6\xe4\xde\x07\x87{\x13\
\xcey\xac\x01(\x1a\x18\x5c\x0e\xe0\x98\xc5\xe3\x0b\x06\xec\
S\xf5\xfa\x83Y\xc5\x81!0\x90\x22\xf85i\xac\x85\
+hm\x12LR\x1b~F>0\xa1\xb6\x9avA\
\x1e\x1b\xb0\x8al`\x88;\xb1\xd8\x12\xb3Q\xb2:\xa6\
\x1b\xc1\xb2\xc7\xe1\xe86\xa9\xad\x81\x99Z\x85\xe0\x13\xe8\
xz\xf3\xe4`\xe8\xe4TCf\xee0\x18i\xdc\xc3\
!H\xb0\xe0\xba\x94\xca%0\xc3\xf9\x1eP<\x98U\
\xbcR(\x8c\x03\x14h\xac4\xef\x02\x00\xa0\x9a\xc6\xab\
\x02\xd2us\xae\xb7a\xcfn\x0d\xf5\x1c]1X)\
\xdcm\xc0\xb0\x8a|&\xc0]&\xc6\xf9\xf2\x89\xa8\x9c\
\xbd\x0b\x1f\x0d\x8c\xec\xe3\xade\xe1\xacI>\xff\xcbU\
\x02\x1dD]\xfa\xb0\xa2y\xb4\x1dU\x92tM8\xb4\
\xf1)\x07\x91\xb2\x0b\xb5\xaa[g\xdd\x00=<p\xef\
\xbbR\xe0\x933R.0\xb4C\x0e\x1d\xd3\x0a\xb1'\
\x14\xcc\xcaO\x1d8\x0bQ\x09\xcb\xee\x04\x7f\x9bt\x91\
\xce}\xde\xd7\xee\xc6\x89\x14c[A\xe4\x01\x15\x02\x9a\
\xe9\xcf\xa6\x8ci/\xb6q\x13\xde\xec\xf3\x12\x0cy\x83\
@+f\xa8\xca\x0fD;\x117\x0e\x0f\x91\xeb\x95F\
m\x9cU1\xc1\xae\xd4\x1ak\xd7Z\x02\xb0\x82\x91\x15\
A#\xbb\x14\xe9%\xc5hf\xde\xd3\x98\xb5L\x82\xc5\
5C\xc9\x96\x8dF\x93[\xe6iO\xb7$N\x98\x80\
4p\xe8\x5c\x05)\x1f]\x17\xd5\xa6\xdc\x0b\xc3\xe0\x1d\
\x164Q%\x17e\xba2\xa42\x9f\x7f\xce,\xee\x1a\
\xb5\x22M\xa2\x182\x14h\xc5\x8dFA\x83H3\xd3\
H\x03\xbfFH\x7fz\x95i+\xae88C5\x9d\
?\x18\xb9s\x22\xc1P\xb7j\xc5\xf4\xa6\xab\xa0Q \
\xb5bQ'\xc1\x8d]\xc3\x963\xe5\xa1\xcd^`\x96\
N\x83@\x06\xe3\xbe\xb1\xee\x8d\x9b\x0a\xdc\xda\xe7Sd\
#\xee\xe28\xde%\x9d\x8f\xe1)[\xaaO\xb4j\xd6\
\xa8x\xef\x1bE1m\x92\x85~il\x84\xd5\xeb\x0c\
\xa6\xff)\xa6\xb0\xb1\x90\xa6\x84V\x1d\x0a\xc8\xf7\x98P\
]\x16\xee\xedE\xa7\xaeN\x170=\x93\xf1\xc7\xbbr\
\xfd\xdf\x81w\x17\x17\xcaH[R\x1f\xdd\xbf\x1b:\xa2\
\xb7\x05\xfc\xf1{W:\x947\xf1so\xb9~>\xee\
\x1f>\x1a\xdd\x0a\x84\xe0\xe1\xc6\x00\x00\x00\x00IEN\
D\xaeB`\x82\
\x00\x00\x13\xf9\
\x89\
PNG\x0d\x0a\x1a\x0a\x00\x00\x00\x0dIHDR\x00\
\x00\x00F\x00\x00\x00S\x08\x06\x00\x00\x00\x225q\xac\
\x00\x00\x00\x09pHYs\x00\x00\x0b\x13\x00\x00\x0b\x13\
\x01\x00\x9a\x9c\x18\x00\x00\x0a\xe6iTXtXML\
:com.adobe.xmp\x00\x00\
\x00\x00\x00<?xpacket beg\
in=\x22\xef\xbb\xbf\x22 id=\x22W5M\
0MpCehiHzreSzNTc\
zkc9d\x22?> <x:xmpm\
eta xmlns:x=\x22ado\
be:ns:meta/\x22 x:x\
mptk=\x22Adobe XMP \
Core 10.0-c000 2\
5.G.ef72e4e, 202\
5/06/27-18:54:05\
        \x22> <rdf:\
RDF xmlns:rdf=\x22h\
ttp://www.w3.org\
/1999/02/22-rdf-\
syntax-ns#\x22> <rd\
f:Description rd\
f:about=\x22\x22 xmlns\
:xmp=\x22http://ns.\
adobe.com/xap/1.\
0/\x22 xmlns:dc=\x22ht\
tp://purl.org/dc\
/elements/1.1/\x22 \
xmlns:photoshop=\
\x22http://ns.adobe\
.com/photoshop/1\
.0/\x22 xmlns:xmpMM\
=\x22http://ns.adob\
e.com/xap/1.0/mm\
/\x22 xmlns:stEvt=\x22\
http://ns.adobe.\
com/xap/1.0/sTyp\
e/ResourceEvent#\
\x22 xmlns:stRef=\x22h\
ttp://ns.adobe.c\
om/xap/1.0/sType\
/ResourceRef#\x22 x\
mlns:tiff=\x22http:\
//ns.adobe.com/t\
iff/1.0/\x22 xmlns:\
exif=\x22http://ns.\
adobe.com/exif/1\
.0/\x22 xmp:Creator\
Tool=\x22Adobe Phot\
oshop 27.3 (Wind\
ows)\x22 xmp:Create\
Date=\x222026-02-09\
T18:59:01-06:00\x22\
 xmp:ModifyDate=\
\x222026-02-27T14:4\
1:15-06:00\x22 xmp:\
MetadataDate=\x2220\
26-02-27T14:41:1\
5-06:00\x22 dc:form\
at=\x22image/png\x22 p\
hotoshop:ColorMo\
de=\x223\x22 xmpMM:Ins\
tanceID=\x22xmp.iid\
:5558441b-35ad-9\
84e-91b4-23882b6\
b2f18\x22 xmpMM:Doc\
umentID=\x22adobe:d\
ocid:photoshop:9\
5f40944-749d-af4\
5-9770-40d3ebf09\
cef\x22 xmpMM:Origi\
nalDocumentID=\x22x\
mp.did:5362cc97-\
a2ba-cc4e-b8e1-4\
97e5a8d90d8\x22 tif\
f:Orientation=\x221\
\x22 tiff:XResoluti\
on=\x22720000/10000\
\x22 tiff:YResoluti\
on=\x22720000/10000\
\x22 tiff:Resolutio\
nUnit=\x222\x22 exif:C\
olorSpace=\x221\x22 ex\
if:PixelXDimensi\
on=\x2270\x22 exif:Pix\
elYDimension=\x2210\
7\x22> <photoshop:T\
extLayers> <rdf:\
Bag> <rdf:li pho\
toshop:LayerName\
=\x22MET\x22 photoshop\
:LayerText=\x22MET\x22\
/> </rdf:Bag> </\
photoshop:TextLa\
yers> <xmpMM:His\
tory> <rdf:Seq> \
<rdf:li stEvt:ac\
tion=\x22created\x22 s\
tEvt:instanceID=\
\x22xmp.iid:5362cc9\
7-a2ba-cc4e-b8e1\
-497e5a8d90d8\x22 s\
tEvt:when=\x222026-\
02-09T18:59:01-0\
6:00\x22 stEvt:soft\
wareAgent=\x22Adobe\
 Photoshop 27.3 \
(Windows)\x22/> <rd\
f:li stEvt:actio\
n=\x22saved\x22 stEvt:\
instanceID=\x22xmp.\
iid:5e58fed0-21a\
c-364a-849d-8cb9\
16c3b51f\x22 stEvt:\
when=\x222026-02-10\
T18:04:33-06:00\x22\
 stEvt:softwareA\
gent=\x22Adobe Phot\
oshop 27.3 (Wind\
ows)\x22 stEvt:chan\
ged=\x22/\x22/> <rdf:l\
i stEvt:action=\x22\
saved\x22 stEvt:ins\
tanceID=\x22xmp.iid\
:e5b2db73-8ea4-c\
540-861e-1e46e55\
bef33\x22 stEvt:whe\
n=\x222026-02-27T14\
:41:15-06:00\x22 st\
Evt:softwareAgen\
t=\x22Adobe Photosh\
op 27.3 (Windows\
)\x22 stEvt:changed\
=\x22/\x22/> <rdf:li s\
tEvt:action=\x22con\
verted\x22 stEvt:pa\
rameters=\x22from a\
pplication/vnd.a\
dobe.photoshop t\
o image/png\x22/> <\
rdf:li stEvt:act\
ion=\x22derived\x22 st\
Evt:parameters=\x22\
converted from a\
pplication/vnd.a\
dobe.photoshop t\
o image/png\x22/> <\
rdf:li stEvt:act\
ion=\x22saved\x22 stEv\
t:instanceID=\x22xm\
p.iid:5558441b-3\
5ad-984e-91b4-23\
882b6b2f18\x22 stEv\
t:when=\x222026-02-\
27T14:41:15-06:0\
0\x22 stEvt:softwar\
eAgent=\x22Adobe Ph\
otoshop 27.3 (Wi\
ndows)\x22 stEvt:ch\
anged=\x22/\x22/> </rd\
f:Seq> </xmpMM:H\
istory> <xmpMM:D\
erivedFrom stRef\
:instanceID=\x22xmp\
.iid:e5b2db73-8e\
a4-c540-861e-1e4\
6e55bef33\x22 stRef\
:documentID=\x22xmp\
.did:5362cc97-a2\
ba-cc4e-b8e1-497\
e5a8d90d8\x22 stRef\
:originalDocumen\
tID=\x22xmp.did:536\
2cc97-a2ba-cc4e-\
b8e1-497e5a8d90d\
8\x22/> </rdf:Descr\
iption> </rdf:RD\
F> </x:xmpmeta> \
<?xpacket end=\x22r\
\x22?>\x06\x9d\xff9\x00\x00\x08\xb9IDATx\
\xda\xed\x9c\xcfo\xdcD\x14\xc7s/\x94r\x00\x94\x1c\
AMR\x0aU\x9a]8\xb6\xdc\x9ad\x11*\x85S\
z\x80k[\x8e\xd0\xf6/H8\x15!!\x14N\xe5\
\x90pM\xa5\x1e\x1a\xc6\xbd\xd1\xdd\xad*-R\xff\x02\
\xfe\x94\xc5o\xecg\xbfy\xf3\xde\xcc\xd8\xce\xa2V\xf8\
\xf0\xb4\xb1\xbd\xde\xf5|\xfc}?\xe6y\xb2K\xf3\xf9\
|\xa97\xdfz\x08=\x98\x1eL\x0f\xa6\x07\xd3\x83\xe9\
\xc1\xf4`z0=\x98\xff\x19\x98\x9f\x9f\xfc3\x7f\x1d\
m\xa1`\xe0\x0b\xbe\xb8\x7f\xd4[i\x16L\x0fE\xb6\
\xa5\x1eB\x0f\xa6\x07\xd3\x83\xe9\xc1\xf4`^=0\xdf\
\xfd\xf4\xb8\xb7\xdc\x1c0\xaf\xd2\x85\xddyE\xe0,\xf5\
*\x91\xad\x07\xd3\x04\xcc\x8f\x7f\xbf\xa8l\x7f\xf6\xc2\xd9\
\xe6\x16<\x1e9\x97~\x86\xfd\x9c\xc4\xf77\xf9\xfc\xd0\
\xf5\xe1\xb1$0\xfc$x\xdd\xdax7\xf9b\xf9\x85\
T\x83V\xf6\xd1c\xda\xdfMnT[\x8b\x82\xe1_\
\xbc3\x5c\x9e\x1f\xdc\xff\xca\xbe\xe2\xf6\xce\xe6{\xd5\xb6\
v\xe1\xd2\x00\xaa}\xb3f\x90\xf7g\xedn\xca\xa9\x82\
\xd9\x19\xae\x14\x83/m\x94\xdb\xf4\xd9\x9f\xf3\xdf\xee\x7f\
m\xff\x86\xd7\xe9\xb3\x93\x0a\x8c\xa4\x886\xeaZ\x94\x12\
R\xd5\x17\x05\x83\x03\x87\xd7\x9dA\x01\xe2\xc2\xea\xe5\x02\
F\xae\x94\xc9$+\x8e\xe5\x00C\x173\xba\x90\x83]\
_\xb6\xaf1;-8]nR\x14\xccv\x09\x03\x00\
X\xb5\x8c\x8d\x05\xf3<\xdf\x060\xa0\x9eQ\xa9&\xe9\
\x22p\xb0\xcf'\xc6\x9e\x03\xe7\x83\xc1\xdf\xb8]\xfc]\
\xef\xc7s8H-f\xa5\xc6\xb6T\xd7\x84\xedx\xf0\
\xcd\xdf\x84p\x0a7:\xb1\x90&\xf9 p\x1f\x8f/\
t`8\xe8\xea\x95\x80@8\xaa\xd9\xf7\x9a\x0a&|\
\x1e\x85\x95:\xf06\xd9,)+\xc1\xc0!\x13\xa1r\
\xf0\xc2A9\xe8b\xbeB\xe8 M\x0dbl\x1cP\
S\x11\x94\x11\xcf\xa7J\xd3\x94\xe5\xa9LQq\xcc\x05\
\x93\xc0\xd4\xeed\xe6\xeb\xe77\xaa\xb83\xa1p\x86\x1a\
\x90\x8c\xa8\x84\xa9GT\x8a\xf1T3\x1d79\xc7\x10\
\x17\xadUF\x81\xd90\xb0\xbe\x1c\x8cKI\xae\xb4S\
\xba\x10B\x18\x95\xd9\xa9\x00Tf\xa8\xc1\xb2\xab\x0cr\
q\xae\x0be\xc2{\xb2\x80j\x8cUk\xd8\xed\xa4\x1b\
\xa0\xdd\x84:\x8e\x85\x5c.\xd9\x95`\xf0\x08e\xf2\xd7\
\x89U\xcf\xa8t1t\xb5\xe0\x9d\x0f\x5c\xectL]\
\xc5u\x1bP\xeb\xc1\xbd\x1b\xf6;\xfc\xf3MT\x81S\
\x09V\xbe/\x16\xa3t0\x0f\x5cW\x1a\x91Z\x06c\
\x0d\xbaPv\xb47\xcf\xfe\xd8w\x06\xe4\xbe\xea\x19\x89\
\xbf\x9f\x0e\xda\x16\x939\x14\xd8\xc7\xe1L\xc7&\xa0<\
!\xb6\x09\xb0\xb4L\x97\xa4\x98\x97/_Z\xa3\x95/\
\xa4iT\xcf\xe0\xcc\x9b\x05\x18\x0bg\xaf\x81\xccu\xd7\
\xb1\x19\xa8\x84\x82\x83p\xc0x\xd0}\xc5i\x9fM\xbf\
_\x8a3\x00\x09\xc6\x9b\x0c\x06\xed\xd3so\xcf\xaf_\
\xbcd\xa1|{\xf53\xbb\xed\x83!\x17>6Jf\
1\xde]\xad\x02&Q\x0a\x1d\x5c\x01g\xc5\x83,\xa9\
-\x5c\x0e\x14\xc7\xb9;\xd1q\xb6\x03\xf3\xd1%\x0b\x85\
\x831G{\xc1\x80\xea\xc6\x12\xff\x18\xee\xf7\xc1\x08\xaa\
\x11\x5c3)@\x93\xef\xfc<\x07\xc3\xc7w:`\xae\
H\x8a\x91j\x16\xa3\xc6\x81\xca\xdf\xcbL7\xca\x15\x01\
\x81\xdcWLV\xc1\xc1\x80OM\xcd\x86\x82z\xf0;\
\x17\x06\xe6\x9b+W]0\xc4\x9d\xb8j\xa6\x82\xfc\x11\
\xc6N\x99y\xc0F\xa5Z&\xe4\xee\xae\xadnz\xb1\
\x06\xdf\x7f\xf0\xc3\xf5j\xdf\xc8\xcb\x5c\x99Ri\x17.\
~\xaa`>y\xeb\x9c\xeaJT5\xd3\xb1\x11\xe3\x08\
\x85R\x0d\xce\xaa\xe3i\xa5\x1c\xba\x0d\xe7]\xc8\xc1P\
w\xc29\x1b\xfd\x0e\x0aVR\xa8\xe4\xde\xa3u\x17\xcc\
\xcd\x93\xc7\x95\xf9`\x1etU\xcc~\xa4\xb82d\xf0\
xW\xb3\x12\xc4\xd3J=8\x98\x0f\xd76\xe7\xab\xef\
o\xb8\x01\xb8,&\xb9\x0a\xebc\x99X:x\xb1,\
W\xcc.\x81\x01\x96<%\x90d6|\xe3\xac\xaa\x18\
sX\xa8\x86g$~\x91T\x19S\x02\x86+\x06\xc0\
\xac}\xb0Q\xc9\xbfV\x85;`_I\xa1\xb2\xa0\xbe\
\xae\xed\xf5\xe5nu\x8c\x03\xe6\x8c\x0e\xc6\x0d\xc2\xe1\xba\
\xc5\x85c*@P'\x15`\x88\xbb\x90\x18\xb35p\
\x01\x1c\xdc\xfd\xd2\xeeK\x99fH\x13\xd1V\xfd\x98\x98\
b \xe6\xc8`\xd2&\x8c\xe8:0\xe7\xc2\xe6\x97T\
\xc3\xa0aVr\xb2\xd4`9R\xfdjU\xb0Q'\
\x93\xad\xc0@\xb5\x8b`\xd2Tc\x825\x07NHG\
ba\x97\x89\xb1d\xab\x04\xba\xe5\xc4\x1b\x13\xcc\x82\xd2\
\xf7[0\xb3\xf8\x93\x02\x07\xcc\xbd_\x9f\xa8` \xf0\
b\x00\x1e\xe6\xaa\x81\xd8b\xe3\x0b+\xf6\xe2s\x97b\
\x1bk\x17P\x0d\xef\xecI\xaf\x05\x94\x95\xf9\xb5\xcd\xe5\
h\xebBS\x12\x9f3%+F\x03\xc3S\xf6PU\
L\x16-\xcd\xab\x0cQ\xb9\x10\xd6.\x97\x1d\x08\xfe]\
76\xb6\xc0\xb1\xed\x81\x94\xa2\x13\xa6\x06cyj\xd0\
\x1a\xcc\xb0L\xd9\xa8\x1a\x0b\xe6\x90\x819$\xaa\x89L\
 \xad[\xdc\xbdQ\xed_=\xefB\xa9+\xe1b \
P\xf0\xad\xb1\xdaf\x9b\x04d\xa9\x8f,7\xb2\xb2\xaa\
\x9ei\xf4\x94\x00\xc0H\x9dv\x11\x0cW\x8c2\xdb\x16\
\xfd\x9c\xa8\x05\x94\xb2V6\xdb=0d\xc05\x9c\xac\
\x9e\x5c\xaa-\x06#\xf6\x9e%WJ\x8e1R\xdbo\
X\xbaR\x05F\xcaL\xcc\x9d* \xac\xd8\x82\x18Q\
\x07\xdc|\xc0\xe77\x85I\xa3\xa9\x1aVt\xd0\x1c\x8e\
u\xa9\xb1\xf1\x5c%\xde\xb3\xf1[\x10Q0P\x0d\xf2\
\xeapp6\x07s\xf1c'\xf8\x8a`\x9cJX6\
i\xc0U\x85k\xeb\x99z0t\xd6\xcdk\x15>\xf3\
~\xae\x16z\xbco#\xd43\xb3D0\x1c\x8eUL\
\x09&\xa8\x18\xaf\xb3G%\xec6\xa4pph\xc53\
\xab\x13\xbf\xee`s,\xb7\xc3\xb7\x22\x04^\xc5\x95\x98\
\x01\x18\xfa\x9c)\x19\x8c\xa6\x98(\x98#2E\x10\xb2\
\x04\x1d(\xb6\x10\xf4\xd4]\x03\xb8V\xb6\x1e\xb6\x07\xee\
\xf9\xb1\x16\xa7W\xcf();\x0afW\x00cUC\
\xaa_-\x00Wu\x8d\x13\x84]\x17\xb8Fz+\x1e\
\xb0\xbc\xa5\xc0cD\x9d\x9e]\x15!P/\xd8\x0a3\
l\xb5\xd0$p\x1a)\x86f'\x00\x03\xf1%\x9a\x99\
\x82\xfd`\xfd\x01\x1b\x5c<\xaa\xc1\xe9\xc5\xb0\xb8\x13j\
~i\xc5\xa4:\xb1m\x02F\xeb\xa2\x0fY\x8b3\xe6\
N8\xeb\x96\xcbs\xa3>}\x04\xb7\xc1T-?F\
\x91\xbavYB\xcfWjd\xd5\xc5^\xa3tM\xa3\
6L\x0bB\xb5\x8c9\x8c\xa9\xc6x\x05\x976\x0d\xc0\
:\x87\xbb\x9bV\xb0\xf9\xbd\xe5\x98+\x19\xefA\x1c_\
\x18\x99\x06\xa6t%\xda\xb0\x0a\xb9\x92\x03Is\xa9\xb1\
\xdfb\xa0\x17\xcc\xfb\xba\xf1G3!\x18F\xec\xcdt\
R\x0c\xba\x95\xe7J\x91\x18\xc3\x03\xb1\xf4@N\xafT\
\xb3\xc4\x15\x12\xe1>\x8c\xb6\x80\x80\xef\x078\xc9`\xb4\
iA\x0c\x8c\xb88HY@\x14\xaeP\xf9\x00C\x0a\
\x08\xf7\x9b\xf5\xf8Tf\xc4\xd5wZ\xc6\x98\x08\x98\xb6\
\xab\xa3\xe8y\xf1\xf6$M\xc7F\x9d\xb5kJ\xf3]\
\xcc8\xd7\xdcx\xae$\x81\xa11\xa6\xcd\xea\xa7\xd8\xd2\
\xb4\xae\x03\x0e=\xdb\xa2\xdf\xd3\xa8\xc0\x0b\x0d\x88v\xf2\
\x00\x0c\x98\xb6\x8c\xab\xcbJK\xaa$\xbbJ+\xbaf\
\xc6\xa8\x0d)m\xbd\x9f\xb3\xbaj\xf6\xa2\xbd+!\x18\
\xeeN\x8b\x5c\x83\x8b\x9f\xc7\x07\x17[\xf4()\x22\xb4\
\x88q\xf7\xe4q70\xf0\xb4\x80\xd72\xb1E\xcdM\
\x97\xb16Q\x5c\x97U\xeb\xb4\xc2o\x0c\x86_\xa4\xad\
e\xe8dRp\xa5\xae\xebm\xbb\xec\x0f\x1d\xbf\xa9\xcc\
\x01\xf5'\x91\x89\xc1\x97\xba\x12\xce\x99\x10Lk\x17\x9a\
\x85\x95\x94\x1c\xccgqUH\xd68\xf8\xaa\x99\x89T\
\xbfA\xc5\x04\xfe\x7f\xa0K\x1c\x8a\x05x\xd8\x96\xfaI\
\x12\x88\xc6\xcd\xf0\xd0\x85K)\xbb\xeb\x8a\xec\xaei^\
\x8a\x17\xa90Z+F\xab~\x11N\x13W\xc2\xf7h\
\xcb0\xb8\xa5\x04\xce\xdd\x04\x17I\x8dO\x8d\xea\x18I\
\xb24e\xf3t\x1d\xbb\x80T(\x9a\xd1\xc1k\xefi\
\xbbZ\xbcS\xba\xb6O\x0c\x02qF\xb3\xae@\x9aZ\
J`\xe6\x81>\x0af)\xff\x81\x90\x90I)\x1b>\
8v\x1e\x984\x88\x94\xf3\xb4sS\x00\xa5*7\x0a\
\xe6\xd1/\xdf\xcf\x8fK{\xc4\x8c\x82\xe1E\x1e\x1c{\
$\x9cC\xcf\xd5\xc0\xfc\xbew+\xb7\xdb\xec\x15\xff\xbe\
\xdd\x09L\xea{\x93\xc0p;\xa6`\x84\xe7\xd8\xa7\x0b\
\xa6\xb0\x87d_[0M\xac\x15\x18G1l\x15\xa7\
\x06\xe6\x98\xfd\xdd\x14\x0c\x05\xb4(0\xd1\xe0{\xa7\x05\
\x18\x9e\x99\x10\xcc\xb1\x02'\x0e\xe6\x96\xaa\x9cE\x80i\
\x9c\x95\x8eS\xc0\xe41\xa6\x02\x93\xbb\x16\xa4\xcfn\xae\
\xe4\xc7\x15\xba\xef\xb4\xc0\x84&\xb1\x1e\x18\xf8)&\xcd\
\x95\x8e\x85\xc1\x85,\x06F3\xd9\x95nw\x8e1M\
j\x1a\x0a\x05\x98T?\xde\x95\xe2J]\x8d\x0f\x98\x03\
y(\xc4\x98\xff\x1a\x0c\xfeR\xdak\xffso\x8b\xfa\
\xf9\xb8\x7f\x01/\x1fB\x1fJ=\xdd\xe3\x00\x00\x00\x00\
IEND\xaeB`\x82\
\x00\x00\x07\xb6\
\x89\
PNG\x0d\x0a\x1a\x0a\x00\x00\x00\x0dIHDR\x00\
\x00\x00\x86\x00\x00\x00'\x08\x06\x00\x00\x00\xca90\xda\
\x00\x00\x00\x09pHYs\x00\x00\x0b\x13\x00\x00\x0b\x13\
\x01\x00\x9a\x9c\x18\x00\x00\x064iTXtXML\
:com.adobe.xmp\x00\x00\
\x00\x00\x00<?xpacket beg\
in=\x22\xef\xbb\xbf\x22 id=\x22W5M\
0MpCehiHzreSzNTc\
zkc9d\x22?> <x:xmpm\
eta xmlns:x=\x22ado\
be:ns:meta/\x22 x:x\
mptk=\x22Adobe XMP \
Core 10.0-c000 2\
5.G.ef72e4e, 202\
5/06/27-18:54:05\
        \x22> <rdf:\
RDF xmlns:rdf=\x22h\
ttp://www.w3.org\
/1999/02/22-rdf-\
syntax-ns#\x22> <rd\
f:Description rd\
f:about=\x22\x22 xmlns\
:xmp=\x22http://ns.\
adobe.com/xap/1.\
0/\x22 xmlns:dc=\x22ht\
tp://purl.org/dc\
/elements/1.1/\x22 \
xmlns:photoshop=\
\x22http://ns.adobe\
.com/photoshop/1\
.0/\x22 xmlns:xmpMM\
=\x22http://ns.adob\
e.com/xap/1.0/mm\
/\x22 xmlns:stEvt=\x22\
http://ns.adobe.\
com/xap/1.0/sTyp\
e/ResourceEvent#\
\x22 xmp:CreatorToo\
l=\x22Adobe Photosh\
op 27.3 (Windows\
)\x22 xmp:CreateDat\
e=\x222026-02-27T21\
:38:54-06:00\x22 xm\
p:ModifyDate=\x2220\
26-02-27T23:44:5\
2-06:00\x22 xmp:Met\
adataDate=\x222026-\
02-27T23:44:52-0\
6:00\x22 dc:format=\
\x22image/png\x22 phot\
oshop:ColorMode=\
\x223\x22 xmpMM:Instan\
ceID=\x22xmp.iid:0f\
ba6589-28e1-2349\
-b3be-c8b3027408\
52\x22 xmpMM:Docume\
ntID=\x22adobe:doci\
d:photoshop:8fad\
dea8-1284-bd49-8\
fb7-d4bd9f8703da\
\x22 xmpMM:Original\
DocumentID=\x22xmp.\
did:be3a1032-8dd\
1-1a4c-9f78-2845\
9599a5a7\x22> <xmpM\
M:History> <rdf:\
Seq> <rdf:li stE\
vt:action=\x22creat\
ed\x22 stEvt:instan\
ceID=\x22xmp.iid:be\
3a1032-8dd1-1a4c\
-9f78-28459599a5\
a7\x22 stEvt:when=\x22\
2026-02-27T21:38\
:54-06:00\x22 stEvt\
:softwareAgent=\x22\
Adobe Photoshop \
27.3 (Windows)\x22/\
> <rdf:li stEvt:\
action=\x22converte\
d\x22 stEvt:paramet\
ers=\x22from applic\
ation/vnd.adobe.\
photoshop to ima\
ge/png\x22/> <rdf:l\
i stEvt:action=\x22\
saved\x22 stEvt:ins\
tanceID=\x22xmp.iid\
:0fba6589-28e1-2\
349-b3be-c8b3027\
40852\x22 stEvt:whe\
n=\x222026-02-27T23\
:44:52-06:00\x22 st\
Evt:softwareAgen\
t=\x22Adobe Photosh\
op 27.3 (Windows\
)\x22 stEvt:changed\
=\x22/\x22/> </rdf:Seq\
> </xmpMM:Histor\
y> </rdf:Descrip\
tion> </rdf:RDF>\
 </x:xmpmeta> <?\
xpacket end=\x22r\x22?\
>F\x7f\xdc\x9c\x00\x00\x01(IDATx\xda\xed\
\x9b\xbb\x11\x830\x0c@\xbd\x19l\xc0\x1c\xb0\x8d\xa7\xf1\
\x06\xe95\x81\x8bd\x0f\xa7Ja\x8e\xc4\xe0O\x00\xf9\
\x15\xaf\xe0\xce?\xc9\xefd5\x98\x10\x82\x01XC\x12\
\x001\x001\x001\x001\x001\x001\x001\x001\
\x001@\xb1\x18\xd6\xf9\x00\x10\x89a\x9d\x0f\xafa\xd0\
\xcdx\x8ds</\x9e\xa7\x8f\x1c}H\x01\x87\xe50\
T\x02\xbd\x94T'\xd3[\xa9\x84\x93\xc4\x00\x1d}\x09\
b\x0c4\xa5\xfa\xc5P\xd3o\x8c\xa7\xafO\xc5\x80\xdf\
b\xc8\xb2t\xc6\xdca\xcci\x221H\x08\xac\xe50\
$\x02\xb6@\x0c@\x0c@\x0c\xa8+F\xdbN\xfd1\
M\x9b\x94\x8eO\xad\x93\x1a\xffm\x9f\xbd\xeb\xe6\xc6\x91\
\x8a'\xf7<\xb7\xab\x18\x88\x81\x18Y\x89+\x1d\x7f\xf4\
\x82r\xf7;z\xee\xda\xf1#\x06b\xf4-F\xedD\
\x96~\xb7\x12\xf7\xc6b\xcc\x88\x81\x18z+F\xee\x13\
P\xab\xd9\xad\xb5\xfe\x19M'b F\xbfb\xb4\x9e\
\xbf\xf7\xc2yJ\x10C\x8f\x18\xd6\xf9\x13\xc4\x98\xa3F\
\xf7\xdf\x89\xac=_[\xf3i\x9d\x0fFD\x9a\xcb\x81\
\x18\xf7\x11\xc3:\x1fD\x84_\x14!FD\x8c\x88\x98\
7\xacp\xfc\x8e\xa5\x84\xe8}\x00\x00\x00\x00IEN\
D\xaeB`\x82\
\x00\x00\x07\xba\
\x89\
PNG\x0d\x0a\x1a\x0a\x00\x00\x00\x0dIHDR\x00\
\x00\x00+\x00\x00\x00z\x08\x06\x00\x00\x00&\x8f\xaa\x92\
\x00\x00\x00\x09pHYs\x00\x00\x0b\x13\x00\x00\x0b\x13\
\x01\x00\x9a\x9c\x18\x00\x00\x064iTXtXML\
:com.adobe.xmp\x00\x00\
\x00\x00\x00<?xpacket beg\
in=\x22\xef\xbb\xbf\x22 id=\x22W5M\
0MpCehiHzreSzNTc\
zkc9d\x22?> <x:xmpm\
eta xmlns:x=\x22ado\
be:ns:meta/\x22 x:x\
mptk=\x22Adobe XMP \
Core 10.0-c000 2\
5.G.ef72e4e, 202\
5/06/27-18:54:05\
        \x22> <rdf:\
RDF xmlns:rdf=\x22h\
ttp://www.w3.org\
/1999/02/22-rdf-\
syntax-ns#\x22> <rd\
f:Description rd\
f:about=\x22\x22 xmlns\
:xmp=\x22http://ns.\
adobe.com/xap/1.\
0/\x22 xmlns:dc=\x22ht\
tp://purl.org/dc\
/elements/1.1/\x22 \
xmlns:photoshop=\
\x22http://ns.adobe\
.com/photoshop/1\
.0/\x22 xmlns:xmpMM\
=\x22http://ns.adob\
e.com/xap/1.0/mm\
/\x22 xmlns:stEvt=\x22\
http://ns.adobe.\
com/xap/1.0/sTyp\
e/ResourceEvent#\
\x22 xmp:CreatorToo\
l=\x22Adobe Photosh\
op 27.3 (Windows\
)\x22 xmp:CreateDat\
e=\x222026-02-27T21\
:38:54-06:00\x22 xm\
p:ModifyDate=\x2220\
26-02-27T22:35:2\
7-06:00\x22 xmp:Met\
adataDate=\x222026-\
02-27T22:35:27-0\
6:00\x22 dc:format=\
\x22image/png\x22 phot\
oshop:ColorMode=\
\x223\x22 xmpMM:Instan\
ceID=\x22xmp.iid:d6\
b9483e-5d11-7d46\
-8dd0-3b440657a8\
8c\x22 xmpMM:Docume\
ntID=\x22adobe:doci\
d:photoshop:91ef\
9bca-8c89-d043-8\
4f1-e2a66d4b04b2\
\x22 xmpMM:Original\
DocumentID=\x22xmp.\
did:a38af827-48c\
a-c94e-a863-dc82\
848422dc\x22> <xmpM\
M:History> <rdf:\
Seq> <rdf:li stE\
vt:action=\x22creat\
ed\x22 stEvt:instan\
ceID=\x22xmp.iid:a3\
8af827-48ca-c94e\
-a863-dc82848422\
dc\x22 stEvt:when=\x22\
2026-02-27T21:38\
:54-06:00\x22 stEvt\
:softwareAgent=\x22\
Adobe Photoshop \
27.3 (Windows)\x22/\
> <rdf:li stEvt:\
action=\x22converte\
d\x22 stEvt:paramet\
ers=\x22from applic\
ation/vnd.adobe.\
photoshop to ima\
ge/png\x22/> <rdf:l\
i stEvt:action=\x22\
saved\x22 stEvt:ins\
tanceID=\x22xmp.iid\
:d6b9483e-5d11-7\
d46-8dd0-3b44065\
7a88c\x22 stEvt:whe\
n=\x222026-02-27T22\
:35:27-06:00\x22 st\
Evt:softwareAgen\
t=\x22Adobe Photosh\
op 27.3 (Windows\
)\x22 stEvt:changed\
=\x22/\x22/> </rdf:Seq\
> </xmpMM:Histor\
y> </rdf:Descrip\
tion> </rdf:RDF>\
 </x:xmpmeta> <?\
xpacket end=\x22r\x22?\
>\xed\xa5\xeb\x97\x00\x00\x01,IDATx\xda\xed\
\xdc\xcd\x11\x820\x10\x86\xe1\xad\xd0J,\xc0*tR\
\x84\x15xH9)%^\x04\xc1\x03\x18\xc2\xcf~\xe4\
=\xecAg\xd0g\x06\xc8\xee&\x99X\xce\xd9T\xc2\
\xc0\x82\x05\x0b\x16,Xml\x88){\x8d\x116\xc4\
\x94/\xb7\xa7\xdb\xe8\xc0\xee\xa1C\xb0)@\xbb\x00\x0b\
\x16\xec\x1e\xd8\xeb\xe3\xe56FX\xcf\xd0!\xd8\x96^\
lf\x93\xb1\x05\xf8\xdc\xd8-1`\xc1\x82U\xc4J\
\x0d]RIA\xe21\x90\xc4\xeey\xfb\xdb\xc0\xce\xa1\
\xa4\x0a\x19\xb0`\xc12\xce:\xc6R\x1b\xd4b\x7fo\
\xaf\xeb\x12Q\x0a\xcb3{xR\xb8\x7f\x02l\xe1\x0b\
V\x1a`\x99\x91a\xe8j}\xde\x805\x85\xb5^\xb0\
\xb9\xcf`\xc1\x82=+\xf6\xc84\xdc&\x96\xda`\xed\
t\xdb4v\xeaw\xdd\x15\xdf\x87b\xd7\xec\xe1\xc0\xd6\
\x5c\x07\x96\xfd\x06\xec7\xa06\xd8\xb1\x15\x97Z\xb4\xa3\
\xad\x01\x0b\x16\xac\xe0\xd0\xc5~\x03\xd2-\xd3\xf4,\xda\
\x81\x05\x0b\x96V\x9cV\x9c\xda\x80V\x9c\xb6\x06,X\
\xb0t\xb7\xb4\xe2Mc\xff\xddU\x0f\xb6\xfb\xcf\x10\xd3\
\xa26\xa6\xf4\xfb\xda\x081}\x0fi\xf2\x8c\xed\xcf>\
R:U\xea\x0dCu\x11e+\xe6\x89\xcf\x00\x00\x00\
\x00IEND\xaeB`\x82\
\x00\x00\x07G\
\x89\
PNG\x0d\x0a\x1a\x0a\x00\x00\x00\x0dIHDR\x00\
\x00\x00F\x00\x00\x00'\x08\x06\x00\x00\x00\xb2\x86>{\
\x00\x00\x00\x09pHYs\x00\x00\x0b\x13\x00\x00\x0b\x13\
\x01\x00\x9a\x9c\x18\x00\x00\x064iTXtXML\
:com.adobe.xmp\x00\x00\
\x00\x00\x00<?xpacket beg\
in=\x22\xef\xbb\xbf\x22 id=\x22W5M\
0MpCehiHzreSzNTc\
zkc9d\x22?> <x:xmpm\
eta xmlns:x=\x22ado\
be:ns:meta/\x22 x:x\
mptk=\x22Adobe XMP \
Core 10.0-c000 2\
5.G.ef72e4e, 202\
5/06/27-18:54:05\
        \x22> <rdf:\
RDF xmlns:rdf=\x22h\
ttp://www.w3.org\
/1999/02/22-rdf-\
syntax-ns#\x22> <rd\
f:Description rd\
f:about=\x22\x22 xmlns\
:xmp=\x22http://ns.\
adobe.com/xap/1.\
0/\x22 xmlns:dc=\x22ht\
tp://purl.org/dc\
/elements/1.1/\x22 \
xmlns:photoshop=\
\x22http://ns.adobe\
.com/photoshop/1\
.0/\x22 xmlns:xmpMM\
=\x22http://ns.adob\
e.com/xap/1.0/mm\
/\x22 xmlns:stEvt=\x22\
http://ns.adobe.\
com/xap/1.0/sTyp\
e/ResourceEvent#\
\x22 xmp:CreatorToo\
l=\x22Adobe Photosh\
op 27.3 (Windows\
)\x22 xmp:CreateDat\
e=\x222026-02-27T21\
:38:54-06:00\x22 xm\
p:ModifyDate=\x2220\
26-02-27T23:45:5\
7-06:00\x22 xmp:Met\
adataDate=\x222026-\
02-27T23:45:57-0\
6:00\x22 dc:format=\
\x22image/png\x22 phot\
oshop:ColorMode=\
\x223\x22 xmpMM:Instan\
ceID=\x22xmp.iid:4b\
67796f-c4a9-ba48\
-a1f9-6713f51b03\
f0\x22 xmpMM:Docume\
ntID=\x22adobe:doci\
d:photoshop:9709\
d4cb-2d48-bc41-8\
b17-9ee2b038e60c\
\x22 xmpMM:Original\
DocumentID=\x22xmp.\
did:bbbff57f-52a\
a-2243-b18b-56d8\
feb1c257\x22> <xmpM\
M:History> <rdf:\
Seq> <rdf:li stE\
vt:action=\x22creat\
ed\x22 stEvt:instan\
ceID=\x22xmp.iid:bb\
bff57f-52aa-2243\
-b18b-56d8feb1c2\
57\x22 stEvt:when=\x22\
2026-02-27T21:38\
:54-06:00\x22 stEvt\
:softwareAgent=\x22\
Adobe Photoshop \
27.3 (Windows)\x22/\
> <rdf:li stEvt:\
action=\x22converte\
d\x22 stEvt:paramet\
ers=\x22from applic\
ation/vnd.adobe.\
photoshop to ima\
ge/png\x22/> <rdf:l\
i stEvt:action=\x22\
saved\x22 stEvt:ins\
tanceID=\x22xmp.iid\
:4b67796f-c4a9-b\
a48-a1f9-6713f51\
b03f0\x22 stEvt:whe\
n=\x222026-02-27T23\
:45:57-06:00\x22 st\
Evt:softwareAgen\
t=\x22Adobe Photosh\
op 27.3 (Windows\
)\x22 stEvt:changed\
=\x22/\x22/> </rdf:Seq\
> </xmpMM:Histor\
y> </rdf:Descrip\
tion> </rdf:RDF>\
 </x:xmpmeta> <?\
xpacket end=\x22r\x22?\
>\x06l\xd3\xee\x00\x00\x00\xb9IDATh\xde\xed\
\xd9\xdd\x09\x80 \x18\x85a7k\x84\xe6\xc8m\x9a\xa6\
\x0d\xbaw\x82n\xda\xe3\xab\x04\x09\xd3\xe8\x9fJ\xdf\x8b\
sc\x8a\xf4\x10&\x1c%\x22\x8a\x84\x01\x01\x18`\x80\
\x01\x06\x18`\x80\x01\x06\x98\xcc`\xea\xa6\x13\xd2\x89\x07\
3\x0d\xf4EA\xc68\x1cPVp\x14\x10\xf1\x00\x03\
\x0c0\xc0\x00\xf3&\x8c\xd1\x9a\x8c\xf1`\x00\x09q\x14\
\x10\xf1\x00\x03\x0c0\xdf\x81i\xcb\xd2\xe6\xec<7\xbe\
\xcc\xdey[\xeb\x80I\x05fk\xdd\xd5\xe7\xcf\xc3T\
\xc0|\xea\x8b\xb9k_`r\xfd+\x01\x93<L\xe5\
\x1f\xdcG_$\xdd\xc3\xf7\xcf0SU\xc0=\xc6\x8f\
\xadO\x5c\xe1\x06\xcc\x8cb\x0b7c\x0c\x15m\xa4\xa2\
\x1d\x00\xefn\xcb\xdc\x9f\x7f\x16\xab\x00\x00\x00\x00IE\
ND\xaeB`\x82\
\x00\x00\x13j\
\x89\
PNG\x0d\x0a\x1a\x0a\x00\x00\x00\x0dIHDR\x00\
\x00\x00F\x00\x00\x00S\x08\x06\x00\x00\x00\x225q\xac\
\x00\x00\x00\x09pHYs\x00\x00\x0b\x13\x00\x00\x0b\x13\
\x01\x00\x9a\x9c\x18\x00\x00\x0a\xe6iTXtXML\
:com.adobe.xmp\x00\x00\
\x00\x00\x00<?xpacket beg\
in=\x22\xef\xbb\xbf\x22 id=\x22W5M\
0MpCehiHzreSzNTc\
zkc9d\x22?> <x:xmpm\
eta xmlns:x=\x22ado\
be:ns:meta/\x22 x:x\
mptk=\x22Adobe XMP \
Core 10.0-c000 2\
5.G.ef72e4e, 202\
5/06/27-18:54:05\
        \x22> <rdf:\
RDF xmlns:rdf=\x22h\
ttp://www.w3.org\
/1999/02/22-rdf-\
syntax-ns#\x22> <rd\
f:Description rd\
f:about=\x22\x22 xmlns\
:xmp=\x22http://ns.\
adobe.com/xap/1.\
0/\x22 xmlns:dc=\x22ht\
tp://purl.org/dc\
/elements/1.1/\x22 \
xmlns:photoshop=\
\x22http://ns.adobe\
.com/photoshop/1\
.0/\x22 xmlns:xmpMM\
=\x22http://ns.adob\
e.com/xap/1.0/mm\
/\x22 xmlns:stEvt=\x22\
http://ns.adobe.\
com/xap/1.0/sTyp\
e/ResourceEvent#\
\x22 xmlns:stRef=\x22h\
ttp://ns.adobe.c\
om/xap/1.0/sType\
/ResourceRef#\x22 x\
mlns:tiff=\x22http:\
//ns.adobe.com/t\
iff/1.0/\x22 xmlns:\
exif=\x22http://ns.\
adobe.com/exif/1\
.0/\x22 xmp:Creator\
Tool=\x22Adobe Phot\
oshop 27.3 (Wind\
ows)\x22 xmp:Create\
Date=\x222026-02-09\
T18:59:01-06:00\x22\
 xmp:ModifyDate=\
\x222026-02-27T13:2\
1:58-06:00\x22 xmp:\
MetadataDate=\x2220\
26-02-27T13:21:5\
8-06:00\x22 dc:form\
at=\x22image/png\x22 p\
hotoshop:ColorMo\
de=\x223\x22 xmpMM:Ins\
tanceID=\x22xmp.iid\
:6c467e2e-c1b1-d\
a42-9d0f-0367808\
f27bd\x22 xmpMM:Doc\
umentID=\x22adobe:d\
ocid:photoshop:1\
84c31fe-a039-504\
0-a0c8-5009690ff\
1a7\x22 xmpMM:Origi\
nalDocumentID=\x22x\
mp.did:5362cc97-\
a2ba-cc4e-b8e1-4\
97e5a8d90d8\x22 tif\
f:Orientation=\x221\
\x22 tiff:XResoluti\
on=\x22720000/10000\
\x22 tiff:YResoluti\
on=\x22720000/10000\
\x22 tiff:Resolutio\
nUnit=\x222\x22 exif:C\
olorSpace=\x221\x22 ex\
if:PixelXDimensi\
on=\x2270\x22 exif:Pix\
elYDimension=\x2210\
7\x22> <photoshop:T\
extLayers> <rdf:\
Bag> <rdf:li pho\
toshop:LayerName\
=\x22MET\x22 photoshop\
:LayerText=\x22MET\x22\
/> </rdf:Bag> </\
photoshop:TextLa\
yers> <xmpMM:His\
tory> <rdf:Seq> \
<rdf:li stEvt:ac\
tion=\x22created\x22 s\
tEvt:instanceID=\
\x22xmp.iid:5362cc9\
7-a2ba-cc4e-b8e1\
-497e5a8d90d8\x22 s\
tEvt:when=\x222026-\
02-09T18:59:01-0\
6:00\x22 stEvt:soft\
wareAgent=\x22Adobe\
 Photoshop 27.3 \
(Windows)\x22/> <rd\
f:li stEvt:actio\
n=\x22saved\x22 stEvt:\
instanceID=\x22xmp.\
iid:5e58fed0-21a\
c-364a-849d-8cb9\
16c3b51f\x22 stEvt:\
when=\x222026-02-10\
T18:04:33-06:00\x22\
 stEvt:softwareA\
gent=\x22Adobe Phot\
oshop 27.3 (Wind\
ows)\x22 stEvt:chan\
ged=\x22/\x22/> <rdf:l\
i stEvt:action=\x22\
saved\x22 stEvt:ins\
tanceID=\x22xmp.iid\
:785c7f3d-b954-c\
c44-b4f9-d4b06a7\
cf501\x22 stEvt:whe\
n=\x222026-02-27T13\
:21:58-06:00\x22 st\
Evt:softwareAgen\
t=\x22Adobe Photosh\
op 27.3 (Windows\
)\x22 stEvt:changed\
=\x22/\x22/> <rdf:li s\
tEvt:action=\x22con\
verted\x22 stEvt:pa\
rameters=\x22from a\
pplication/vnd.a\
dobe.photoshop t\
o image/png\x22/> <\
rdf:li stEvt:act\
ion=\x22derived\x22 st\
Evt:parameters=\x22\
converted from a\
pplication/vnd.a\
dobe.photoshop t\
o image/png\x22/> <\
rdf:li stEvt:act\
ion=\x22saved\x22 stEv\
t:instanceID=\x22xm\
p.iid:6c467e2e-c\
1b1-da42-9d0f-03\
67808f27bd\x22 stEv\
t:when=\x222026-02-\
27T13:21:58-06:0\
0\x22 stEvt:softwar\
eAgent=\x22Adobe Ph\
otoshop 27.3 (Wi\
ndows)\x22 stEvt:ch\
anged=\x22/\x22/> </rd\
f:Seq> </xmpMM:H\
istory> <xmpMM:D\
erivedFrom stRef\
:instanceID=\x22xmp\
.iid:785c7f3d-b9\
54-cc44-b4f9-d4b\
06a7cf501\x22 stRef\
:documentID=\x22xmp\
.did:5362cc97-a2\
ba-cc4e-b8e1-497\
e5a8d90d8\x22 stRef\
:originalDocumen\
tID=\x22xmp.did:536\
2cc97-a2ba-cc4e-\
b8e1-497e5a8d90d\
8\x22/> </rdf:Descr\
iption> </rdf:RD\
F> </x:xmpmeta> \
<?xpacket end=\x22r\
\x22?>\x8a\xea;\xd8\x00\x00\x08*IDATx\
\xda\xed\x9c;\x96\xdb6\x14\x86\xb5\x17\xb9\x8a#\xf7\xf1\
\x1a\xec4\xe2L\xe9\xf12\xd2O6\x90\x16\xaa\xd3Y\
)\x93e\xd8\x85X\xe5\x1cb\x13t\xad\x98\x94\x00\xde\
\xc7\x7f\x01\x90\x944\xb2C\x9f\x83c\x8d^\x04?\xfe\
\xf7\x81{A\xad\x8e\xc7\xe3\xaa\x1b\x7f\xfc\xe3\x8fq\xfc\
M\x1e\xdf\xf9\xf8\xfd\xaf\x7f/:\x02\x8f\x08\xe5\xd2\x07\
\x98:\x9e\xef`\x0e=\x98{\x82rO\xe3\xbb\x04\xb3\
\xfa&\xf40\xae\xa5\xd2\xd5wy5\xbf\x01y\xf3\xfe\
\xb1\x1f\x97\x04t\x17`\xe8U\x1f{r\x14\x0c\x05t\
30S'>\xe6\xe46\xef\xf8\x95/9\x0e\xfdl\
\xf8\xfc\xa5\xd5S\x04f\xd7T\xfd\xb8$\xa4\xf0=\x14\
\xce\xa6\x10P\xf7\xda\xe6\xdd\x83RM\xf7=\xa3\xe6\xb8\
\x9faJ=\x18_E8\x8e\x00\xba$\x1cd\x1a\xe8\
\x18\x0c(x?\xfd7g\x8e\xab\xd2\xc9\x9f\xa0l#\
\x9c\x0e\xd6%\x14d]}\xe47\x90_B@\x02\x94\
9\xf3[\x95N>\xaa\x86\xa8\x07\x99\xd8\x94\x89\x9c\xe0\
\x10\x93\x00f\x11F\xb88\xf4\xd89(W\x01\xc3\xfc\
\x8c\x1fT\xd3\x03\xf2\x5c=%\xa6P\x04\x86(\x88\x1e\
\x9b\x02\xe9\xe7\xe1_\x18\xcc\xf1\xeb\x81\xab\xc4W\xcc\xb4\
\xc2ci\xfb\xdd\x09\x968R\x09us\xfelP\x0d\
T\xaa\x1f\x8e\xf9r`\xda\x03\x9f\x9c\x07\xa3\xa9\x8a\x1d\
\xa9\x9c4\x8d*1Bu`\xde?\x9a>\x85\x1e\xb3\
\x04\xccXHE\xe1\xbaSLT\x8d\x17&\xd5`0\
(?\xa1~\x22\x0c\x14\xb2s\x91f\xf8\x9e2\xd5\x0c\
\x0a\x1b\xe6Y\x0efo\xab%\x8c\x08\x84\xfc/\x1d!\
\xf5\x11\xa6\x194i\x85\x95@\xa1\x90\xe5{%\x10i\
\xf6%pV%\xfe\xe5\xf8\xb5\xee\x874'z\xe5s\
`\x86P\xbfe'\xa3\x93\xb4\xe1\xb3%&bE\xc7\
\x01\x88p\xd8\xc2'\xce\x03\xd3\x9eM\x89\xc0\xb0\x14@\
\xfd\x84\x0c\xf3Te\xd4Q\xa3<\xa6\x18\x8c\x97\x01\x81\
\xfb=\x16E\x81+\xb0\xe0\x8cWL\x03\xf2\x19\x12!\
\xe8\x15g\x89\xa1\xb7\xcdhp\xb8\xe71\x01\x0cK>\
\x01\x908\x07\x92f\xd0\x90_\x0c\xe6\x04\xa5&\x8a\xa9\
u\x1e\xd1p\xb9J\xcf\x1f\x132\x8fm\x9c\x86g\xe4\
\xb4K\xc1\xd0c\xc8\xe3\xb8F\x98\xbc\xd7n`<\x98\
\xf60\xc09G%\xa7\x0eZ1\x9fa\xa5\xf0\xbb\xa6\
\x82\xd1\xe8\xcd\x08SBp\xa49;\x90N0\xc5\x82\
|h\x82b\x0e\x02\xcaV\xcb\xb2\xc0\x91\xe95\x97\x1d\
\x95\xe8\xfbrp\xb8\x02\xb4\x199\x0a\x0a8_\xea\xef\
4\x98}\xc6\x8c\xce>f\x90_\xa5\x22\xcd\xd8\x22\x93\
L\xd0\x90\x0a\xe8w\x9b\xbe\xc5s\xd3\xa6\xa6\x14\xe6\xca\
.&\xf0\x8f\xa3L\x09\x81\xd1*IK\x11\x16\xba\xf6\
\xfc53\xc2y\xea\x1bt\xa8G\x11\x87\x9asJ\x19\
\xc87\x15\x81\x91&t\x82\xa2'lA\xb1R}\xab\
\xb6\x82r\x0d\x09\x22\xce\xe5\x9c6\x84\xacWf\xdd_\
>>\xf6\x83%w\x02\xca\xe7\xa7\x07\xa8\xdaB0\xb5\
\xe9_\xe4c\x1a\x81\xe0\x82\x90\x84o\xb3\xa4\xd1\xe8\x95\
s\xf0\x0dr.\x01\x8c,\x9a\x05(\x01\x0c\x85C\xa1\
|!`Rk\xa7\x15^\x1b\xd5\x83o\x81vY\xa9\
\x83\xaa\xc5`a\xb1\xda2\xa9 s\x09%\x80\xa1@\
\xfa\x13\xfe\xf8p\x06\xf3\xc0\xe0HpA1\xf4{\x8a\
\xc0\x84d.HWI\x5c\x86=P\x8bI-\x08M\
\xc5\x00g*\xfd\x1c\x82s\x82\xf2\xc8FPF\x00D\
\xe1I0EK\x02\xee_\xea\xb8pd\x11I\x94\x1a\
\xc2cYl\x92\xa06D5V\x14\x92\x8eU\xab\xa5\
f\x80\x98\x09=q\xa5\x0c\xcf=D0\x9f\xc9{&\
\x80\xa9\xd9\x15\x92\xeb\x1cg\x95\x1e\x88\xbd\xa7V\xcbh\
\xe1\xa7R\x803\x1c\x06\xa5\xd5\x90rf2(e\x80\
G\xd7\x7f\xe3\xc1\xb4:\x7f\xb1\x16frM\x92\xcb;\
d\xb6\xcc\x9c\xadP$\xf2/\xcc\xac\xda\x03\x83C}\
$5\xb5`Ft\xed\x97\xad,\xa6B\xb5\x03\xf9\x05\
Z@\xd2\x22\x90U\xe5s )\xa49\x91\x5c\xcb(\
\xc5$ \xc9\x82\x1a\x85&\x95\x14\xccqT=F\x86\
j\xb9z\x96\x83\xd7Y\x80\xffi\xf0Z\x85e\xae`\
\xf5\xeb\xa0\xf3EN\x98\xab[\x9b\x5c\xcd[,\xe2\xf9\
\x91`\x0e\xe9R\xa6\xd7\x19)\xbc\xf2\xe0\xb1\xf41*\
\xeb\x15\x0b<\x1d\x95\x08\x886\x01+\xa3\xb2q\xa5M\
\xab\xc6k%w\xea\x8aK\xc7\xccSn\xb6\xe8kp\
1]\xa6\xf0V4\xc2\x8a\xc9\x9b\x5c)\x94|\xe6\xdb\
\x1e\x12\x85)\xedgd\xd8\x95\x0e\x16\x9a\x1a\xc8zi\
\x12\x99WC\x9dPV\xcd^\x1f\xb5\xd8E\x9bh\xac\
\xce\x80uB,s\x15\xf5]\xdd\xfb\xc6\x85+\xe4\xd0\
\xd3\x0e\xb86\x94T\x9bY\xf2\xec\xbe\x12\x02\xa3\xd2v\
od\xc4\xe2$\xb3~\xa5\xd1\xb5XY\x1d4\xfdF\
\x9b\xf6#\x17o\xb8Q0R\x0d\xa8<\x80\xaahN\
\xd4;\xac\x154\xea\x1c\xc0\xa6}\xc6\xb7\xc8\xf7\xaf?\
}\xe8\xc7\x18@\xcfc+x\xda\x8f\x80\xa2s\xa3\xdb\
\x15T5\xb00-\x16\xa2\xdd\x89\xbc\xda?\x9d\xfe\xff\
\x14\xfe\xc7'(G\xf7\xb9~\x90\xcft\x7f\xd3\x8br\
\x91N\xa4\x04\xe3\x12\xbed\x97\xe8\xdd8\x01\xc7:\xb1\
p\x85)\x1c\x0aF\xfe\xfd\x8a=w\x06\xd2\x83\xe1p\
P\xcdgt\xb8\xb6\xe08\x185D.#\x8a\xe3\xc3\
\xd0K\x05\xd9\xcd\x8cj\xf9\xf4\xc4 \x04\x00\x83\x8a\xf8\
\xe3u\x84\xf1!*F~\x0f\xaa\xf7\xa4\xaa\x8e#{\
\xd750\xa5-\xec\xf6\xc1\x08S\xf0\x9cR\x8d\xa1\x98\
5\x00\xb2N\xbcWF\xc5]\xa1Y\x95o\x03\xb12\
\xdeDNb\x86rc\x9f\x8d\xf43\xf4\xf1\xeb\xcd\xdb\
h&\xc8\xec\xba\xd7\xbb\xc1\x94v\x06\xe3\x1a;\xc7\xba\
\xd8\xfe\x18\xb9\xa6\xc9\xed\x99\x81a\xda\xdb\xc9ap\xa4\
kb\x1e\xdd\x09\xff\xf4\xf3[\xa5\x8e\x00\xa9{-\x80\
\xe9\xdfg\x98\x91\xd5?\x9f\xb5\xa3J\xf6\x84us\xbf\
2s\x19SY\xe0\xb3a\xc2\x01@8\xd9p\xf2\x14\
\xce\x1a\x80\xa1\xcaQ\xbb-\xbc\x8e\xa6\x93\xc1\xa8\x82u\
&\x97\xe1f\xa3MIu\x08\x8dd\xaf;&U\x01\
=i\x0a\x87B\xa3\xefC}s\xd4\xd7\x9e\x0f\xc6\xdb\
\x8e\x13*\xc6H\xfcv\x19G-'M\x01EPg\
E\xd0\xbfO`~Q`d\x86.\xd7bf-z\
\x14\x18\xaf\x9b\xe5|\xfd\xa3\xcd\xcde\x96\x02\xce\x84=\
\x0c\x04\xc7R\x13\x03\xe3\xf1\xb2C\xaa|\x12\x18\xd4\x12\
\x95\xbdaZr\xc0I_\x05\xdb\xa7\x08 2Gj\
Z\xbd\xe9$ \x05Pt+\x1a*\xcf\xcar\xec$\
0h\x7f\x8b\xb5{\xc0*V1U\x81\x84P.\x17\
\x9c\xb1uU\x02\xe8\xccG\xfa\x19ss\x91T\xe8\x5c\
\xc5\xc0\xa2R\xaa\xe0d\xad\xc6\xbda^>\x05\x9a\xef\
}\xb1\xfc\xcek\xe2gP\xdb8\xe5\xff\xa6\x83i\xd2\
\x93F\xce\xd35\x95\x9d\x19\xb3\x08\x91\x8fT\xb2\xc8\x15\
V\xd3\xd2\xcf\x04\xb5\xd8)\xc7\x16\xfa\xaf\xd1`\xcc\x9d\
\x8f\xa8\x16\xe3q\xa2g\xd6\x81\xbd\xde\xd5`\x17\xc28\
|Yj\x90N7\xb7\xf3\xc2\x15\xdc,\xb2\xca\xfb\x17\
\x9c\x84\xa1\x96\x89\xf4\x15\xa8\x1fM\x97\x15p\x8b\x07P\
\x14\xff\xcc6v\x10Pgs\xec\x0dd\x93\xca\x0ef\
\xcf'\xb1\x09zh\xc6\xd7\x05\xb5\xd9\x03\xde\xc6\xe6\x0d\
\xc5\xf8\xb2\xac\xf5\xaa7r\xe1\x1d\x91F\xb7\xc0l\xc4\
\x93\x12dk\x94\x22\xad\xae\xa7\xecI\x81\xba\xf3\xcd\xc1\
\xc8\x96\xaa\x967^\x10\xda\xcd\xb1\x1a?\xd7r%9\
\xab\x9el\x94D\xaf\x0e\xe69\x17\x89<ZEsh\
\xd9\x1eP\x8b\xbb\x83\xe6\x0eL`\xaa\xd2\xa4o\xaa\x18\
\xd4\xeep\xaa\xdc\xa0\x9b\xf0\xb9\x9al\xe9\xbd\x8eV\x17\
\x13\xe5J\xb7\x07\x03\xb6\x82\xa2\xe2\xd2.\xb1\xc7w\xf2\
\x8d\xe0F)\x12\xf5\xa6n\x0e\x06\xd9\xf6\x98\xcd\xc3s\
o \x95\x91\xc8\x19\x1b\x17g\x1d{?\xc7\x94R[\
<\xae\xe8\xfcd\x1f\x0a\xa5\x0d\xb3\xc1L5%\xab^\
\xebn`\xdf\xf4\x02\xb9\xa62o \xbb9\x185\xa9\
\xa6*\xbe\xcf\xe7:f\xa5\xcd\xfa\xea\x17\xa6\xe4\x0e\xfd\
\xdd\x84N\xde\xac\xb1\x07\xf5f\xa1\xda\x17\x01\x93\xba\xf9\
\xfb\x1e~\x1c\xe3\x16sY~X\xc7\x02\xf3\xebo\x7f\
\x1e\x178|tLz0\x01\xce\x8f2\xe6\xe44\x81\
G\x04\xb3\x0c>\x160\x0b\x98\x05\xcc\x02f\x01\xb3\x80\
Y\xc0,`\x160?\x1a\x98.\x85^@\xf0\xd11\
\x89\xbf\xe7\xbb\x00\x19\xa0\xc4\x1f:V\xbf\x00\xfd?\x1e\
\xe1\x17\xa0\xff\x03\x07\x1f\x18VM\xa8\x0e!\x00\x00\x00\
\x00IEND\xaeB`\x82\
\x00\x00\x15e\
\x89\
PNG\x0d\x0a\x1a\x0a\x00\x00\x00\x0dIHDR\x00\
\x00\x00F\x00\x00\x00S\x08\x06\x00\x00\x00\x225q\xac\
\x00\x00\x00\x09pHYs\x00\x00\x0b\x13\x00\x00\x0b\x13\
\x01\x00\x9a\x9c\x18\x00\x00\x0a\xe6iTXtXML\
:com.adobe.xmp\x00\x00\
\x00\x00\x00<?xpacket beg\
in=\x22\xef\xbb\xbf\x22 id=\x22W5M\
0MpCehiHzreSzNTc\
zkc9d\x22?> <x:xmpm\
eta xmlns:x=\x22ado\
be:ns:meta/\x22 x:x\
mptk=\x22Adobe XMP \
Core 10.0-c000 2\
5.G.ef72e4e, 202\
5/06/27-18:54:05\
        \x22> <rdf:\
RDF xmlns:rdf=\x22h\
ttp://www.w3.org\
/1999/02/22-rdf-\
syntax-ns#\x22> <rd\
f:Description rd\
f:about=\x22\x22 xmlns\
:xmp=\x22http://ns.\
adobe.com/xap/1.\
0/\x22 xmlns:dc=\x22ht\
tp://purl.org/dc\
/elements/1.1/\x22 \
xmlns:photoshop=\
\x22http://ns.adobe\
.com/photoshop/1\
.0/\x22 xmlns:xmpMM\
=\x22http://ns.adob\
e.com/xap/1.0/mm\
/\x22 xmlns:stEvt=\x22\
http://ns.adobe.\
com/xap/1.0/sTyp\
e/ResourceEvent#\
\x22 xmlns:stRef=\x22h\
ttp://ns.adobe.c\
om/xap/1.0/sType\
/ResourceRef#\x22 x\
mlns:tiff=\x22http:\
//ns.adobe.com/t\
iff/1.0/\x22 xmlns:\
exif=\x22http://ns.\
adobe.com/exif/1\
.0/\x22 xmp:Creator\
Tool=\x22Adobe Phot\
oshop 27.3 (Wind\
ows)\x22 xmp:Create\
Date=\x222026-02-09\
T18:59:01-06:00\x22\
 xmp:ModifyDate=\
\x222026-02-27T14:3\
9:33-06:00\x22 xmp:\
MetadataDate=\x2220\
26-02-27T14:39:3\
3-06:00\x22 dc:form\
at=\x22image/png\x22 p\
hotoshop:ColorMo\
de=\x223\x22 xmpMM:Ins\
tanceID=\x22xmp.iid\
:d90595e9-7c53-2\
242-8ad1-de1a8ec\
6d532\x22 xmpMM:Doc\
umentID=\x22adobe:d\
ocid:photoshop:9\
70b90ad-680a-6d4\
1-9f71-f2537664e\
77c\x22 xmpMM:Origi\
nalDocumentID=\x22x\
mp.did:5362cc97-\
a2ba-cc4e-b8e1-4\
97e5a8d90d8\x22 tif\
f:Orientation=\x221\
\x22 tiff:XResoluti\
on=\x22720000/10000\
\x22 tiff:YResoluti\
on=\x22720000/10000\
\x22 tiff:Resolutio\
nUnit=\x222\x22 exif:C\
olorSpace=\x221\x22 ex\
if:PixelXDimensi\
on=\x2270\x22 exif:Pix\
elYDimension=\x2210\
7\x22> <photoshop:T\
extLayers> <rdf:\
Bag> <rdf:li pho\
toshop:LayerName\
=\x22MET\x22 photoshop\
:LayerText=\x22MET\x22\
/> </rdf:Bag> </\
photoshop:TextLa\
yers> <xmpMM:His\
tory> <rdf:Seq> \
<rdf:li stEvt:ac\
tion=\x22created\x22 s\
tEvt:instanceID=\
\x22xmp.iid:5362cc9\
7-a2ba-cc4e-b8e1\
-497e5a8d90d8\x22 s\
tEvt:when=\x222026-\
02-09T18:59:01-0\
6:00\x22 stEvt:soft\
wareAgent=\x22Adobe\
 Photoshop 27.3 \
(Windows)\x22/> <rd\
f:li stEvt:actio\
n=\x22saved\x22 stEvt:\
instanceID=\x22xmp.\
iid:5e58fed0-21a\
c-364a-849d-8cb9\
16c3b51f\x22 stEvt:\
when=\x222026-02-10\
T18:04:33-06:00\x22\
 stEvt:softwareA\
gent=\x22Adobe Phot\
oshop 27.3 (Wind\
ows)\x22 stEvt:chan\
ged=\x22/\x22/> <rdf:l\
i stEvt:action=\x22\
saved\x22 stEvt:ins\
tanceID=\x22xmp.iid\
:e9ce996a-5e68-e\
a4a-9b5b-c9bc9e5\
ee08f\x22 stEvt:whe\
n=\x222026-02-27T14\
:39:33-06:00\x22 st\
Evt:softwareAgen\
t=\x22Adobe Photosh\
op 27.3 (Windows\
)\x22 stEvt:changed\
=\x22/\x22/> <rdf:li s\
tEvt:action=\x22con\
verted\x22 stEvt:pa\
rameters=\x22from a\
pplication/vnd.a\
dobe.photoshop t\
o image/png\x22/> <\
rdf:li stEvt:act\
ion=\x22derived\x22 st\
Evt:parameters=\x22\
converted from a\
pplication/vnd.a\
dobe.photoshop t\
o image/png\x22/> <\
rdf:li stEvt:act\
ion=\x22saved\x22 stEv\
t:instanceID=\x22xm\
p.iid:d90595e9-7\
c53-2242-8ad1-de\
1a8ec6d532\x22 stEv\
t:when=\x222026-02-\
27T14:39:33-06:0\
0\x22 stEvt:softwar\
eAgent=\x22Adobe Ph\
otoshop 27.3 (Wi\
ndows)\x22 stEvt:ch\
anged=\x22/\x22/> </rd\
f:Seq> </xmpMM:H\
istory> <xmpMM:D\
erivedFrom stRef\
:instanceID=\x22xmp\
.iid:e9ce996a-5e\
68-ea4a-9b5b-c9b\
c9e5ee08f\x22 stRef\
:documentID=\x22xmp\
.did:5362cc97-a2\
ba-cc4e-b8e1-497\
e5a8d90d8\x22 stRef\
:originalDocumen\
tID=\x22xmp.did:536\
2cc97-a2ba-cc4e-\
b8e1-497e5a8d90d\
8\x22/> </rdf:Descr\
iption> </rdf:RD\
F> </x:xmpmeta> \
<?xpacket end=\x22r\
\x22?>>\xffZ\xf9\x00\x00\x0a%IDATx\
\xda\xed\x9c\xcfs\x14E\x14\xc7\xf3\x17\xa0\xf1\xc7E\xad\
$g-\x12\x82\xa5R`6\xd13p%\xc9\xea\x01\
E\x8fp\xd1*\x8fPx%\x02\xfe\x09\xd9p\xc3\x13\
j\x017\xbc\x80\x7f\x00V%\x07\x8d\xbd\x5ce\xc9R\
K\x15\x1e\xc6y\xdd\xf3\xa6_w\xbf\xd7\xdd\xb3\xbb\xb1\
R\xb0S\xd55\xbb3;\xb3\xd3\x9f\xf9\xbe\x1f\xfd\xa6\
w\xa7\x8a\xa2\x98\x82v\xed\xd7?\x8b\xba\xfdB^\x1f\
\xf0\xf6\xfdO;cm\xc8\xa3\x862\xee/\x18\xb6]\
>\x00\xd7\xa0\xc1\x1c$(\x07\xa9M\xc0H`\xb8\x8d\
7\xfe}V\xb5A\xb1\xf5|\xa0\xd7\xf8\xde\xee\xa3\xfb\
\x9f\xf1-\xb6\x8f\x9c\x0b\xce\xa1\xcf\xe3|\x97t\xcc\x80\
9\xff\x80=/\x9e[:\x07\xee\xcb\x02\xe3\x9f\x10\xd6\
\xab'\xde\x8e\x5cl\xd8I\xb6\xd3\xec6z\xe1.\xe4\
\xad\xe7\x83\xcc\x8e\x8e\xa7%\xc1\xf8_\xbc\xbe<[\xdc\
\xb9\xfe\x95^\xc3E\xc2z}\xe9\x9d\xea\xbd\x04&\x04\
\xe4t\x8a\xbd\x8b\xe1\xfb\x10^\xec\x98\x5ch\xbc*\x93\
`\xd6\x97\xe7L\xe7\xab\xd6.[\xff\xf1\xdf\xc5\xdd\x1f\
\xbf\xd6\xafa\xdd\x7f\xbc[\x83\xa2w\xbfi\xe3\x15\x92\
\xdb$\xb3\x8b\x01\x93\xd5\x97\x04\x83\x1d\x87\xf5z\xcb\x80\
8:\xff\xb1\x81Q*e\xefI\xd7\xec+\x01\xc6.\
\xba}\xb4\x04\xbb8S\xaeSmvH8\x03\xd9W\
\xed\x87)\xadU0\x00\x80VKOi0O\xcb\xf7\
\x00\x06\xd4\xd3\xae\xd4\xc4\x99\x0bv\xf8\xe9\x13\xa5\x8f\x81\
\xe3\xa1\xc1k|o^\xdb\xed\x00\x07\x8e1 g\x09\
\xb0\xb0\xa3\x92Y\xc9\x9f\x93\xcc\xdc\xfdl\xda\xf9\x96\x1f\
B8\xc6\x8cv5\xa4'e'p\x1b\x9a\x91\x0f\x03\
:\x86\x9d\xae\xd7\x04\x04\xc2\x11\x9b\xfe\xac\xaaa\xc2\xf9\
\xa8\xea\xb8\x88\xc2\xf9\xa4\xa4y1>.+*A\xc7\
!\x12\xa1r\xf0\xc2A9w\xaf\x1b\x13\x0b\x15B;\
\xa9,\x88\x9er@\xf5YP\x8a=\x9e*\xcd(k\
\x86(k\x86\x98+Q\x99\xa0\xe2X\x1a\x90\xa7\x98\xf2\
\x83\xd6\x9cT\xb1x\xf8D\xedw\xf6\x10\x8e\xf61\xb3\
\x02\x90.Q\x89\xa7\x1eV)*PM\xbf\xd7\xe4\x18\
EL\xd4\xaa\x8c\x02\xd3n`qF\x8c|\xd9\xa6\xb4\
^\x99\x10BhW\xd1\xc9\x00\xaa\x22Tk\xc6U\x06\
\xb98\xd7\x84\xba\xccg\xba\x11\xd5(\xad\xd6\xb8\xd9q\
7@\xba\x09\xaaV[\xcc\xe4\xb2M\x09:\x8fP\xf6\
\xfe\xd9\xd5\xeaiW&\x86\xa6\x16\xbd\xf3\x91\x8b\xed\xf7\
\xa8\xa9\xb8f\x03j\xbds\xed\x9c\xfe\x8e\xf0x\x95T\
`\x9f\x83Un3`d'.\x83\xb9\xe9\x9aR\x9b\
\xe42\xe8k\xd0\x84\xba\x0f6\x8b\xee\xef[N\x87\xdc\
\xb5\x1c\x91\xfc\xcf\xd3N\xebd\xb2\x84\x02\xdb|8\xfd\
\x9e\x8a(\x8f\xf1m\x0c,L\x0d8\xc7\x9dT\x0c.\
4\xf3\x850\x8d\xeai\x1dz\xd5\x80\xd1p:\x0dd\
.\x9b\x8e\x8e@\x15\x14\xec\x84\x03&\x80\x1e*N:\
7\xfd~\xce\xcf\x00$X\xb2\xc1\xe0\xf2\xe9\xebo\x16\
g?8\xa6\xa1|{\xea\xb4~\x1f\x82!\x17\xdeS\
BdQ\xc1]\xad\x1d&Q\x0a\xed\x9c\x813\x17@\
\xe6\xd4\x16O\x07\xcc~\xdf\x9c\xe82\x14\x98/><\
\xa6\xa1\xf8`\xd4\x83N\xd4\xa1\xba\xbe$\xdc\x87\xdbC\
0\x8cj\x18\xd3\xccr\xd0\xe4;?/\xc1H\xcbh\
`N\x22\x98\x0eQ\x0c\x97\xb3(\xd1\x0f\xd4\xf6^E\
\xbav\xa9\x08p\xe4\xa1b\xba5\x1ct\xf8\xb4\x89\xd1\
\x90Q\x0f~\xe7\xbe\x81\xf9\xe6\xe4)\xd7\x94\x889\xf9\
\xaa\xe93\xf2G\x18\xebU\xe4\x81\xd6\xae\xd4\xb2G\xee\
\xee\x91\xf9\xa5\xc0\xd7\xe0\xe7o\xffp\xb6\xde\xd6\x0e\x22\
WW\xc8\xb4\x8d\x89\x8f\x15\xcc'\xaf\xbd!\x9a\x92V\
N\xa5\x9a~O\xb1~\x84B\xc1\xce\x19u<\xaa\x95\
C\xdf\xc3qGK0\xd4\x9cp\xccF\xbf\x83\x82\xe5\
\x14\xca\x99\xf7g\x8b.\x98\x0b\xbb;\xc5\x85\xbf\xb6u\
\x0b\xc1\xdc\x1cF1\x1dbN[\x89\xe4J\x91\xce\xe3\
]\xedV \x1e\xd5\xea\xc1\xce\xbc\xbf\xb0T\xcc\xbf{\
\xdcu\xc0\xadYV\x85v_\x97M\x1d\x02_V*\
\xe6<\x80\x00 U\xcb\x1e\x12p\xcb\xf2+\xd3\x9eb\
:\xd6\x01\xdf7\xe6\xe4G$\xff\x22\xa92\xfa\x04\x8c\
\xaf\x18\x00\xb3\xf0\xde\xf1Z\xfeV\x15n\x87C%\xc5\
\xd2\x02{]k\xa5j\x86\xca|Y0\x87\xa6\x05S\
\xda\xf4\x9cp<oq\xe1\xa8\x1a\x10\xe4I\x06\x0c1\
\x17\xe2cV[.\x80;W\xbf\xd4\xdbr\x86\x19\xdc\
@\x94\x1bq\x8f\xac\x18\xf09<\x98\xbc\x01#\x9a\x0e\
\x8c\xb9\xb0\xf8\xc5\xe50\xd80*9Q\xaa5\x9b\xc8\
~\xa5,XyI\xde`40\x90\xed\x22\x98<\xd5\
\xa8h\xce\x81\x03\xd26\x9b\xd8uY_\xb2Z\x01]\
u\xfc\x8d\x8aFA\xee\xfb5\x18\xa6\xa4\x1a\x05\x03\xcf\
\x98$0\xe0x\xd1\x01/\x97\xaa\x01\xdf\xa2\xfd\x8b\x97\
\xec\xa5\xc7.\xe6=\xe6.\xa0\x1a\xbf\xb2\xc7\xad\x0d\x94\
\xb9\xe2\xcc\xd2l\xb2t!)\xc9\x8e\x99f\x9a\xf9\x18\
\x09\x8c\x1f\xb2WD\xc5t\x93\xa9y\x1d!j\x132\
\xef\x17t\xf9\xd4B\x08\xef\xba*n\x97\xbe\x05\xf6\xad\
\xb5\xb8\x10\x9d14\xe8\xf1C\x83\xa1\xc1\xacT!\x1b\
U\xa3\xc1\xdc\xf7\xc0\xdc'\xaaI\x0c \xb5Y\x5c=\
Wo\x9f?\xecB\xb1\x99\xb0\xe9\x08$|G\xbc\xdc\
f\x8d8d\xae\x8e\xcc\x17\xb2*S\xae\xfcL\xf6S\
\x02\x00\xe3V\xda\xcd\x9a\x05CBvl\xb4\xcd\xda9\
Q\x0b(e\xa1*\xb6\x07`H\x87-\x9c\xae\x1d\x5c\
\x8a%\x06\xc5\xd6\x9e\xfd\xf2C#\x1f\xe3\x17s\xa0-\
W\xa6\x84`\x96\xb9\xc8\xe4\x99S\x0d\xc4K\xb6\xc0G\
X\x87[\x829\xbc\xc4\x0c\x1aU]\xb0\xa2\x9d\xf6\xe1\
h\x93\xea\xa9\xc0T\xd25\x9b\xb0\x04\x91\x04\x03\xd9\xa0\
\x9f\x1d\xb6\xa6_/K\x0f\x1f9\xce\xd7\x19\x168p\
\xb6\xa2\xa3^\xae\xc3u\x86\xab\xf3\x19\xdb\x19:\xea\xf6\
s\x15\x7f\xe4\xfdTL\xf4\xfc\xbaM7P\xcd\x8dT\
\xe6\x8b`j8\x15 \x00\x81`B\xc5p`\xdcD\
\x8d\x96\x1flg\x953v2\xcf\xacv\xc3\xbc\xc3\x1b\
c\xb9\x15\xbe9\xc6\xf1\x0a\xa6\xe45p\xc0\xf49S\
\x1a\x8c\xa7\x16_1QS\x22\x03K\xee.Q\x15\xe0\
\x1d\xc7\xfa\xf1m6t[\x00g\x8e\x9b\xd2\xc3Z\xcb\
=>U\xe2\x0c\xf2\x19\xc7\xcf4p\xbe\xe7\x190Z\
5$\xfb\x95Bv\x9d\xd78N\xd85\x01\xec\xa0c\
\x06\x150()\xf8>\xc2\x86gWE\x084p\xb6\
\xcc\x08[L4I\xd8\xce0\xa5\xed\xaa\xed8\xd1\x09\
\xc0\x80\x7fq#S\x5c5\xe9\xea\x9a\x9b\xdf\xa0\x1a\x9c\
Z\x8c\xe7wb\xc5/)\x99\x14\x07\xb6M\xc0H\xcf\
]V\xbc\x12g\xdc\x9c\xec\xa8\x9bO\xcf\x95\xf8\xf4\x11\
\xcc\x06C5\xff\x18\x85\xab\xdau3j\xbe\x5c!\xcb\
&{\x8d\xc2u\x9d\xcb\x94\xa0`X\x10\xcbe\xec\xf0\
\xa0#\xe45*H\xb8\xa4a\x00\xe69\xbe\xb9I\x09\
[X[N\x99\x92\x0a\x1e\xc4\xf9\x13#\xf3\xc0\x94k\
0%Z\xb0\x8a\x99\x12\x1dC\x89&\xd5\x0bK\x0c\xf4\
\x82\xfd\xban\xfa\xd1L\x0c\x86bk3#)\x06\xcd\
\xca7%\x1e\x8c\xaf\xa0NP\x13\xe6\x1f\x9c\xe5\xf8\x88\
n\xe6s*nt/\xd5h\xacj\xb2\xc1\xf8s_\
\xe2`,\x10:!\xa8~]?`\x9fu\xf6\xc73\
T\xbf\x831\x05\xc4\xeb\xcd\xb2\x7f\xaa\x22\xe2\xfc[\xc3\
\xf8\x984\x18\x0a\x225\xc1\xc7\x9d\x9eaa\xa5\xcb\x93\
4\x1c+q\xd4.)-41\xe5\x5cs\xe3\xb1\x92\
?\x90\xf4}\x0cv.\x7f\xf6\x137\x8f\xce\x9d\x9a6\
j\x87c\xcf\xb6\xe8\x9c\x9a\xecg\xd7n\xb8\x0e'\xe0\
\xd0J\x1e\x80\x81&M\xe3\xdaJ\xce\xcc\x94\xe1Q\x93\
\xd3\xb3\xb4\x92sf\x94X\x90\xf2M\x9b\x9d\x8b\x9c3\
$\x88\xdda\x0c\xd9\x14\x0e7\xc7-g&e\x93Y\
\x9d~\x07\xd7\x1d\x9f\x15\xfa.W\x11\xfcy\xe9\xb5\x9e\
g\x9f+e\x81\xa9B\xf6\xa1\xe9 \x97IMj\x96\
;<`\xd5\x19\x9f\xdb\xdbl^ol\xbf\x19\xea\x98\
,\xbf1\x18\xff\x22!\x97\xa1\x83I\x0bf0DG\
\xd2Jk\xba=v-\x16\xc4\x0e;P\xce\x00#_\
0\xcd~\xd1\x01\xe7\x5ch\xeeo\x0d\xfc\x09\xd1\xdcT\
{\xd7\xf7\x0d\xa2\xbfY\xa8A8m\xdby\x0a\xd9h\
\xac$\xcd\x97\xa5\xd9/gJ\xb4\xc3\x5c\x84\x0a\xcb\xa6\
\xcd\x80\xa6\x1c<\xbcG5\x98*\xc1\xb6\xa3\x8e\xa1'\
@c\xcdW\xba0.d\xe7O\x9b\x1fd\xff\x06 \
\xf7\xb7\x03\x9c2j \xd5\xb6\xb1\xcc\x0c\x97|\x8c\x0f\
\x06\xe1\xe4\x99\x92{\xae\xdc%\xee8\x8d\x12\xa4\xdaQ\
\xfa\xd71\xcf\x9a\xcd\xc1\xf3\xcb\x0e\x9cdi\xc8\xa6\xa6\
\xe4\x9b\x067\x9d~\xd4\x85*CZr\x7f`\xe1_\
wC\x1f3\x08&\x0b\xc7\xfc\x8c\xd4\xfe\xef%5=\
\x9es\xf4I0S\xe5\xefGc\x8d\x0b\xd9p\xe2\xd4\
qS\xfaw\xa9\xe1\x92s\x9ctl\x0e \xce$\x1b\
\xcf\xa8\x020\x7f\xfc|\xa5xx\xcb4xm\xda\x86\
^S0~\x92\x07\xfb\xec\xe7\xc3\x16\x03\xf3[\xe7b\
\xd9.yk|}i$0\xb9K\x16\x18\x04\x81\x0d\
!i0\xccsl\x90\xe7\xf8\xc0\x98vo\xd3n\x1b\
\x16L\x93%\x03\xccF\xa0\x14\xda\xb9\x15o\x16g\x08\
fC7\x0d\xf3\x96\x05\x9b\x0df\xf3b\x00h\xbf\xc0\
$\xc3\xf5\xe5@1i0~dB0\xd4\x04\xe9\xeb\
4\x98\x8b\xa2r\xf6\x03L\xa3\x89C\x00\xc6\xf5-.\
\x1c\x04\x03>\x06\xc1\x80iA\xf8\x1c\xcd\x94B\xbfB\
\xb7\x8d\x0bL\x18\x91\xec\xb0#\xd3\xc7\x84w\x1c;\x17\
k)0R\xe3\x94B\xe1\x8c\xe2|s\x7f#\xde\x08\
L\xad\x16\x0a\xe8\xd6\x95(\x00\xf7X\xf7x\xbf\xc3>\
\x90{\x9e\x7f\x19U1\xb9\xa3\xfbL0\x1b\xacZF\
m\xbc*x\x85\xf8\x9f\x1d\x06L\xd3\xda\xcdp\x8aa\
\x1a\x8d:\xb1\xf6\xb0VKh*\x92B\xfc\x9c\xa6)\
\x98\xf4\x18i\xd0|\xac\x94\xd3I\xfa\xden\xdb\x88\xaa\
EC\x10A\xc8Q)\x06\x86\xaf\x1a\xc6\xca\x98\xb2\x9f\
INgM\xc1\xf1\x15\x952\xb90i\x93\x929\xd9\
\xcfp`\xc6V\xe6d\xc6I\xe2\xbf\x81\xbc\xac\xff6\
4\xf9\xff\x98\x1c0\xa7\xbf\xdb*&p\xdc\x06L4\
\x18\x84\xf3\xa2\xb4\xc60n\xbaP\x1c0\x93\xe6\xb6\x09\
\x98\x09\x98\x09\x98\x09\x98\x09\x98\x09\x98\x09\x98\x09\x98\x09\
\x98\x17\x0d\x0c\xa4\xd0\x13\x10n\xd3Od\xf1\xff|'\
@,\x94\xfa\x8f\x8e\x83\x7f\x80~\x89\x1b\xfe\x03\xf4\x7f\
b\x0e\xde\x9a\x19YL\x1e\x00\x00\x00\x00IEND\
\xaeB`\x82\
\x00\x00h\x9a\
(\
\xb5/\xfd\xa0\xa9\x91\x01\x00,\xde\x01:R\xd2\x8a+\
\x10`}\xc7\xbf\xd8\xe2r~\xac\x8b\x0b\x0f\x81\xb0\xdf\
\x08\xb2\xae\xfa\x0d`\xc6\x8e\x049\xd5\xa8\x0dC\xda\x11\
\xc0y\xe4\x99\xbb\xc1\xcf;/\xe9\x22\x9a\x08\xa8\x08\xa8\
\x08oZ#\x1fF\x05\xd5\xf1*3\xb3\x03\x06zx\
\xfd^\xeal[\xdc]\x14A\xbd\xdf!\x8e\xc3qA\
\xf8e\xb9\xfcSS\x22\xa2\x9f*f18\x0b\xcd\xd6\
\xbf\x81\xf8\xfb\xad,\x91\x1f; \x8fh(\x22\xb3\xf5\
\x99\x97,\x9e;[\xe47hA\xd9\x8a\xa0\xfa\xa2\xd1\
\xdaZ?\xa8\x83\xf4\x13\xc0\xd6\x0e\xc4l\xfe\xaaj\xd5\
\xd2O\x89\xcc?\x94\xb2z\x8b\x22\xa9\xd7\xf0\xf7\xf8\x1e\
6\x1e/\xfc*\xae\xefa\x1b\x1b\x9cX\x00G\xa7\xf5\
\x87Fh_\x01\x82\xdc7/0\xb8\x93\xd5\xbd7Q\
\xe5{\xdb\x91\xed.<\xa4\xbd\x85\x8b\xc9\x8b\xc8[<\
\x1b\x1a\xdcaQ-a\x83}S?<\xa5\xf5\x8a\xaf\
\xeb\x19c\x91\x5c\xf9!^\x1e\xe8\x19\xbfu\xbao\xf7\
7xWT\xbdO\xa9\xe2K%\xf1\xbcK\x0a\x8f{\
\x8b\xf8\x22A\x0e/\xa9x\xe1+\xfc*|\xca\x92P\
\xd8\x9fWW\xf2T\xa2P\xa6\xfeT`\x7f\xfav\xbd\
\x9a\x8e!\x87\xfa\x91\xea\x1a\xa5\xc9\xf1I\xf2S\xa5\x95\
\xf8\xa9\x0b\x9c\xe1/q\xca\xe9\x0e\xb9\xde\x12\x87\x9f\xd2\
{x]Z\xf6{\x9fH\x1e\x8bo\xe5\xe8_\xe5\xf5\
\xbf\xa2\xfa]]C\xc4g\xa9\xb2\xe3\xc3UR\xdf\xbb\
\x1bzX\xd3\xcac 4\xfc\x92\x86\xc2O\x85h\xf1\
r\x15\xd9\x91\x1cTn\xea\xb6\xdd\xd8\x8d8zd1\
\xdd\x961\xc2\xdbH\xf2\xae\x84wD\xef\x14\xc4+y\
\x07\xdeS3\xf1\x83\x87\xec\xf3\x00\xa2\x0bx+VR\
\x5c\xf43\xf1s|\xecgm\x10<\x94\x5c\xe0\xad:\
<\xbehK\xedf/\xb2G\xf8{\xd4\x90Bh\xa8\
\xf750\xec\xa9\xa7\x14nj:\xa1I\x13?@\xba\
\xa3\x9e\xc2\x9d\x93\xd4\xc3\xc5N\xe8\xf8Zj\xed\x89;\
i2\xf8X[\xc6\xb7\xbd\x08\xf2*\xbf\x1c'b\xd2\
:P\x1a*\xcf\xd6*\xaf\xee\xcav\xd7V\xaf\xb5\xf5\
Bh(\x9b\x06\x0fsOE\x9dpQ\xd8\xc0\x9b\x09\
\xae\xf8\x15\x9f\x8c\xaf\x00\xa5\xfc\xfb\x0d\xf8WX\xc0\xa3\
m\xb0\xf03Z\x85;a\xf0p\xa7\xba\x0fO\xb3\xf4\
\xbcm\xf3s\x94\xb2\xc3\xc3j]\xb2\x84\xef\x9c\x9c\x11\
\xd4\x0e\x0a\xcaF[\xcb\xe1(&\xf9\x9e~\xdaz\x9a\
j\xech\x8d\x95\xdf\x8cmq\xc1\xc2\x07\xaf\xda3q\
6#\xa9\xa7Pj{\x09@B\xbf\xa0\x10\x92\xb6\x87\
\xb0\xb77\x90\xd0\x10\x166\xc3KK\xe1\xee\xe9)\xe1\
\x9f\x9fj<\x82\xdc\xfdj\xec\xech\xa3\xa8\x1b\xa9\xbb\
\xdc\xeev\xc1\xedeqc\x9eo\x9e\xb0o;\xb2\xaa\
\xfa\xb7N\xd8\x1f\x18\x99\x9c*+UL\x5c\xf6\xf6\x0e\
\x0a\xfb\xfa&*B\x81\x12x%J\xf8>;\xab\x81\
\xee\xb9\xbc%\xce\xe7\x83\xc5q\x82\xd07\x13-\xfd(\
=u\xa3\xa3\xa8\xe7\xe4\x90\x9f\xd4&\xb7\xf9\xac\x12(\
\xec\xf2\x1c\x88'\xa3D)\xe1+E\x8a\x94B\x13\x7f\
\xe7\x85b\xf8\xbdJ\xc9\xfbXm}g\x08}\xa1 \
\xa4\xff\xfc\x98\x7fE\xd5\xf4*:\x0e\x14Hm\xef`\
\xf2\xc7\xa7@\x04~\x82\xa8\xcc\xb0p\xa1b\x8d\x1ct\
GB\xbb\xf7'O\xfe\x0a?e\xca\x09\xc4\xfb\xfa\x9a\
\xb8\x22$\xdb\xc1\x12\x1fY|-\xc7\xe1_y\x22~\
J\xea\xe3\x19>\xd8\xbd\x81d\x8e\x9bQj>\x0a\x83\
\xdd\xf1\x0e\xe9\xae7\xdaI[\xe8\xd8\xd8'&\xc1\xed\
\x97\xa08\xee\x8ad\xef\xb8\xb8\x1d\xfaz{\x05\xef\xd6\
\xed;\x91[\x18\xdfp\xea\xfa\xb7Q\xdbg0\xad\xbd\
\xea\x12\xd9\xf3\xe2v\x1eR\xf2\xf0\x87\x8c%\x0e\xf9\x08\
\xf8\xdb[\x22\xffSm=\x9c\x8b\xb8\xd6\xf7\x10\x95|\
,\xec\xdcii7\xe4\x05>J\x14\xc1\x83\xea\xb6x\
!+\xe7'e]\xefFb\xe4\xb8\xaf\x98\xc7m\xc7\
\x0e\xb9\xad\xab\x907r\x1e\xb9\xdb\xa7\xec&\xeb\x15?\
\xdd\xb8n~\x8e\x87)Z\xf4\x95\xb1M\xf8\x0bM\xd7\
\xcf\xf0\xacq\xd1R9\x0arG\x82\xc4\xee\xed\xb6\x87\
/YB\xe2\xbdQ\x00\x9f\xeb\x04\xf1(`\x8f\x1c\xee\
\x07\xe7\x11\xa8\x05Y#\xac\xa4\x96\x14\xa3\xa0\xd4\xbdn\
\x16,\xdc\x0e\x10\xf1\x0b\xd8,|+qE\xed\x09\xd0\
7\xee\xdb\xdf#\xd9\x86\xc7\xa7\x85|\xb4\x84\x18\xe9\xa2\
\xcf\x8c-\xee08]\xbf\x08\x9a$\x0a\xe1\x0c\x14\x91\
\x96\x96e\xab\xa0\xa0kQLM\xe1\xce\xcaZ\xe1\xb3\
\xb2to\xe3\xe6\x1d\xca\x13\xbf\xbb\x9f(\x0e\xdb9\x92\
\xe80 \xa7\xa7\xc5\xa7i\x8al\x00\x87\x07\xb7\x04\xe4\
\x8b\xb3@er\x0f/\x86\x1c+\x84`L\x8fR\x1a\
\x09\x05\x9a\x07\xc1*\x22\xa3#\xa0)\xa9(!\xb2:\
)\xe9\x84\x97Y\xda\x15w\x189\xbb\xd2T\xf7A\x9e\
\x09\xab\xa2#\xa4(\xbd\x0f]|\x85\x84\x5cU\xec\xf0\
\xac.YY\xf7\xcd\xd3\x0dou\xa5\xbb\x92\xdd\x10K\
\x02\x01\xbd\xbc\x0c\x18\xa8\x19+\xb0\xaa\xaa*\x9f\x8ft\
?\x08*\xde0H\xea7DV>]\xa6v\x08>\
:\x93\xcc\xc0\xb15DEE\xf5-AQ\xa1P@\
\x16\x01\xc5\x94\x036D\xa5\xab.\xbc\xb5\xd3S\xdd\xd3\
S\xd4\x865\x93S\xa4\x0d\x8e\x8e\xef\x99k\xeb`\x1c\
*\x1c\x83\x06\xa9WV\xae=\xa1\xa4\x9c\xd0\x87\x85\x05\
e\x07\x05\x15\x85\xd7\xe4\xf4\x84\x08\xb5\x00\x0c\x85\x95Y\
\xdb\x89'0\xb4\x164:=\xbeB\x5cb\x8f\xc2\x1b\
A\x83\x05\xa4\x8ei\xc4\xe0\x97\x889!\x10\x92'}\
\xe5\xd5\x92V\xd0\xd5R\xaeZ\xc0\xb6!\x0ba\xe2\x0c\
\x9d\x93^\x02\x08x9\x90\xc3#\x99cF/@\xa0\
#&\xdb\x10\x19\xe5\x18\xd0\xe1\xf9;\x94\xe4\xd5\x1b|\
\x91\x8e\x8b\xea\xb3\xd1\x12\x956\x81\xcds\xb4\xf4\xa4\x05\
_\xaceh\x10\xd8Sil:\xb2\x08\x1f\x91\x10\x89\
\xa1\x9d(\xcb\xcb\x89\xd0T\x16-R\x04\xb8\x1c\xe96\
\xb9\x99\x0b\x08\x08l\xfe\xe5\x01\xa6\xfe(B\xfb\xa5\x16\
\x15\xfd\xec\x0e\x09\x81\xb0\x01*\xbfG\xa8\xfc\x22\x98\x98\
\xc3\x83\x937\xae\xb6\xb8\xe2\x81\x90\x92o\xe2\x02;z\
kL7\xa8JK\xee\xa7*\xab\xeaG\x10\x10\x13\xc5\
\xb9\x0e\x1d\x86\x9c\x16\x15y\xd1HZ\xdapcF\x0b\
\x13\x85\x9d}o\xf1\xf1t\x8a\x8f\x1fR\xaf\x1f\xea\xe9\
\xf9\x12\x90\x92\xc3h\xb3\xb5>\x9e4\x93\x0b\xe0f\xb9\
<\xdc\x18gw=\xb7\xbca;P\xb3Y\xd2B\x9f\
\xa1\xef\x16\x88\x12\x8f\x80Yz\x09AF\xff\xa0\x92\xf3\
R\x18\xf0\xfeb\x07\x8f\xffY\x16y\x1a\x10Q\xc0\xa8\
\xbc>\x9b<Ms9\x09\x22^\xdfA\xbc\xe5\x1d\xb3\
\xe8\x8c)JD\xb4\xa9\x17\x98x\x07l\xc2WHT\
|\x84\xcb\xd0\xbfMR\xfe\xed\x04\xe3%\xa0Hq\xcb\
\xd3\xcd\x03\xb6\xd2FqP#H\xaa\x17#\x8c\x02U\
%\x22o|\x0f\x03\x89\x0b)\x13]\x11\x1d*\xfb\x16\
\xe2\x8d8b\x0a\x14\xb7\x85\x1dr\xb6#\xe2;9s\
\x1cW\xd6\xc8k\xe0H\xf1\xdf(\xa8\xdft\xc7\x9e\xc2\
hm\x96\xb3\x1cD~\x98\x98\x01\xe4~%\x22\xff\x99\
\xe1\xeb\xb1\x1e\xc4\xfe\xa2D\xdf\x13O4\x9e\xc9m\xe7\
\x83\xa5\xb0~\x98\x8a\xeb\xaa\xebo\xe5\xf5\xa2\xbb\xb1\xc3\
h9\x88\x10\x19\xfarp9H#\xc8M\xd0\xf8\xf1\
\xfb*\x0a\xe2Rz\x07\xffv\x17\x9e\xd4\xd3\xef\xb5\xab\
\x8e\x17\xa6\x02z,OB\x0fe\x09\x8c\xff\xfar\xde\
\x9d\xa4\xf3 h\xec\x10FZ\xd3\xf0NC\x98\xc0\xa4\
o\xd2\x08\xa9f\xe0\xd9k_5<\xd7\xad\xe7W\xe2\
\xb8\xb6!\x0e\xe3\xc7\xe2y\x80>\xbe\xf6\x96\xf1\x13L\
,^\xe9\x0c\xc3\xa7\xf2\x02\xbf\x86Y\x1a\xa99\xc4\xee\
\xee\x5c\xbd\xa7\xa6V8)\xe9\xdbWW\xe5\xae\xba:\
\xf7\x0e\x85\x1e\xee&\x98x\xca\x22~'+T|\x17\
\x84\x1e\x9a\x8f\x1b\xadm\xef\xd5\xe0T\xdbq\x89\x97d\
\x8ao\xe1\x9d8\x01|\x92$xom\x95{\x0fM\
\x10_\x9a\xba\xfa\x91\xfa\xeaYj\x12\xceF\xa4\xf4i\
?>\xcf\x96\xb9\x8a\x84\xfc\x04ff\xf5\xe4\x89 \x12\
[\x5c\xc0C\x812x_)\x83\xbf\x14\xfd{\x94\x85\
\x0c\x97:c;\x86\x11 .!\x07\xe6#02^\
\xae3\xf5\x13Bi\x03\x0c\xd2\x00\xa2;\xc2\xc6\xe6x\
\xdd\x05\xc4\xd1\x86\xe4Sc\x01\xbf\xfb\x0e\xf1]%}\
\xb7\xa4\x9d\xbc^\xe9\xa90f*\xe7o\x8e\x1d*\x86\
\x7f\x04yq=N\xd1\xbf\x85\x22\x1108\xe3R\x97\
\xcf\x86&y\xcdU\x16\xc4\xc4\xa4\xe5\xaf\x8c\xcc\x18\xad\
\xa0\xa1pT\x5c]1\xdc\xed\x06q\xd0v\x8aN\x0b\
\x87~q\x16\xdc\xd0\x96\x04\xaa\x90q\xb5\x13/\xee\xc6\
\xf9Z\xa4\x94\x94~c3\x925MYa\xad\x99\x98\
hT\x08QB\x13\xce\xaf\x91\xc2Y\xda\x82\x1ar\x19\
\xae\x80\xfb\x16\xd9\x1e\x043N\x06\xdb/\x0c\x0cI\x09\
\xaaH\xdd`\x0a\xd8\xae\xba=,\x0c\x0c#\x0d$\xa0\
9\xb7\xb8\x94\xd0\xd0\xd2\x22C\xd52\x82\xab\xc5e\x00\
\x9b\xdd\xd2B5ni\xd1:ca\xb5\xb4\xe0|h\
i1\xab\xd5\xa86\x80\x80ZZZ\xe4ZZ`.\
\xb4\x00\xd1\xd0\xb4\x04hqii\x09\xc1>PVw\
0\xe3\xb2\xf0H\x12`36\xb9'\x9e}\x0e\x86\xa1\
\xb8\xfb\xde\xebK\xa5\x0a\xe1}{\x1dO\xa5W\xf2Y\
|-O\x8fE\xf6\xcf\xc2z'L\x1c\x1fW\x1c\xb8\
\xca\xad@A}\x1b\x16\xf3\xa9h\x15&\x1c\xa9-\xef\
O\x1eT\xbc+2\xf4S\x1a\x14\x8f\xd3S\xbe\xd0\x1a\
]\x88\x16\xe8\xa2,\xb5{d\xdf-b\xf7%n\xbe\
/\xf9;\x14'\x8a\xd7\xbd\xdc\xf1\xf8\x1f9\x18\x0f\xaa\
\xa9\xf8$\xb5!\xce\xcb;\x18y*S$/\xca\x19\
\xf9D\xc5\xbf?\x85\xa1\xbd\xc9\x0c\xeeRz\x92\xaf\xfa\
\xa0\xe2^\x8f\x9d\x9f\xaaC|\x82\x1d\xa0\x8b\x9d\xa6\x92\
`\xb5e\x90k\x04\x12\xaa\x82\x8a>\x7f\xb5\xc3\xd6U\
E'<U\xb5B\x87\xc0\xcf\x0b\x87\x90A\xedEe\
\x19\xde\xc0\x83\xdf\x8b\xa86\xf25>\xfeQr\xeeR\
\x19\xfe\xbe\x95B\xf4[\x8e\x9d\x8fj\x0b\xf1\xa3%\xac\
\xab\x1b\xc4\x1d\xe7\x87\xe8=OT?\xc31\xe4V\xab\
\x8dn\x09\x82\xf8\xe7\x85\xaa\x95\xfa\xb2\x94mg}\x9d\
{\x9b\x08\xc0\x0c\xb7wo1\x9a\xe3^/\x5c\xdf\xe5\
\xa2\xf5\x8d\x9eA\xae\xfb\x1e\x14q+U \xbf\x1b\xc5\
\xc5\xed~\x8c~\x0b\xf2\xf3U#d\xbcH\xc9\xea:\
8>\xe71R\x22Q;:w%m\x11w\xab\xab\
\x16pm\xef\xce\x22\xf4\xc6\xb1JT^K\xb0\xc7\xd3\
f\x90>\xb4\xf6\xc5mk?$:\x9e\xf0\x85\xdf\xc9\
Yg\xef\x11\xca\xf2\xfa\xb8J\xebNvz\x07H\xd8\
\xden\xe8\xdb\x80\x8aJ\xe1\xad\xac\x16\x9eJ\x1b\xf8\xba\
F\xc6\xa7\x93\xaa\xc6\xae\xe5g\xe3':\x87\xdc\xbd\x84\
Q\xc4\x07\x07\xc9\x0e\xa4N_]A\xc3\xcbj\x00\x89\
\xbd\xf2K|\xe3|E\xb0\xc1\xd6v\xc3o\x08\x0c\xa2\
\xa2n?=\x8d\xfb\x9b\xd2\x08\xe0\xd5\x0a\xc8\xd0FO\
\x87r\x13q\xb0\x15\xa3\x87\xd4\xdc\x81\xf8\x06gQ\xcf\
*L\xf2\xd6\xf9z\x05\xecC\x03596U\xa6\xec\
\x1d\xd9\xbb\xe0Vk\x89y\xf7\xb2;=$'\x06\x7f\
\x82\xeb{\xda\x9c\xdc)w\xdc]\x01\xd8\xd4\x1f\xd4\xba\
\xad\x0d1=p\xb3\xf3\xf2\x0b\xf1\xb1\x88bW\xc4\xeb\
+\x9d\xda\x12'%n\xa1\x84\xdd{\xccj#$q\
\x0f\xd0\x1a\x18$\x8d\x19\x9c\x1d&\x0fO\x0ekk\xef\
\xde\x84\x09\x89\x22G \x1e_'gl\x84$\xf5\x1f\
\xf2\xf9\x01\x08\xc8\x9c\xeb\xc4\xfa\x02^\x8a\x00\x19\x9c\x18\
\xf6\x12\xc9\xa5\xf17K\x22O\x80N\x1fA\xcf\xf8;\
;\xe4\xa3\x8f\x90\xa6\xfe3>_\xcc\xb3\xf3\xb29\xe8\
[\x8a,\xd6\x18:<f\x8d\xc6\x93'\x81\xc1T\xa8\
4\x9e\x10\xbc\x1b_\x85\x93\xb7\xc6\xce\xe0P\xc5m\x82\
\xcc\xbf\xc9\xf1y\x0e\x0f\xd0qtv\x0eyb\xc4I\
\x88\xa0\xbb\xd9A\x84\x07?S\x0a\xde\x85\x98\xe2\x15H\
3\xd5(|}=`\xe3\xfau19\x97\xc8\xc8\x84\
\x89\xdf\xdf*(\xf8\xd8\x09\xc71\x17\x94\x0b\xd6$c\
\x9c\x89\x13\xd5\xcb\xa2\xfa\xf8\x18\xda\xd8\xbfR\xd4\xb8\x99\
\x8e\xcc\x9f\x85\x89!\xbd\x06\x11\x11G\x0c\x9d\x94\xf59\
\xab\xbfj\xc6E\xbf~\x88\x87o\xbd\xa5\xc1\xc1o\xd0\
\x04\xdfAsQ?\x81B\xdc\x86\xd3$gU\x02;\
\xcb\x1a\xe4\x162\xc4\xfd\x8c\x0d\xc2\xd1\xdc\xd2N\xf6@\
\xec2V\xfc\xdd\x89\x88\xd2S\xc8\xf3xu\x1f\x88i\
\xe4GuW\xfc\xc3\xe9\xe9\xe3N\xb8\xca>8\xf5\xc0\
QT\x0f\xdc\xabz\x85J\xec'k%9\x87\xdc\xf4\
\xd4\x82\xad-\xdeuuA\xfc\x05\xba*q<e\x12\
\x1d\xa7#}\xbd\x1b(\xed\x09[gE\x93\xdc\xda\xb6\
]\x83\x5c\xc8(\xe6\xdf2S\x9f|\x05'\xe6=?\
\xd7\xae:wY\xd9\x0c\x1a\xeeD\xb0\xa1\x8c\xbe~\xae\
4\x89\xf0\x97\x07\x11\xa5\xe6 \x9f\xcb#t\x19\xc8\x11\
z\xe8\x08\xfa<dEj*\xeafjl\xf7jB\
?`\xbb\x9a\x10\xd2\x1b\xadMNo\xa3\x93\xc5\xf0\x90\
\xcd\xba\xdf\xce\xce\x08\xc1uI\x92p\x08\xd1\xfb\xc4\xd2\
\xf6\xc6\xe9Ja\x7f\x95(\xd8\x89\x0d\xb9\xc8\xd4\xb4\xdb\
.h8\x8f\xd4\xf6\x093k\xaf7i\xe4\xe7(,\
\x0a\x88Gj\xdb\x0b\xd8\xe8x\x00O<\x1eG+\x93\
\x1fr\xb6o\xa8y\xbbD\x8e\x0f\x8fM\x85\x0a/\xc6\
OO\x09\xb9\x9d\x9d\x12\x96|~\xae\x0d\x97\x96\xbe\x1d\
5\x16\xf6\xc2cc\xe9:D\x89\x22\x85\xf0\x92\x97\xec\
&\x09\x86\xcaX049\xed\x09ux\xbf|Ur\
\xc4\xce\xf6Q\x84\xbe\x0f6\xa7w\x06\x88*\x18\xb4e\
\x18\xd3\xe4\xec|\xe1\x04\x15\xfd\x06\xa2\x80\xbc\x8e\xd7'\
O\xf4t\xffp\xd3\xb6\xad\xb5F7.@\xa3c\x80\
\x8a\xaf\x05\x1eXX\xb7\xad\xd3S6\xd8\x180\xbe\x8e\
\x88\xa2\xeb<67\xac}U\x95\x02.\x14\xbf\xdf\xb0\
\xc1vH\x80@\xcc\xf8e\x06\xa7\x1dg\xd7\xe1Ab\
\x97\xb8\xbf(\xba\xfb/\x0by_\xd3\xe5\x1d\xce3\xb6\
\x0a\x84\x9eTT\x14\x0b#\xf5\xba\x8a\x99[\x05,r\
~'\xb2@\xd0#\x5c\xc2\xb4@lpi\xdd\xa4\xa7\
\xf7\xf4\x04\x05BJJ\x8a\xc8\xf9l\xfe\xa5\xc9\xc1\x19\
\xee\xc2\xc3p\xc4\xcc\xc6;j\x22^H\xa6\xdbGG\
\xe1\xf0~\xe3\x06\x1b\x91\xf1\x98GOJj*\x04\x88\
A5\xd3z\x09V\x83\xb2,u\x7f\x89X\xd2@\x18\
b\x91 \x02\x11\xcb\x9a\xcbA\x96\x026\x09\x86\xa3\xdc\
4Y\xef\xb6\xe9\xdar\x14a\xc9\xe9\xe9\xac\x87\x08\xe9\
lG\xa8\x08\xc8H\xe9,*JjN\xc6@\x81&\
\x04~\xae\xba.Du%\xf4..\xa1\x17)b!\
D\x0eB\xc23\xb4\xf5\xfa)\x0d\x82\x13\x14\xd4\x19\xd9\
H\xe9LG\xe8\x8cg\xe8\x5c\xf6sN\xcf\x05\x18@\
\xa0I\x81\x9b\x9c\x93\xaf\xb6\x0e\x94\xd5U\x86;\x03\xce\
(\x08\x06\x9c\xa9j\x01\x9c\x91q\xa1i\xd1ti\x01\
\xd0\xa2\xf9\xd2\xe2\xf2\x22\xb5\xd5\xc0\xeb\x08\xca\x8aq\x91\
\x9d\x84\xf5U\xe3S\x84\xe4\x96\xb9\xc91b\xf4\xfa\x12\
\x13\x83\x01\xc0\x0b\xcc\x0c\x89\x06\x10\xd62q!|\x18\
$\xdf\xf4\x90\xdb<F\xea\xe1 (+\xd9\x19\xf1\x8f\
\x9a\x0b\x00\x00m_q\x9a\x89\xb2\x8f\xc0L\x0d\x18\x00\
\x18\x98\x9a\x9eF\x15}ekpgAy\xe4\x88\x98\
\xb2\xb8n\x7f\xe2\x9f#u\x97\xefL\xcfx\x12\x00L\
\x8c\x8f\xb9\xc0\x0dN^N\xd2\xbaog\xc9I\xb1\xa6\
\x5c\xd4+Fb2\xearp\xf3\x15\x97\x9b\xa6\x87L\
\xa4'JA.\x14\x07\xbe\xd7\xa1\xae1\x08\x84\x85'\
\xfa\xc8\xce\x22\xdc\x11E\x8c\xf7\x91X\xa1+aB\xde\
S\xdc\x0f\x19\xc0\x91\x88\xc4HK/\xdarp\xf6@\
\x13\x83\xc1\x1e<x8\x82NR\x8a]\x92\xbb\x0b6\
\xb3!\xe4h<4q\xbc\x87'i\xfd\x8b\xb1\xd0\x81\
\xa2F\xc8<(x\xd87\x16V\xf6\xe2{\x1c\x14\x83\
\xdf\xb8\xd2d+\xcb\xe5C2\x04d\xdc\x9e4\xd3w\
\xd0I\xef\xe9\xe99\x10 @.cr\xf2\x0b\xf8\x8e\
\xb0\xfeLE\x8d\x93\xf9\x19v\xbdF\xfcs\x22\xac\xae\
#5x\xf0$1\x087+\xd8\x0a\x1eSe\xcd\xa2\
\xbd\x08\x10p\xc0\xf6\x80L\x8f;-\xae;*J\xf1\
Q\x86\xe0\x8d\x84\xf4j3\x0e\xfa\x8d\x10\xd1\x98_\xe1\
\xa9\xf0\xf8\x9e\xb8\xc8h{\xd8\xd7\xd7\x9bIX\xbb\xb8\
I\xeag\x06aO\x1aK\xfbyA\x83\x1f\x03\x0e\xcc\
\x94_\x8cX\xc9\xe3\xb7`\xd5\x15\x8cO\x89\x91^}\
\xa2\x06W\x183\x80\xc0\x09\xd0\xd8<\xc0\x0c\xcd9\xe0\
\xe1\xf5\x92~\x0bO\xc4\x13\x98\xcf'\xba\xbc\xbc\x04b\
$\x93\xeb=JN/\xca\xfa\x9a2f\x8a\xba\x0bP\
\xc0@\x0b\x82\x1dq\x07TM1\x9f:\x22\xf4\x0f\x01\
1\xf9\x0c\x03\x03cy5\x85\xba\x8bau\x18\xf1\xb2\
\xb7\xb8s\x91\xc9\xf0\xf4\xfc}}}\xb7\xb7\xb6\xdf\xb2\
\xcb;\x94\xd2\xdb\x85D\x04>d\x99\x19\x1e\x89\x85-\
m\x186\xdcQu\x89\xb9\xe9\xfe\x14u\xd5Za\xc0\
\xea\x0avp\xa0\xb3'\x9bq\xf9\xb0\x16;\x82\xb8\xc2\
\x8e`f\xa6\xc7\xef\xea\xeaz\x07q\xa5\xb7<\x90\xd4\
\xe2\x0e\x0c\xdd\x1eQ\xaa\xea\x8d'b\xbc\xea\xc0\xe2\xdc\
\x90({\xab\xf0H \xa0\xa7b\xbbp\xb3\x1b\x98o\
\x83\xfb\x8c\x8d\xcb\xca\x1bq\xbfE\xc7#FJ\xben\
1RJ\xd7\xe2\x0b5\x04?@1b\xb6vo\xe1\
U\xd6\x1d\x17'\xbf\x87w\xc2\xb7A\xaaP\xd0\x882\
8\xb9'\xd6\xb8\xbc\x02\x0f\x7fGS\xa7\xb9\xbd\x8b4\
\xc9\xd1zp\xfe\xa9\xc3\x03\xaf\xc1\xc5\xbf\xd1}6S\
\x83\x14;Q\xb1\x86\x8d\xa5\x0a\x09!\xbaEh{\x0a\
\xc9\x1d\xdf\xeb\x80\xe2p]:N\xcde\xc47\xb5\xb7\
'\xda\x00r\xa8\xa96\xb8\xab@A\xe2\x17\xfeHt\
n%J~\xceo\xc4?\xe0Qx\x17\x06\xba\xdfk\
\xee\xc2u\x91\x14y\x16*\xb0\xf7t\xc3\x1e\xc3\xe8\xd7\
\x88\x9c\xc2}\xca\x9a\xb9Q8\x0b\xcb\xcf\x8f\xd8\x8bL\
\xbbiQ\x11\x94T\xbf/\xb1\x9f\xd8Q\xe4FPT\
\x9flA\x18\xfb\x1f\x94\x90\x97Z{{\xd4\x87\xbf\xbf\
Y`{O`\xa4\xbe9\xcd\x0f\x909)\xfdS\xd0\
\x1dOMI\xc71J\xfa\xcc9J\x9fl\x14\xf48\
\x1f\x96\xaf\x13\x85\xd2\xa2\x1a\xa7\xa3\x9e\xdaci\x0c>\
Z\xea\x81P\xf0\xc3\xad\xb8\xd4_\x93A\xe3q\xa0\xb2\
\x9e\x18\x84t\xbe\x09\x94\xd6\xd3\xce\x1b\x9f\xd2R\xf0\xb0\
\x07\x0f\xbcR\xd8\x08\xba\x8b\x16\x0fn$4\xef3>\
\x01O\x17\x8a\xfa\x83V\x8fi~\xca\xed(\x06`\x1f\
u\xf5<l\xad\x89;\x13N\x9a\x00^vV\xc4W\
\xdf\x8e\x1fa\xdb\xe45U\x94\xf2W]Z?\xaf\x99\
\x8e6jZ\x9fH\x9dt\xa9(u\xe5\x994\x09\xfd\
^i\xa9\xac\xa7k\xedo\xa4\xa6\x9e\xf4\x15\xf0\xb1\xb2\
u\x82\x7f\xaa\xb3\x07\xf6e\xbd\xaep\x94^\xd8\xfb\xa9\
\xaa\xf8\x0c}\xa7(\x1d\x89T\xd1o(e\x9d}\x07\
\xd3\xd9;\x892\x8c\xfb$\xf6x\xa7\xb4\x8c\x9c\xab?\
\xf2\x99\x01J\xbb\x09\x22$\x9e)\x92\xd3*a\xcd\xbc\
\xc5\xbd\xc5\x1d\xf2\xb7\xc8\xc6\xce\xd5\x1b\xe9\xbc\xb0Va\
.H'0\x9aI\xfd\x0e\x22\x8b\xdbo\xa1 \x1f`\
\xb39\xe8NO\xeb\xab\x9d\x9a\xae\xd4\xd4t#%\xa5\
\xeb\x8c\xbd\xe0\xb1\xdb\xfa \x9dz\xcf\xec\x94k\xe3K\
%}\xc0c\xf3}@\xfc#%%\xe0\x00\xcd{\x89\
\x0a\xeb807/\xd8c\xf4|9@\x8fs\xa4\xf4\
\xb4\xdb3v\xba\x1er\x93\x13\x98\xf2\xb2\x82\xae\xa6f\
\x9a\xee\xed-\xde\xe3\xf9NEs\xb4\xc7]\xa6J\xdc\
O\xbc\x13{\xfd\xf98}g\x95\x89Aq\xf0\x80\xb5\
\x1e\x15U#\xcd}\x03\xdb\xdar\x00|(+[x\
(\xc9L\xda\xe2\xf2\x22\x9e\xeatMr\x15\xa4o\x9f\
\xf1\xa7n;\xad\xc0k\x8c3\xbe\x0a\x9e\x9e\xd3\xd3\xb5\
\xf5\xe8\xe8\x9a\xe9\xe6f\x9a0%%\xd9w\xf00;\
\x11\xcf\xb9\x7f\x82\x8a\xb2\x1d\xf6\xf5\xc2\x91\xcc\xda\xb1Y\
W\xf3t\x81\xc85k\x9bq\xb9M\xe5\xf9j{\xc9\
R%\xb9\xba\x1f\xa1\x03\xf4=>d\xd3\xe7\xbd\x10\xf2\
\x9e:\xa7\x95\xc6Rj\xf5\xd38)\xe9\x09HK\xab\
\xaa\x0c\x0dm\xbd\x84L\xae9\x19M~\xdc\x0b\xc7S\
vv8\xe6'\xdd\x8b\x84\xd2\xfd3\xd4\xcdMC\x07\
<] \xa0\x04R77:\xe3\xaa\xaa\xaa\xf1\x94\xf9\
H\xe9\x0d\xa5\xe5u\x1eGBo\x08$\xf5\xec\x1e\xa5\
\xf7\xab<=\x87\x15?\x9e\xc0\x86\x08\xfd1\x18=t\
rtr\xd5\x0e)9}:=Au\xd2\x1a\x19\x1d\
\xb9\x03\x08\x18\x80>\x84\x15-\x0e\xc7\xc3\xc71\xec\x98\
|\x8c\x1c\x12\xbec\x07\xd955\xdf<`\x99\x9a\x12\
\x1aebZ\xda\xfclz\x82\xaa5\xab\x9dn\x9d\xb4\
\xbcn\x95\xb0\xbe\xbcn\x93\xae\xben\x91\xac\xb6n\xc5\
e\xb4\x1b8A\x91\xd1\xc3Z`\x80\xccKAPP\
PU0/\xe2\xcb\xf4\x90}\xbe#Fp\x1e\x1e\x03\
wr\xf2\xf1\xf0VU\xf5\xa0\x80\xcd~0\xa4\xa4\xe4\
T\x16\x0a:R\x0b\xdd\x00\x11\x09\xe9\xec\x04\x99\x85\x80\
\xc6h\xa5*\x00\x00^\xde?\xd0\xf3\x83\xc5>\x9b\xb8\
\xfb\xc3/\xc1X^\xd84\xc1X4\xd9\x9a\xb8\xbdX\
02>\x02\xf8\x5cv\xca\xc4_?\xe7\xa4\x02@H\
L}..\x00>\x00\x01Mj\xda\xaf\xd7A\x97\x98\
\x08i\x8a\x99\x9b\x85_$K\x0c\xc6~t\x80\xcc?\
\xea\xa7\x17\xd1`\xc3>,\x89\xf3\x0b\x80\x14\xd7\x01\x0b\
\xc5\xc8\xcbA\x16\x19\x9c\x1d\xc6\x16\x17\x17\xa0\x01\x02`\
`\x84\xc9NT\xa5\x97\x02d\x0eXr\x15\xf8\x19\x93\
\xff\x0e5o\x93|]\xa9\xf9\x01\xba\x15 \x83\xa0\x8e\
\x00\xd6\x17\xd7\xa4\x0b\x80\x08\xe8-\xb1\x17i\x81\xfdU\
\x90\x06h\xa8\x16H\xeb\xab\x0d\xa4\xe5\xe5\xceIbZ\
\xc4\x11:\xff\xb2K\x18\x9eEd\x8f\xff1V^\x10\
G\xa8S\x95P\x0f\x8d\x0eO\x94\x18\x18\x18\x0c\x0b`\
\x06\x0c8\xd1D\x09\x0e\x03\xf0/\x93\xdc\x86_\xa69\
\x0e\xc1<i\xc3\xc13d\xa1*\xe2'\xaa\xb2q\xf9\
\xcb\x06\xa7\xe7\xb7\xaf\xaf\xc4\xf7B<\xea^e\x8dI\
]\xe8\xf19\xb0{\xfeQjz\x07\x0f\x1f\x1e$H\
\x90 \x9f\x9c\x9c\x5cb\x84F\xd7\x02-\xf8\xba\x05U\
\xf7g\xbcl\xcaE'\x8bQ\x89%\xcdV\xe1\xac\x87\
\x87\xfcU3\x83\x03\x0c\xb6\xbeRbY.;\xa26\
\xc1\x1c\xe8h4\xba\xc8\xf0\xf0\xb0R\xd4\xd4\xbf g\
\xe8\x80<\x15\xdf\xe0g\x82\xca7\x90\x00\x07\xc7\x8c>\
\x93\xdc\xdd\xeb\x80\x1a\x9b\xa9\x96\x96\x9c\x9f0\x1e\x9a\x9c\
_\x12|\x80\xc1\xc1\xb1g\x000\x01\x04\x1c\xe8\xa9\xea\
AP\x0a\xb4\xd0x\x1c9\x14]\x87k \xe1w@\
@\xbc\x0e\x1dn#\x83\xa3s\x08\xd7!:zr\x22\
\xeb\xa6\xd7\x08}\xe9\xc7\xde\xf3\x13>54\x17 \x0b\
\x18\xc0\xe1\x17\xc1N\xcf\x7f\x96\xa0\x0aS\x5c\xc1\x18\x99\
\x83\xd6\x0b\x0b\x0bg\xc9\x92\xe5\x85\x84\x84c\x17?\x9d\
\x0eCK\x0b\xd6)B\xca\x0b0\xd6E\x9f\xdb\x8a\xe4\
\xa0\xfb\xe5B\x1e\xb5\x18\x8fo\x8e<\x01\xd0\xd0K\x08\
&@#\x9dfii\xe9\x98\x98\x98/\x05\xdbQ;\
\x9d\xdc4u\xa3.\xb2_\x1a\x1f\xf2\x17\x00\xba\xd6s\
\x91o#{xrm\x00\x14\x22\xb3\xcb\xcdC-K\
\x02\x82\xb8\xb8\xb8\xdc(\x0d\xeeHMN\xf7\xf3\xf3\xbb\
hh\xe8\x17Q\xa0\xb8\xda\x87\xbds-\xc2\xf0\x09\x0b\
\x0b\xeb\xfb\xfb\xbbxf\x07\x9d\xfe\x8e\x91\x12m\x82 \
s_\x19Hi\x83\x1b\x01/\xe9\xa6\x9f\x99\x9f\xa1\xb1\
\xcc\xcd\x8e\x8fLM\x82:'4G\x9b\x94\xf05\x95\
\xd5\xc7k(!\x9c\x97\xd9\x11\x7f}}\xfd\xb7\xc4\xaf\
J,\x1e\x8cJ\x84 \x10\x03:\xe2\x98\xb3\xa9*\x90\
\x98\xf4\x91\x1a\xcb\xe7\x9cT{\x15f\xd6\x16\xa3\xb0\x01\
WI+\xac\xf7%&@\x83\x159|\x1e @\x80\
\xe7\xe5\xe5=88\xf8\x7f\x81\x81\xd7\xaap\xda\x1e5\
\x1d\xf2\x22\x13\x80`\x86\xafV+\x82Q\x12\x1b\x91\xf1\
6\xde\x00S\xdc'\xca*\xc9\xd9\xce\x98L\x96\x05\xfe\
\xfd\xbdll\xec\xdb@\x8c\xb8Y$;\x80\xcc\x81\x16\
\x1b\xf3\xb9\xa5\xefl\x11~\x97ld\xb7p@#\xb9\
\xe8\x94\xbdQ\xd5\xd6\xa1(\x98\xde\x1e\xadk\xb0\xf1g\
rtG\x83\xa3p\xb4\xb8\x0a\x0f\xcb\x80w\x07\x13d\
\x8d\xd0\xda\xb6\x5cfp\xfcF\x00^\x92\x11\x07b\x0c\
\x04'*\x9f\xbd\xcaD\x9f\xee\xf6~~\xd0\xe6z\xaf\
\xc6\x18\x99g\x0en\x0c9W\xe1\xe3E\x08)\xf2\xc4\
W$\xaf#}\xec\x00\x1a\x9b\x08\x8d;KOn2\
(0b\x88(\x17\x05\xff\x0d*~\xc5\xa3\x8e+\x5c\
\xb0ED\x5c2\x90mO\x1c\xd6J\xd7\xd2\x9a\xfa\x96\
\x1b\xd5\x07\xbf\xcb\xd8\xd8\xdc\xa7\xacm\xd3\xf5Sij\
\x98\x0f\xae\x02\xfb\xd0\xc8\x0a\xa2\xc3\x0a\xfa\x0c\x7f\xd5q\
u\xc1^\x8d2v\xb6j\xae\x10\x99\xbdl\xfeZ\xb8\
\xb8\xbc\x88\xbb\xc4J\xd5\xa2\xa26+\xa1\x22,\x80)\
0\xc1\xce\xbe\xce\xf0\xe1HK\xe9\x0f\xf1!y\xd8T\
\x0b\x15NV#H\x1aL\xec\x8b\x8d\x80\x1fBg!\
\xedk1\xb2\xa7Y\xf5\x1d\x1e\xaa*\xca\x88\xebU\xc4\
\xca\xfe\x8d\x86'\xed\xf9B<\x1e\xc4.#\x87r\x8a\
G\xda\xf8\x04\xfd(\xc9\xe8\x98\x95*Z\xdfa\x03\x9c\
\xd5\xcdl`~\x0b\x85\x8b\x8f\xd3\xe9/\x16\xea\x1d\x8b\
\x14O\x222\xdeDf\xf6r\x97\x98 \x0f\xc8\xdb \
m\x9fOO\x83\xe1p0\xa4\xb9\xe8%\x12\x1d/c\
\xf4\xf6Obj'\x11\x02C\x14]\xd0g\xb0\x10\xe1\
\xe3\xa0%\xa63\x1a\x868\xb0\x94U\xdf%\xa4\xa7\x93\
\x93p/.+X^\xd8\xd9\xab\xbf\xc4\x1b\xab\xbc\x0f\
dA\xe4 \x1a4a=E\xe0!\xe3\x04B\x17\x07\
ds\x90e\x92\xfby \x94\x90\xcf\x04\xd2\x22uI\
\xdb\xf3\xb5\xc3M\x08\xd4$pmrB\xcb\xd5\xef\xf1\
E\xbe\xc1\xfa\xaa\xb4l&\xfa!\x81\x84\x0e(xx\
\x1d\xb1Qr\xfc.C\x85;\xd1\xfd\xc4\x12\x1b\x9c\x98\
\xa5\x0cV6\xe7\x07\xf9\xe3\x0d\x98\x14\xfcr\xa8|X\
[\xc4\xb4\xdb\x1e\xa6\xfdu\xed\xea\xa9F\xe7C\x0a\x0d\
\x9d\xdd'\xf8\x18?J\xcfF\xccq\xb7\xb4\xba\xf3\xe9\
\xd9]\x0a\xef\xef\x14\xd7#\xba\x81\x9a\x1e}\xb6&\x04\
@L\x0c:\xf7\x7f,\x86<\xecI\xebG\xd4\xac\xee\
\x845\xc4\x89&\xaf{\xe7\x15b\xf7\x1e\x89\x10\x9eh\
\xf8w\x19\x923\x1eb\xc3\xe1?\xd4\x19\xdeJ\xea\xea\
\xa5\x9f8\x84}UQ\x0f\xaa\x0b\xfb\xbaR\xdbs\x99\
\x04\xd2\x97\x00\x01\xa2\x081e\xff\xa0\xcd\xed\xac\xa0\x1c\
\x12\xa9XAAXhXx\x15\x8c\x85\xbf\xe0\x16\xf6\
\x0dd\x0c\x1ekj\xd9\xfa'Jn\x5c\xf7\x16\xf2\xc2\
U@\xa9Hy\xbd\x8aY$g\xfbr,\x8b\xf0\x19\
 t\xa8LMN\x0a\x00//W\x12\x14\x1de&\
9\x84\x0b\x17\xfe\xda\x1a\xc2\xd0Db\xe2\xa1D)|\
\x13\xdc\xbeg*>\x101\x8az\x18\xe2W\xac\xb08\
0\x15\x22\xad\xb0\xa9\xba\xac\x17{\x8c\xb1\xe1g\x08v\
'r\x80\xe1\xea\x07\x1a\x84\xc7e\xa5wb\xb5\xd5\xfd\
m/\x96\xa7HT\xec\xe3A\xfa\x19\x9c\x9d[\xa6\xee\
\x92\x8d\xd4;LLSk\x1d\x9d\x9e\xdd\x98_\x129\
\xe5&\x87cz\xca\x09\xe9\x9c;f\xa7\x85sv\xaa\
9\x89\xc5SRRNGKM\xbb\x99\xa3\xb3\xed\x17\
\x06Q\xbd\xdf\x9f\x0f\xd4\x03\xfeH}\xcdN\xcf\xe7:\
\xf8HHH\x8f\x89\xc1A#=\xeer\xc8\xedFS\
_'\x8a\xfa\x0f\xa2\x9b'\xf2)\xf7O\xcf\x0d\x08\x82\
a`bxy\x83\x83\x82\xd2\xeb35aq\x1d\xa9\
\x8a\x8a\x81T\xd6\xff\x17\x98\x98\xf3\x98*q\xbb\xdd\x94\
\x87\xf0V\x19\xe4\x93\x94lc/\xfb\xfc\xa4\xd0\x13\xdc\
\xd3c\xc3\xdb\xd4\xb4~\xbb\xddc#\xb5\xdb\xed\x0en\
y\xe1abb\x12\xe3\x18\xc0\xc1)\xf0\x9c\x1c\x03W\
R\xe2\xf1 +\x0bb\xb7\xb5\xf5C\x93\xa1\xa1\x04q\
:\xbd\xf6\xf1\x11Bb\xf2\xf1!B\x12\xc3\xc4\x04h\
\xda\xbd\x81\x17\xc8\xd9\x99\xd1s\xfb\xb8\xcf>\x07\x0f\x93\
{\x83\xc9-\xef%\xb7\xb0\xe1p\xd9g\xe3\xbe\xbc\x04\
\xbb\xb4\xc8`\xe9u\x19\x00\xe4\xf22\x83;\xe3\x023\
\x1e\xc3\x90\xffv+\x89\xfal\x7f\x06%5\x89\xc7F\
J5\xa6\x87\x110\xc0\xb4\x8d\xc4#TD\x00x7\
\x00\x01\x03\xa4?\xa6\x0dPe\xde\x05lnr]\xc4\
\x9c\xabHl\x81wIa\xc4\xef$a\x0234\xa6\
a1\x05\x0c\x8c\x22\xf0\x19\xe7\x92\xcd\xed\xa9L\xc2\xca\
\xd4#\x16Ar6\x0f\xd26\x11Q\x90\xcf\x12\x940\
\xeaR\x00\xa7\x00\x07\x10\xe4\xb6\xdf\x06rx\x80\x81y\
m~\x86\xdaS\x99E>\xf9@8\xc28\xdf\x0b\x22\
\xed\xb4\x15\xd7X\x87\x5cn!\xa3\x95\xce\xe6\xf2\x19\xfd\
!\xa2\xa2\x93\xc9da\xd30\x18\x02\x05Dw?\xe3\
C\xee\x09\x1a#@p\xd3\x86z\xaa\xe2\xa0a\xf0}\
t^\x92\xca\xf0\x03\xc4\x83\xe4L6\x17\xbdG\x8f\x1e\
\xb8\xb9\xb9\xb9\xc0\xbc29:\xc0\xbf\x15\x92c\x03K\
\x99\xd3\xbb?\xca\xe6\x1fq\xcd\xbfVUUeZ\xaf\
\xafC\xc0\xe6f\xe6e\xab-\xf2\x18\x81\x8cM\xfb\xc9\
\x09\xf8\x9d+*\xda\xc4\xe3IN\xe3\x7f\x97\xf4Oj\
'\xb8\x9d\x9e\xb7T\xd3\x90\xcer\xd1\x02\xb0\xef(\xad\
\xbdPIa\x0e\x18\x10F\x15\xcf\x9e\xcf\xa4=\x86\xca\
\xc2]<11\xa4\xc2\x05j\x12|\xa8j\xc1\x83(\
w\xec\xd0\x1d\x1d\x1d\xbd\x19\x8b\x86,\xf4v\x1a\xcb\x9e\
\xcfm,\xa6:t*\x85\x84\x02\x10(\xf0\xf1Z\xea\
PR011\xa8\xa8\xa8\xeec5\x10\xfb\x02\xc2\xc7\
v\x0c\x81\x02\xe3\xb7\xe5\x17TO\xfb\x1f\xe0\xf3\xf3\xf3\
\x89\x05\x0b\x96\xdd\xd0+m}\x1d,\xd2F\xe9\xe9\xe9\
\xcbJK\x1f\xa2\xd2\x02.[1\xd8-@c\x03*\
\x16\xbe\x04\xdeu\x82y\xbb\x10\xf8Nz\xe9BHI\
>*+\x0f\x15\x15u\xa4\xab\x05h\xb8\xb7O\x9f\x19\
\x07\xbd&\xa8\xfc\x99\x9f\xa0\xb7\x14\x0f\x0c\xaa\x14\xcf\x8b\
l\x11\xd1\xcb\x0d\xd2z<\xfe\xc9!\x0f9\x1d\xe5x\
\x0e\x10\xfah<\x1e\xb7\xcft\x18i\x10i\x03U\xfc\
\x83V\x02u\xb7\xd5Y`\xed\xf7X\x01\x03\x00NN\
No\xb4S\xd4[\x87Tx\xe9H=nC-\xf8\
\xa1\x90U\x9a\x1c\xf1\xc5b\xb1\xa9\x8fX|w\xa7\xc2\
\xc7y\xd0I\xb2\xe5\xd1QR\xdc\xdb\xdbv\x84\xb5;\
\x90\xe1\xe3\xed\xb4\x8e\xba\x11\x22\xed\xf1\x074\xd2\x8f\x03\
%\x06^PFOQO/\xf0\xf21+\x8c\xba\xf4\
\xd2\x03\xe0\xed\xe54u#E<\x9d\xd2\x5c\xf4\x98\x89\
\xad\xc0\xf1\x0a\x96\x99\xefP*+\x8c\xba&u\xff\xea\
\xea\xfe \x22\x02\xfe\xc2\xdaz\xe6\x11Q\x15\xa4;H\
\x8a\x88|\x04\xfch\xea\xe8\xe0\xd4\xd8,uy\x1d\xb9\
+\xd55\xb0#\xd6\x05\x1e\x8b\x9aB\xcd\x09\x11\xbd\xad\
4GWO\xe8'\x89\xf8^\xb7\x16\x15\x01\xfd\x0c\xfa\
$5e\xae-q0\xbe\x8a\x01\xd6\xc9^P>M\
\xfe\xe1\xc99\xe2q^Rze\xc3\xf4\x5cH<\xae\
\xd9,u\xbd!\xa1\x8c\x8b\x10\x8d\xc2 5\xca\xf4,\
\x13\x8dGaT\xa5\x9d8\xd2GRp\xf53\x1a\x97\
9\xefGLW\xf7\x19a\x99\xc8M\xc5\xd5\x80\xd0\xb2\
\xf45<??\xd3\xd2\xd1\xa7|\x8d\xf4SO\x1c\xbb\
\xa0\x993\x8e\x84\x85\xf5+A\xc6\x9bG5it\xd8\
\xac=\x1f\x1f\x87D`\xde\x1fDE\xc0`\x0b\xbc\xee\
\x09{\x8b\x9a~\x8fXG\xebfI\x09}T'\x03\
78\x7frR\xfa\xbb\xf6\x08\x89?\x17\xe7\xc3S\xf4\
;kyE\x8e\xea^C\x8a\x1eO/\xa9\xcbGF\
\xa7\x9f9\x1atY\xdd\x94\x87z\xf4}B\x1f\xaa'\
!\x02\xf2\x1a\xe4\xd8\x0d:\xf7\x88\xf0\xden\x02\xdf\x18\
%\xbdKwo\xc8\x06|q\x0ds~\xa72\x7fq\
\xb6\xd6\xf2\x8a\xfei\xca\xea\xa4\x9b6Z\xc3X\xe8p\
Wq\xe2\xde\xd0r\xf5w\x1b\x08_6\xff\x8a\xc9\xf4\
|\xfe\xe9\xa5\x17g\x0a\xce$\x1f\xe4q\xfa9\xb9\x11\
\xffb\xc0\x805Ot\x9c{\xc4!\xb2\xbf\xbb+<\
U\x19\xc9uL\xea\xbc\xa0x#\xeed\x96\xef\xbc\x9f\
xou0\xf5U\x05L\xc7\x8cJz\x97\x93\xd4\x8d\
d\x86\xbepP\xc6\x1e\x9e\xe2\xe3\xd48<K\xc1\xd4\
ukM\x85O}\x10\x89\xcc\x1eOo\xf1UEI\
7\xd2\x00\xeaLF;\x0c\xde\x09-\x89?\x99\x1dq\
\xd7\xb7\xb5\xafwj\x169c!$\xe23\xc4\x8d8\
\x9a\xe8|Q\xcd\x1a\xbf\xbd\xa3qh]\xa7u\xe8\x08\
\x1a\x9c\xcf\xd2\xba:k\xe7\x06\xc6Av\xe2gc\x07\
\x0fO\xc8N<\x89\xa9\xa7\xa5{=\xa9\x9f\xea\x99\xa3\
u\xf3\xb0\xad}\xbf\x12E\x93C\xda\x05\xd0\xdc\xb8c\
\x04\x10\x18\x03\xe0\x02\xc0T\xd8\xfd>J\xd2ky1\
8\xac\xec\x1e\xe1\xe0s\xdb\x83%\xfe\xfa\xc9\xe18\xbe\
\xd6\x7f\x1b\xa3\xfa\xdb\x16\x13u\xc5\x85\x19\xa9\x96\x9d\x17\
\xf3\x99Z\x90>M\xd3\x9c\x09`\xde\x98>\x06da\
g\x95Re\xd1\xc4\x99 \x19q\xd9W\xbd\xc5R\xd3\
\xd3\xc7\xa3\xa6\xce\x9d\x88\x14\x0dv\x85\xcd|\x9b\x8c\x1d\
Z\xe7\xc1*\xbc<\x95\xde\x8a\x1f\x05\x95\x95f+M\
\x81\xaf\x14p\xf1\x16)\xa3\x02fR\x9a\x17\xa5\x8ac\
!b\xe2\xa3\xa7\xa9\xaa\x0b;\xc8W\x99\xcc-\xe5\xc4\
\xca\xa2\x81y/\x16\xa6g@h\xf9\xf3T\x98\x8e[\
\xe9\xca\xeb\xcc\x90\xa8\xc8\xfdjFu^O'\x0f\x84\
\xf2\xa4\xf0R\xa00\x1eK\x94\xcd\xbbsg{|\x09\
o\xa2\x14\x18BN\xca\x89\xe3U\x0b\xb2nN+\x1d\
MEB\xc6\x0d#\xffjq\xfa\x05\x83>~\x96\xf9\
\x8b\x1e\xb3HX_UxB\xe6[U\xab\xa5\xb7N\
\xb8\xfa,\xe9\x9c\x86XX\xbe\x8b\x89=\xfd\xac\xa4\xa4\
\xbe*\xfc*\xab\x86+W\x22\x0d?6\x06u#\xaa\
\xbe\x19\xbf*\xbc<\x96!\x10\x1eX|1^$\x05\
v\x9b\xbe\xfa\x8a\xaa+\x13\x89\xa2\x9a\x89\x84O\xa1\xd2\
\x7f\xadd;\xe9'\xe8\xdf&\xe9\xde\x1d,\xee\xb8\x15\
\xe1\x8fg!\x06y\x86\x1dGN\xeb^\xbc\xec\x14_\
\xc7\x8b\xae\x1e\xdeA\xa3\x8fw\xad8=\x18\x0cV\xce\
/1\x90\x10u\xa2sS\xd5m~\x82\xd2_@B\
@\xe6uk\x1a\xfdV-\x8b:-\xe9\x85:\xda\xf7\
\xe1\xdbn\x84\xfe\xcb\xcb\xc5\xea\xd5j\x8c\xd6\xa1H\xf1\
7\x14\x17\xdf\x90\x958\xe4U$&\x7f\x06\x022\x92\
Q\x17\xc8\x09\xf2\xd1=\x95k\xd3\x92b8\x13\xde>\
Z]\xc3\xb7\xd5\xf0<\x03\xae\xc5#\x07kaz\xbb\
J\xcf\xdf\xba\xb6\xd6\x19\xbeJ\x95\x14\x90'b\xdax\
/@\x16\x9f\x11J\xdf\xc6|\xf4\x9a\xf1P\x02\x22#\
\xc9\xdd:\xd2\xda\xc5?8\x81\xe3JZiZ&|\
\x5c\x02\x0d\xd1\xaf\xbae\x1cr0\x0cq\xa6&\xa1\xdb\
\x0c\xa1\x89\xc6\xd0\x0a\xdc\x00\xf9\xec\xbe\xef\xda\xafI\x90\
\xe4\x0a^.2\xc6\x97\xb4\xd0\xd4\x0c\x22\xbc\xab\xf1\xc8\
3\xf4\xf8\xbc\xeb[F\xe233\xe3\xae\xa4\xee9\x19\
\x8c\xca\x9b\xc3\x1e\xc0\xf9\xc8\xe4\x04\xed(\xd9\xbd#\x15\
fB\xda*\xf8,\xf4\xd1T\x1a\xaa\x8b\xc7\xbfV\x98\
\x9e\x8e\x06\x90\xef>aqX\xd7\xbe\xa2\x09E\x0e\xd2\
r\x80\x9cvw\xf7\xde~v\xa6\xa6q\xd7u\x8bx\
h*\x89\xc75\xb6xRT\x97zA\xda\x15\xec\xc1\
8\x83\xb4\x09\x1f%\x0d\xbc\xe6\x91\x0f7\xc7\xc9\x9a@\
\x5c\x1b\xb7\x01\xdbB\xfc\x0a\x0c\xeaDKWT\xe9'\
\xae\xa7\xd5U\xa7\xaa\xb2\xd2\xb9\x0eR\x84KP\xb6\x89\
\x08b\xd0\xbf\xb6\xc3\xc2b\xf8\x93@5\x182^\x13\
$\x84dD\x06::\x02'\xac)'\xb6\x80\x01\x9c\
kTa\xdc&\x89\xef[-}\xdaO\xa0\xc0\x81\x0b\
=h(\xe9\x05\x0c\x1cx\xceM\xcd\x8f\x0e\x80%\xd2\
]\xe0\xde\x18\xbf\xd1\x1at|\x823\xd2\x07\x00\x05\x1d\
\x9d\x00\x01\x03_/\x19\x9dG\x0d\x14'RJ\x92\xc5\
AR\xc3\xf0H\xb5s\xd9o$\xb4|\xaf\xb0 ^\
N*\x07\x8bz\xa8\xa4\x8e\xd0\x91Q \xc3A\x16\xa3\
\x88!\xc4\xd4\xa0\xb0\x0d#\xc2x\x18\x0a\x06\x04\x87\xa3\
\xa1\xaeL?\xe4N\xc5K\x10\xd9\x14@\x11\x0d\x82p\
\x18c\x08$\x80\x01\x02\x08!\x00\x02\x80\x11\x1a(Q\
\x03?\x1b]\xaa,/\x19\xebk;.Oa{\x91\
\x8c\xa1\x84X\xae\xac\x16P\xf5J\xad\x1c\x10\xe7\xf7\x03\
\xbb\xf1&c\xfb\xa9\xe7\xedh\x7f\x16\xbf\xb4\x1b\x22\x9e\
p\xad\xd3\x97.\xe2r\x8b$\xb5\x80/\xde\x86,\xe5\
\xe3v3MO\xa2`\x19\xf0|\xf62\xcb9\xa4\xfb\
\xe3\x1d7)\xf1\xc8\xdf!O\xdf3\xa1CvOO\
\x1b.\xe0\xfb\x81\x03\xb2r\xbd\x18 \x99i@\xbdj\
/^\xbc\xd2>\xe6\xedc\xdfo\xe7M~O\x91\x07\
\x97\x91\xc1\xeeP|\x81\x89\x96\xc2\x9bg\xc4\x1ds\xb2\
\xa3;\x03\x81\xad{\xda}}\xfa\xde_\x02\xe0\xea\x5c\
\x97\xbfFX\xeb\xaf\xec\x894\x92p\xff\xb4\x885\xa3\
\xf6\x0c!\x9d\xffA9\xf2y\x10\xf5\xaea\x8f\x8b\xb7\
~\xc3\xce3\xed\xd01\xe0\xd5q&\x1eD\xcf\xed\xdd\
\xd39\xce\xfd\x04\xa9\x89\xad\xf1i\x9ci\xc0\xb2!\x89\
Q\xa1\x7f\x16\xfa\xfa\xc5\xe3\x9di\xf3\xbdq\xe2\xb5\xe1\
l\x99\x9f\x06\x8be\xcb\xf7\xf2,\xd8\xfem\x07\xea\x1c\
\x0c\xeci\xdc5\x17\xaa\xcct\x93\xb6{\xfajQ\xc8\
_\xf6\xfa\xcf^\xeaAp\x8e\x9e7\x95\x8f\x9f\xff\x1f\
\x8c\xf4N(\xb9\xd8\xfe\x81\xf5\xda~>.\x7f\xdf\xf0\
\xfc>0\xd9\x81H>\x14\xac1\x11O\xaeX\x9a\x85\
\x01\xc8}\x96\x91\xc3)?\xad\xa0\x88\xfbs\xd0%\xde\
\xc43T\xdev\x8bP\xcc\xcav$\x0f\xe31@5\
\xdc\xe5L\xdb )\x1b\xeb\xe1\x87N=\xaa\x9fL3\
\x03u\xdb\x02\xb2\xfe\xed\xdc>\xa4\xa4\xebmZ\x11\x22\
\xc7\x12\x19\x11\xbd\xab\x19\x1f)\xc1\x0b\xde\x82b\x92\xf7\
\xf4\x01\x95;6t&\x0e1\x1er\xf0=\xa0\xf5\xe9\
\xd8\xdd|g\xd4\xa1N\xfd\xf9\x16\x01c^;M\xcb\
eb\x08\xc8\xea\xfe\x7f\x0f7\xc4#\x808>\x80I\
\x1d\x18\xed4\xe8\xffr\x1c\xf8\xd5\x02\xd1\x07\xed\xfe\x0c\
\xf4\xd7\x90\x9b\xeb\x036\x95r<\x1a\xc4\x01\x96f`\
\xf83\x87\x13\xdd\xa1C\xfb\x81\xae\xac\x0eLl\x03\xeb\
\x01\xf6T\x95\x0a\xc1\x03\x97\xce`\x1d\xa9e\x05<,\
\xc8\xc0\x19\xe0u\xe8\xd4\xbb\x81M|\x00,\xe6\x80p\
*\xf5 \xf2\xe0\xfes~\xa1\x7f`\xd94\xb3\xde\xbd\
\xfb\x00Z'\xf3\x1bI\xf0T\x0c}\xf4\xd3\xc1\x8am\
\x0fd\x82\xee\x80G\xa3\xc7\x8e\xfa\xb5\xe4\xedp\x8d\x19\
\xf2\x02c\xb3\xb4\x0f\x1doC\xbf6\x5c\xc4lr;\
~\x7f8\x0f|\x9d\xe1\x03&\x1aH\xe7\xf7\x96f\x80\
\xc9\xb1\x03\xf6\xfe\xa9G\xe4\xf1\xaev\x9e\xe9[\xa8\xdb\
\xcbb_\xf0F\x85y\x91wF\x0f\xfb\xec9\x0a\xfc\
\xee2\x0a\x80\x8fV\xf9\xf1i F~`*C\x8f\
h\x88\xf2\xfeG\xc8w\xc2r\x00=\xdb\x98U\xe9\x00\
\x8c-\x1cW\x9e\xf7\xf4\xf8\xc4\x9f\x0f\x90\xf7_\xc1\xdf\
:\xcf\xf9\xcd\xa7\x833 \xb3Tv\xca\xf60\xe8\x1d\
y.{\xa0\xbf\x85\xdf\x02\x98\x0d\xb9G8<\x80\x86\
.\x05\xd9\x10\xd9\xa1\x90\x0e\xd8o\xbc\x8a\x0e\xe8\xfe\x85\
\xf2\x08\xa8\x94\x05\xe8>\xdcmf9f\xab\xdb:f\
\xe1\x11\x5co\xa8WbYa\x8f\x03\xfd}\x1dj\x1e\
\xbc\xcf\x8f\x09-\xa9\xe7\x00\xfe\x84\xd5\x8d\x07m\x86>\
\x07\xf0\x83\xd1\x0b\x85\xfeo\x8e~<\x90\xabq3\xdf\
\xab\xa9\xb6\xebX\xf1\xcb`z\x095\xef\xd9\xdf\xa1\x1d\
\xcdv!\xce\x90\xb9\x7fo\xd4\x80\xc9\xab/\xf0\xfa\xaf\
\xc1$\xfd-\xab?G\x03\xe9\x0f\x0cH\xb6\xeb<\xe0\
\x05\xb7\xe0\x9c\x03\xf4=u\x82\xa7\xf9\x95\x15F\x1d\x12\
;j\x9c\x0f\x90|\x84\xb3^\xf0a\x9e!>G\xd4\
\x01\xc9u,\xbb0\xca\x83\xdc\x8b@\x9e\xcf\x00\x8d\xfb\
\xeek\xc5\x0dj\xef\x81\xc2$'\xfdCN\x16A\xe2\
\x85\xef\x1b \x1fT\xae\xfe\xc6\x01\x22H\x04_@\x8f\
\x9a\xea\x99[\xbe\xfbo\x9es\xe7\x07z2\xd1\xb7\xe3\
\xd4!\xb0\xe1\x06?-\xec\x07\xd9\x99\x9d\xdf)\x03a\
\x9f8\xfeT.\x0c\xff\xac\xf2\xfb(\x87\xfb\xa7\xe6\x80\
\x82W\x03(9X\xe0\x0e>\x08\xdc\x1c\x198\x99\xb1\
=\xa4\xdc\xed\x0cn_\xfd\xf6\x9c\xb5\xc4\x01\x10V\xbc\
\xfa\x19\xb0\xcf\x8fg\xa0\xec\xad\xeb1\x06,o\xd9\xc3\
\xed~$g'\xe3\x00\xdbE\xb4\x0f\x8a\xdd8\xc3\x0c\
d\xee{\x9bf\xce\xc7\x0f\x82\xd1\xe0g~\xdf\xfd{\
\xa5\xc1\x9dI,x\xba@z\x8f\xf1\xc4\x99\xd3\x5cZ\
\xba\xbaO\xd3\xfe\x0c\xfb\x1e\xcf\xc5c\x00yi@x\
h\xe9\x12\xccT\x0e\xd4\xae\x19\xc5A\xe1s\x90\xe1@\
\xf1\x8d\x12\xbe\xe0\xf8\x01\xf4\xd0\xcf\x8fd\xa6\xf3:\xfe\
C\xe4\x09o\xfb)la\xe0P\xa0\xd8{\xa3\x5c\xfa\
\xb7j0\x91\x9fsb\xbc\x02-\xbf\x17M&t4\
\xea\xf1\xc6\xa0e\xf5\xdc \xb7\xd1\xc0\x83x_\xb6x\
\xf5\xe5\xee\xd6\xf1D\xb7j{\xa3\xb5\xad\x7f\xa7}\xef\
\x03f\xbd\x86\xd9\xb7\x87\xbf\x80\x03z\x8c\xce\x1e\xa3\xba\
\x8c\xe9%,\xbf\xf0\x9e\xd2\xb3+\xfa\xc86\xb2m\xb8\
\x0do\xdf\xdc\x80\xf2N\xd8&\x5c\xe5\x92\xff\x9c&.\
d\xec\x9d\xff\x0e\xe7\x06\x88l\x06\xfd\x9b@\x0e?l\
HxXj\xd1V\xe7\xb0\xc9\xf4\x1da\xb3\xa0fJ\
\xd0V\xc2\xf3\xc9\xe3\xf9}\xfe\xfbpg\xf2\xff\xad\xfd\
\x86\xbf\x01\xe1\xe7\x93\x9f\xd0\x15m\xd8\xcf\x82\xb7\x15\xa7\
\xb9\xf6\x7f\xb5\x0e\xb4\xf5\xa0m\x87d\xc3\xbf\xdb\x8d\xd5\
p{\xbc\x91BM\x86\xba\x04\xf3\xbb[\xdf=]\xc8\
\xaf\xa7q\xd1\xf8y)<!\xb5\xbf\x03\x83;2k\
*\x12\x0e\xdc\x1fI\xb8\x81#\xae\x10\xf6~\xfd\x17!\
\xee\xc3\x07\xcbe\x1e\x08\xfa\xd0\xd1H\x1a\x18`9H\
\xc7\x175\xefr\xe3\xf7\xf0\x92\xe4\x90=\x06\xff,*\
B\xef.\xc3\xb9\x87%V\xf7.\xea\xdb-\x18b\xd7\
\x1a\xf4\x09fy\xb3\xb8\xebK\xe7\xb9\xa59G\xe8t\
y\x00\x84\x8bt\xe8\xca\x87\x1cD\xc3\x0dX7\x9c\x1a\
oX\xb4\xfbWxnA\xbc\xda\xcd\xa3\xbe\xcb\x5c\x9b\
\x17\xe1\x18\xb5\xea\xed1\xa5}\xed\xa2{a\x93{\xf8\
\xd3/E;\xa7hZD0oU\xe6_\x82\xf55\
\xad\xd4\xa2\x1d\xe6;\x107\xa0\x9by\xfc\x99\x8d\xa6\xa8\
\xdc\xbas\xbd^\x18<\x08\xe1>o\xe5[\xdef\xba\
\x08>r\xf3\xd4\xf8\x9b3\xef\x07?\x80\xbb5n\xcf\
\xc8\x8ev\xb9\xec\xc4\xb1a\x0eA\xeb\x01\x91\x0fd\xf2\
)V\xfca\x8a\x1d\xe8l\xd1\xacA\x8av\xbc}\x99\
O5\x9f\x18\xcd\xdbd\xfc\xe4\xbf\x15\xde\x91\x0b\xc2\xd7\
\xd6\xf2\xac\xd1\xcf]\xc1\xc4\xf18\x08\xcb\xc4\xec\x95>\
 \xef\x82\xae3k\xde\x5c\xf0\xaf\xde\xe6\x07\xdeDl\
\xd5K[\xd9\x8a\x03\xfc\x86w\x00f\xc7*\x1f:\x9f\
\xa8\xdeO\x1c\x12o\x88\xb2d\x10?I\xce\xcf\xf1\xd0\
\xa5\xef0\xe4\xfe\xbe\xce^\xe8\xac\xed\xa0\xf5@}A\
\xb9\x07b\xf2\x83x5\xac<\xe8\xae\xba\x94\xf3a\xdb\
\xea\xe5\x0c\xae\xbf\x19\xe61\xdcy]\xa8\xa1\xc3=\xfe\
\x0f\xb8\xf6V3\xc3\xce\x9c\xe8\xb2\x9f\xf3\xfb\xbc[\xbb\
z!j\xd1\xd0\x0e\xd1+\x88\x95*\xe5\xc1\xae\xbd\xeb\
\x5c\xb3\xe7\xfa\xf4\x86\xc8\x83\xb7\x07Q\x9bX\x97\xdf9\
\xde\x8c\xdf\x0e\xeb\xe1\x89?n\xeaqc\xac\xdf\xe1\x0f\
\xc4\xc08\x0c\xb4\xb9\x84\xdb\x0e\x9e\xccx/\xc00\x89\
\x1d\xf7\xbdXX:q~`8\x0f\xf3\xd9\xbf\xb4\xf0\
w\xea\xd7\x8f\xb5ae)O8\xea\x09\xf5\xb1\x9a+\
\xd7\x0b\x8f1!\x0b\x96\xe9\xe3\xf1,\xd3\xf1A\xafE\
\xf8\xb6\xb5y\xa0\x1c\x19\xa2<\xa4\xd7e \x975\x91\
\xfc\x89\xda\xbdcn+Z\xdf\xe7\xbf\x89_\xeb\xdc\x9c\
\x82\xce\x92\xf0\x8d0\xc5\xb8<\xdc\xbe\x91\x07\x93\x06\x12\
\xed\xee\x06<\x98\x11\xcd\xf9=?\x0d\x0f\xd4y\xa0\x0b\
\xa4\x01\x8b\xc6\xd3\xf0\xd8v\x08>\x1a\xd8\xb07\xd1\xb6\
s\x8c\xdf\xf5:*\xbf\xf6\xf6?3i\xfb\x1e\x00\x5c\
\xe3\xfd\x9a\xc7\xb7\xc0\x80\xfd\x1b\xd1\x7f\xb7dEFN\
5\x94\x81\xa0\xf5O\xaf\xb7\xc0\xdd\xe3\x06\xfc\xde\xce1\
4\xbb\xe2\x05%a\x1cH\xc7\xc0\xec2\x90\xe2\xd6#\
\x0f@\xdf\x00\xff\x9e\xd7\xa7C\xf9lA\xab\xe7=\xcb\
f\xe8\xc0\xb8~?\xe6T\xf8\xf7\xee\x9f\x87\xbd6\xae\
\xf1\xc6\xc7Y\x98\x15\x87\x97t\xfd\xd6\xab\x5cd\x01\x19\
\xc4\xc0\xe5|\x04\xe6\xe7\xff\xc1\xab\xf8^\x07\xb7\xddN\
\x06\x04\xee\xc8giQV\xa1\xfby\xac\xd0\xc7\xe1\xcd\
\xa2\xee\xcf-9\xfc}\xa1\xc8\x91\xca\x90\xcc\x8e\xb7\x11\
-\x03^(\x17\xf7\xd5\xbfpF \xaa\x81i\x00s\
\xd7\x09\x9f\xd0\x0b\xa4\xdb\x9cl\x07\x9a\xf1}\xa4}\xd0\
\xe1\x15\xee\x16\xfe[\xbeM\xe8\x1b\x1f\xdaB\xfd\xafU\
\xe6\x03\xec\xb1\xf3\x5c\xcb\xbc\xc7\x8eC\xc0UG\x0c3\
\x95Y\xb0\x0a\xff7\xcfF\x86\xb8\x03\x80\xfd\x9bP\x1d\
\xfb\xc0\xc5\x10]\x13\xd0\x0c\x86\x9c\x89b\x0c{\xb9\xc0\
?r~\xc8f\x99\x87{\xb4\xfcs\x0c\xe8\xb5T\x9f\
3{\xdb\xb5\xfa\xf51'6\xde\x8f\x07D\xde\x1c\xc1\
\xa4\x1d \xf6\x0f\x96\xa6\x1e\xd8\xf6\xa6J|Xi\xf1\
$\xddT\xd0\xda\xc9\xfc=\x91\xba\x7f4\xdd6\xe9\xba\
\xb4\xf3gz\xda\x9d\xffM8\xae\xe3:\x1f\x0b\xdf\xb3\
\xaf\xc7\xdf\xc3Q\xfb\xe2:fl\x22\xf8\x0d\xe9Qb\
\xcc\xb1\x06,K\xb4\xed\xfc\xf5\xd9\xd7\xad\xa8\x87\xe4K\
\xcb\xcab\x7f\x1f\x9e)\xd0\xc49\x8f\xf3\xbc\xe1\xb9?\
\xef\x04\xeeO\x91\x07\xd3\xec\xc6\xfc\xcd\xfe@)\x0cP\
\xe60\xa7u]\x8c\xafd\xfc;5\xfb\xdc\x8e\xde\x1e\
Gc10\xf2\xbe\xc2\x0b\xbe\x9d\xd08\x0f\x9e'\xd4\
n\xcc6\x8c\xf8nO\xe7\x83\xee\xfd\x8d\x9c\xf0H\xb2\
\xc6\xc3\x8a$5^\xd9\x04\xc4\xfd\x00\xd83\x97\xf8\x09\
\xda\x1dh\xdd\x04/\xc4?\x9d\x13\xb9\xb3\xf6\xd7\xd1\xfe\
\xbd\x922\x0eD\xef\xd2\x89\xf4 \x9c\xff_\xcbR\xbe\
\x03Q\xbf\xf1 \xe0\x80\xfc\xed\xafz%\x1c\x8c1\x9d\
EsC;\x08~\x07\xfc6`\xdf\xaf\xc5\xf4/\xde\
\xf8\x0f\xe2\x0b\x14\xe0\xfb\xc5\xd7\xa2\xbd\xbb\xcc1\xe3+\
\x8d\xd1\x82\xdf\xc3\xff\x1d7t\x009\xbb\xa2\xa3\x07\xff\
\xa4\x99{\xf0!\xd4\xb82\xff\x86\xba\x9f\x8a6\x91p\
\xfbL\x88\xdb\x01\x0b\xf5\x87\xe5\x80R\xde\xaf\xfbl\xf0\
|\x1a%\xef*\xc9\xcb\xf6W\xdb\xf6\xd2\x80\xce|F\
\xf2=\xff\xe0\x87:\xb0dF\xd3B3\x8c\x1e\xf3p\
\x1aIm\xe8\xf8\xde,6\xa4\xf1\x0bs\x1a'\xca\xc6\
\x8ar\xfd\x7f\xc2\xda?v\xb7\xcd\xab\xfc?\xf0\x02\x0c\
\xfc\xff\xa1a>x\xfc\x90\x0f\xd3\x9c\xf8pn\x8f\xad\
LH\xf3xa0\x90r=\x90\xf9\xbb\xa1\x96\xcb\x98\
^vw\xb7\xff\xee\xa5\xf0\x03|\xc9\x0cL\xec\xf8C\
\xca\x87\x1a\x0f1q=W\xb4\xdf{\x82\xc3\xb0\x16F\
\x03\xd3yu`=\x08oj\xee$(\xcc\xb420\
A7F\xb2\xf7\xf2\xc3\xc0\x16\xc2\xffE\xd8\xcf]\xde\
\xcb\x06J\xf7\x89\x7f\x0f\x08])\xb6\x07`\xbe\xa1\xad\
k\xf29\x9b\xbf3\xfe\xd3\x9d\x99\xaf\xef>\xe6\x01\xf7\
\x9e`\x82\xc0\xaf\xaf\xfc\x9f\x03\xaf\x14\xf9\x82\xeb]\xc1\
\x16\x0e\xc03\xe9\x0e\xe8>1|&\xf7\x92N\x1fZ\
v\xba\x8f\xf6\xbe^_\xff\x11wb7\x5c\x7f:<\
\x90b!\xf3AoW\xcfX\x1f\x9f~\x04\xf8\xbd\xbd\
\xd7wB\xa5\x89\xeb\xfd\xcd\xddr\xf8\x0a\xc5\xf9\xa2\xce\
\xa4\xed< u1_q0\x16.\xf6\x1b\xec\xc09\
\xc9B_\xa0a\x9cl\x1fW\x90\xc5\x01\xba\x9fn\x9e\
\xa6\xfa\xc4`Dy?\xab\xe9\x84\xfa\xe0\xe0\xbf\xef7\
\x03=\xee\xa6\xd4\x91\xbb7\xc2\x11/\xc4\x1f\x00.\x16\
\xeb\xff\x89\x09K\x0d\xc7|\xad\xf9\xf0\x83\xddg\xf6Z\
\xb0\xae\xb5\xd3\xe7\xe7\xefR6!\xcb\x7f\xfb\x9e\x0d\xe8\
\x01\xda\xff\xe0\x85\x9b\xfe\xe1\x1bq\xc66{`\x81\x0b\
\x9d\x9e\x94\xfd\xdf\xe2\x82-\xc8\x07\xf2\x9e\xd0=\xbd\xf1\
\xd1\x8b\xdd\xbb\xf8\xb9P?\xd9\x0b\xb56\xb0\x82n\xc3\
\xb5(\x0b\xea\x81\xf1Hd_\xc5/\xd8\x1ej,\xc3\
+=\x07\x9b\x8bi\x07\x9b<\x83)\xc3\x01\xb7\xc8_\
\x96_h\x99\xc6\x0fY\xe0\xef\xd0\x869 BO\x5c\
\xf6N\xb8\xd7\x12.\xa0\x07\x94\x0f\xc6t\x13\xcd\xc3\xbf\
\xcc\x81\x98\x8e\x83>9\xb8;\xef\x0cXW\xf9\x98\xc5\
<\xd0\xf11\xd8\xf1\xec\xb2q71\x05\x8b\x0f\x88&\
\xc6\x04\x07\x06\xfbX\x0c{\xf8\x02\xbc\xce=\xb2\xdf\xa5\
\x98\xb4P\xb7\x81\x96\x17\xe3\xa8_\x83\x9e\xbd\x9b\xf7\xe8\
nY\xacj\xf0\xe1\xa5c\xe4z@\xaf\xb1\xcd\x83A\
\xfb`\xe6!\xcc\x02\xa0SF\x8b\xac\x7f\x8aW\x12\x8f\
\x07\xed=\xe3\xa3\xde\xa37\x0a\xb7\xae;\xe99\xb4Q\
3\x86gs\x9d:\x9c\x90\xb5\xc8\x01\xb4:\x8f\x8b\xff\
\xd1\xcd\x8e\xadm8\xcc\x059\x17\x06\x0b\xb9]\xfa\x08\
\xec\x8d\xea\x18v+\xb8\x07\x84\xafR`\xba{\x84e\
2\xdc\xd8\xf7\x91\xec\xbfF\xb3~\xa0\x81\xbb\xafV\x1d\
\xa0v\xda\x94\xde\xcfR\x08Y\xd0\x80\xed\xe7\x0ehs\
 \xf4\xd6F\x83\x03\xbf\xd7/\xe7i\xe7_\x93\x90\x1e\
\xc4\x1evS\x8ba\x8a\xa9+\xbe\x8d\xfb\xd3\xa4$#\
\x03>^\xc7\xb2\x89%R\x0b\xf3\xee\x0d\xa9=~~\
\xbbq\x8a9^\xc6\xe0-S*\x9f-\xa1\xc8\xfc\xf6\
\xfdc`\x8d\x0ei\xd4'\xff\x8e\xc0\xce\xef\x06\xdb}\
\xd0\xc5\x1e\xb8\xdd\xf2rZ)\xa8\x0bnZV\xae\x12\
\xfe`\xf0\xae\xb7b\x1b\xc6\x22\xee`_\xaeh\xea\x0a\
\x1b\xe3\xc3\xc7>(\x9d\x01\xbb\x01\xf4\x16z?\xc1l\
8Q\xd5i7\x91-O7\xe9R\x0a\xbey\xc9\x16\
\x17\xac\x8en\xd8\x0d\x0b\xea\x05@K\x85\xc8\xcf\x00\xd4\
&X|A\xfb71\x9cA\x0e\xfb\x80\x1e|\xb3\x07\
\xf7\xf7u\xe3\xce\x8b)8\x16!\x8e\x03\xdc\x15(\x1b\
]M\xb0\xfdt\xe4\xf9\x9c=\xc8\xc3s\x84\xef\xf8\xc7\
\x16\x83\xd78Jm\x8d\xb7\xd8^P\x13\xd3\xee\x03\x82\
\x8bz0\xa0\xac\x04\xc8\x0d\x8f\xd2\x02y#$\x0e\xac\
=\x229\xb0\x06\xbe\x9d\x97\xbf\xb1\xf9He\xcf@\xcc\
\x83\x8cq1\x01\xe1\x85\xf5\x06Z\x7f\xf9\xae\xa9\x1e\x98\
\xae\x9bC\x92!k\x98\xdc~\x96\xc4\xf1\xd5\xf8\xf6\xa4\
\x8bU~\xa3\xf4\xc2\xe7\x99\xb8\xad\x01\xeeC8\x90\x9e\
\xefr\xa4\xa1\x03wN\xfdi\x05\x9b&p\xd871\
\xc23\xc6\xeee\x13~\xd3\xea/\xe8\xe8\x84Eq@\
\x7f\xeb\xbd\xc2\xc5\x09\x18w\xa0>\xfc\x84\xbf\xdd\x07\x1c\
\x1b\xb0\x01\x7f\x98\xe3\x03U\x91\x1c\x82\xdd6\xb9\xc1\xf0\
\x07\xeb\xf0\xb4\xf4^D\xf1\xb48/y}P\xef\xb4\
\xf53S\x03Tx`\x98n\xed\xc3_Xa5\xce\
\xc0\xed\xdf\xf3\x8a\xf9,\xb9~\xff{\xfa=\xeds1\
<\x11?\xact\xf4\x9d\xa7\x19\x84\xfbm\xd7\x94\x1dy\
g\x0c5\xdd\xf8S#\xc6\x00\xf6\x1fKX\xf0\xc9\xcf\
\x7f\x1b\x90\x8c\xb2\x0dX\x16\xf0L\xc8`\xbfo\xeeA\
\xc1\x9b\xf6\x17\xe5\x93c\x96\x91\xaf4\xef{\x14\xa1=\
\xbd\xd9\x7f\xf3=\x9a\xbf\x1eo\xf1\x9cN\x0d[,\xf3\
+\xeb\x05\x1d\x03fL4\xce\x8b\x03\xcc\xbbB>\xbb\
\x1c\x1e\xd9q\xd0\x07\x11/I\xbe\xda\xef\x88\x08\x0d\x0e\
\xfe\x83\xdf]\x96\xf9S\xc1\x87-\x13\x1f\xac\x1e\x94Y\
yT\x97\xbf\x16\x0e\xd61\xf3\x9d+\xbfs\x8c<f\
\xa8T\x81\x17\xe4\xfb\xc0\xe12p\xb9\xc53\x17\x1a\xab\
\x05\xa8@0M\xbd\xf7N@J\xdaU\x09\xbd)g\
8!H\x83@\xe1\x95\x89.\x17/\x0d\x10\x94q\x09\
\xca\xc83\xceH\x8f\xe7m\x18\x19p\xc8\x1ci$\x1c\
\x9a\xd9\x96\x87\xc6L\xda\xf38|\x0ea\x1c\x086K\
^\x1aQ\xf3\xa4\xf7\x91&\x9bQ\x86\x03\xf8\xc7\xc8\xde\
\x1e\x16\xf0\x1f]<\xc8'\xa7\xc0\x17\x1f\x88\x8bs\x16\
\x9b\x9f\xf9G\xc3\x5cs\x03\xd0\xb3S<\xc6\xc1G\xba\
g\x00\xff!`\x10\x0c\x91\xf5\x1do\xdb\xed\xe1U\xf7\
AS\x1c\xab\xfd?R\xd7\xb0\xe9\x0ex<\x10\xeco\
\xcc\xf3\x05C\xe3\xcd{\x5c6\xacO\xa3\xf9\xb3\xe5\x1e\
\x9c\xb0@i\xcc5DU\x8e\xed\x13#\x86\x1f\xf1\xff\
\x05\xcd\xefm\xa3\xca\x83\x1dua0\xd1\xe2a\xd5O\
\xfe7\x9b\x12\xa2\x17T:\xe3\xcdI\xa1\xda\xad}k\
\xcf;=\xc2\x11\xb4\xc3\xbbi\xd9\x0d\xa0\xbf\x12\xbd1\
\xe7\x8fE\xe3\xf6l\xda\x0f\xde\x1a\xc7\x89=\xbb\x8f\xae\
\xc3y\x90\x9e7\xfd\xe9\xb2\xd8\xbcb\xef0zR\xbb\
\xbb\xde~w\xcc\xafx\x9f\x88\xf9H\xfa\xfe\x83\xa1\xc3\
)_\x0b\x87\x87\x07\xd0@\xf6\x9dX&^z6R\
u\xb8\xae\xfa\x9c\x85\xe1s\x077\xeeE/Q[P\
\xab\x8c\x7f\xc0\xd6\xc0\x98\xc7\xc9z\x83\x9f\xd3l\xb3\x9f\
\x19\xd7\x03\xc2\x9c\x8f\x95\xfez\xf6[\xefm\x87\xc2\x83\
\xce\xcc\x1d\xc3Q\xb7\xa1)gP7\xda\xec\xcf\x90\x89\
/\xaf1\xb8j\xfe\x02\x9a\x19\xa0\x8d\x5c\xb1\xdc\x95\xdd\
\x0a\xd9~\x06\x9b\xad\xd0\x84\xb5\xdf\xa9\x93\xf7\x1e/\xec\
w\x18\x05Nj\xbeE\xaf\xeb\xb6u8-\x1ev\xec\
i/t)x\x1a`\xa8\xfd\x9b\x9c\x87y\xfe\x97\x1c\
)\xfa\x0cGc\xc2CXS\xee0\xce\xe9\x10w\x07\
\x8f\xe1\xf0\x8a\x80\x18\x05C\xec\x847\xfe\xf2q\x02\x83\
\x92\xf2\xe2\xf0\x12\x83\x9c\x0bh^\x8c\xf3r\xde\xed\xc6\
\xdfhi\x10\xd8#\xb9C\x87\xd8^\x86\xe6\x10\xe0\x1e\
\xc5\x8c\x83\xf3\xf0\xa2\xa1'\xabqr\x05\xf3;\x1d\x94\
>\xb0O\xc6\xbb\xe3;\xe2\x7f\x17\x94N\xd79O\x0c\
\x0a\xc8o\x1a$\xb4i\xe8\xdf\xd0\xf7\x9c@z\xca\x12\
\xf5\xe6Z\x99\xa3>\xfc\xfdi\x9ahx@\x0eT\xf2\
.\xadW\xf4\xbd\x07\xff\xb2\xf7\xcf\x15\x0d\xb3\xf2\x95\x89\
\xa78?\xa3\xe0a^%;\xf1(X,\x87\xc6\x80\
\xc6D\x00~\x91\xc1b\xdf\xfc\x7f>Cd\xfd\xe9\xa4\
\xfc%.m\xd6\x9a_\xec[\x1bN\xa4\xb6\x1cU\xa1\
\xdb\xe3\xfc\x5c\xad\x89{\xd8\xd3h\xdd\x90[\x0eC\x1e\
\xc7mw.\x9e\xe8\x7f(\x9d\xaf\x85\xbb*\xbf\xd9\x07\
u?,|SP>\x9f\xf9v\x84=_\xee\xce\xe5\
\x22h\x0f\x1aSf(\xdc\x83\xda\xa9J\xc9u\xef\xe5\
\x92\x82\xcfS\xdaF\x93\xceJ|\xab(\xd2\xae\xeeS\
'RV\xcfw86\x07PM\xd45?3\xd7\x0f\
\xc4O4Y\x1c\xa4\x86\xde\xb7\x02\x08\xaf\xaa\xab!v\
\xa6\x18\x87\x8b\xa6\xd9\x1dW`\xcev\xf0\xccf\x0d\xcb\
\xb6\x94\xf6\x1d\xf6\x88\xbc>no\xea\xaa\xdf0\x80\xb3\
$\xa3<\xa4\xf3\x22c\xf1\x17\x1c\xf1p\x9e%fv\
\xcc\xf4l u\xa8\xca\x9d\xb6\xbf`\x8f\x0f\x0f\x85\xb0\
\x9f5G6\xc3\xd3\xc1e\x02\xba\xa1\xdeN\x90\xa8\x09\
\xb7\xfe\xa4\xa7-\xdf\xee\xcf\x13\x9f\x80f\xcb\x83\xe3n\
\xef\x98\x9fp\xdf\xf7\x0ek\xfde\x8d\x190\x951\x8e\
\x11\xe444^\x88\x5c><o8\x07\xa69+\xf7\
w?{\xed\x0e\xee\xe1\x1e\x19r\x8b\xfa\x06Y\x0eZ\
]\x1c\x99bv\xc3\x0f%\x85\x06:e\xe2)\xca_\
\xeb\xe8\xe5\x1c\xbfda\xa8\xf8;N\xd9\xf5\x19\x04\xde\
bX\xf2\xb5\xe4\xc3\x05W+6\xcf\xe6\xfb`\xa6\x8f\
\xbe\xcfa\xcbE\xc8\xe6\xf1\x91\xb3\x1fk\x1f\xbe\xcfc\
\x07\xf7ao\x1c\x04\xa6\xe9\xca&\xf3\xcb{-F\xd4\
X\x85\x1b0\xe9\x07k\xdbC\xdb\xfe\xcc\x96\xa8\xa5\x84\
f\x06\xcdqo\xcar\x22\x9f\x89\xce\xdd\xc6=\x0c\xe7\
,\xae~\x94$\x86\xf2\xe2\xf1VN\xe8\x09\xebS\x1b\
3\xac'\xf3O\xd8\x13m^\xe2\xbc\x97\xe9Ms\x08\
\xea\xe8\x0b\xff\xcew.UP\xb3\xe3\xaa5\xc4\x8e'\
6\xb0\x94\xd44~\x08\xbe\xff\xa5\x87SYS+o\
\xdd\x91\xd97\xf2\xc7@\xb7\xa1^z\x18\xb5Kqu\
`T\xff\xb4\xd4\xc4\x98O\x91\xc3]r\xf9z\xc0\xd7\
C\x8f}l\x98\x9c\x87\xef\x8a\xcd|\x1e\xed\xb9n\x02\
a\x1eQ\x84\xab+\xf6\xce\x0d\xf9e_\xf7\xe61\x0b\
:p|b\xb1\xccwV\xec$\xb4\x9e\xfa\x15\xd3\xae\
\x9e\xa7e\xd1G\xe5D\x7f\xd2\x97\x99J\xce\x8f\x18\x9f\
\xd0\xc0\xac\xef,:'\x9d\xfa5:\xdf\xe4o\x94\xcd\
U,f\xf7M\x0f\xa7\xc7\xf2\xc2\x82_\x96\x7f\x0e\xcf\
\x5c?k\xccK\x94\xa7\xb0\xb1\x11[\xa7\xca\xcd\xc3\xd9\
\x05\xff\x94\x9b\x9ay\xe1\xee\x18\xee\xff\x9cM\xd0\x8d-\
\xf3\xe9Cz\x873\x18eU\xbd\xe0\x7f\xb2}\xc46\
\xa6\xfe7\x85\xd9\xb6kS\x1f\xc2_\xe0\x87\xcb\xe1\x98\
\x0dxG\xff\x8b\xa8\x13\x98\xba\x0e\xfcw\xad\xf4\x07\xe7\
\xf0b\xfcN=Ws\xd2\xd3\xfa\xc3\xa7{t\xe7\xee\
\xf6\x87\x16\x94\xd6\xcb\xf9\x7f\xd6\x1b\x04\xe6\xa2\xd3\xa1t\
gP]\x7f\x9dr\x9b\xcb:\xbf\x054)\xd6\x12\xd5\
\xfeho\xa6\x10\x0b\x18\xfd/\xe0/\xaa{\xe1\x7fw\
1O\xb8\xd3Q0\x1d\xce\xd9\xa5b\x84\x9aD\xf0u\
\xb5S\xe9\x8f*\xe6\x931\x5ciO\x0eAwc\xf1\
>\xa3\x9eR1\x1e\xce\xcb\xbb\xb4\x5c\xc0O\xe9\xf8\xbf\
\xff\xaaz\x0dA|\x14,\x1e\x97\xbf\xd5\x979>\xfd\
S'}\xd9\xf6\x82]\xcd\xd1B_\x8e\x12\x8e\xc6G\
\xde\xd7i\xc4\xce_\x95x!3\xc9\xd0\xce\xf1{\xe4\
\x17\xe2 \xc57\xf4\x7f\xfe@\xe4\x9c/\xd8\x96\xdae\
\xba\x8b\x89\x1d\xf5#i\x1a\xaa`\xf1\xda\xf1#\xe8i\
\xadq\xc1\xdd\xc6\x1c\xc8\xfb\x90\xf9\xff\xe7\xfdn\xcc\xe8\
\x1f\xc1B\xf1\x0b\xc8\xbb;\x9c~\xda\x9f\x07%\xe5D\
4\xb4\xe1\xb2\xd6\xec\x05e\xf7=\xe8^>\xef\xc5\x98\
\x8e\xfbI\x92.\xff\xe1\xe4O\x90g\x22\x1dt\xbe\x8c\
\x05\xa7\xfc\xbbS\xeb\x13\x8d\xdf:\xf2\x88\xc0\xdc\x99\xc3\
a\xb9\xe4\x9f\x5c?R\x1b3}\x10\x98w\x93\xb8\x17\
-\xf1J\x8c\xbb\xe8B\xb7\x8c\xbf\xa31\x1f2y\xf2\
\xe4mC\xf9\xf3$\xce\x96\x93\xc9\xe7\x19\xf7\x17\xb6\xbe\
;\xc4q\xb3%\xaa%\x98\x9a\x0b\xa7#\xd6T\x02^\
*9\xf9\x87\xfdL\x1f\xcd\xcb\xe0\x16\xddO\xf2\xe0P\
\x9c'\xea\xb6\x1b\xb0\xd1mg\xb6\xeb\xcc{p\x7f\x87\
\xaep\x0c\x8b\xb4#\x8a\x1eG\x14\x0ex\xf2\x86\x1b(\
\x1c\xaeo\xa1\x90sT\xfc\xf9\x99\xf5\xcb\xc4\xe5\xe7c\
\xa4\x1e\x1e\xba3\xd8\x1f\x9f\x09x\xfe\xf6\x97\xfa9\xbf\
\x9e7\x9d\xea\xff\xcd\xf9\x82<\xf6\x1e\xc2\xeb\xb1\xea\x88\
\x834\x87\xd73!\xe7\xb0\x11\xcf&\x8ed}5\xcd\
\x86d\x9c2\xbd#\xfcQ\x1b\x98$\xb6\x04\x9a3\xba\
\x1d\x0c0?\x02\x9b\xd4\xc2N\xe9\xf6Z3\x94\xeea\
\xad\x17[\xe7\x0b\xf7\xcf\x89\xadyX\xf7\xdd\xc0k\xe5\
\xc04)\xfb\x15:\xa5\x0f\xf5U\xfe\xcc0K\xde\x89\
\xf8[O\xe39\xady\xad\x11])\x94\x0a\x8f\xf4\xd1\
\xc9{\xebb\x904\xbe5\xe1l0\xf7\xd5^\xbfQ\
\xdc\x7f\xacB\xdbI\x985c~\xa4\x8c\xc7\xe6\xdb\xe1\
\xd1\xd3\xc2\xfb\xca\xcb\xf9\x9f\xcb\xe5\xd3@(\xd7\xf5o\
\x07\xc9\xdf4WA4`\x0b6\x91\x18\xef\xe4\x10\xb0\
\xc93D\x80\xe0\x22=^\xef\xe2?\x01:\x8e\xdfd\
\x83\x97\xa1\xe1\xb7\xfd\xf5\xd4\xcf\xe0\xfe\x9b_i\xa0k\
\xa3\x06\x8dBgP\x9c]\xf7\xb5\x9dkW_\xb3\xfc\
O7\x178*\x8c\x8a\xf6\x01v\xc1\x0d\xe0ZR\xdc\
c\xcc\xd2\xcd\x87G8\xd06_\xff\xc2\x0c\xe6\x19l\
\x8f^\xa2\x16\x16\x16\x8e\x89\xcb\xdf\x01\x9b\xfe(\xfc\x0b\
\xfa\xaf\x832\xfb\xf6$}\xb2\x8b\x8a>\x83\xb7\x83\x5c\
/\x11v\xd7\xcc\xd0\xc1\xa6\x9c,\x1e\x18\xe1\x17g\xdb\
\x08\xce\xd9bc\xd1\x1f\xe7\xe3\xfc\x0b-\x7f\x8d2\x0f\
\x80+|{\xe2\xe7}\x7f\x16\xe3\xcf>\x9e=u%\
\xe6\xa2^\xd2\xc3\x8d#\x03W\xc7\xa0b?\xd6\xd0\x98\
\x8cq\xfc\x22\xf8\x03\xc8\x90\xcb\xd6{\xe1\xa6\xa1M\x7f\
\x96A5a\x0c?r\xd2A\xc6\xad\xfa\xff\xcd\xd8'\
\xf7\xe6v\xf04G\xe9\xfc\x0b\x0f\xea9\xc6\xf8\xaf\xf5\
\xcc\xc8\xb1\xbd\x86\xf1\x9e\x9ds\x96\xbeh\x7f\xdcO\x19\
\x80\xe63b\xde`\xd04\xbe\xddb{dz\x11\xfc\
i\xe5\x1d\x9c\xa63\x22\x17\x96M\x16\x09\x1dXY\xe4\
\xceC\x9c\x1e$\x9e\x18\x8c\xfao\xe9\xf3h\x06\x1e+\
?q\xcc\x0e\xf8\xcf\x17\x82.\xd1\xc8\xfa\xd8Q=\xb1\
\x83\xfa/0\xbe\x13\x0f\x82\xdf\xe1\x9c\x8f`:x\xd9\
\xe3~8\x0c~\xbexqK\x0f\xb9\xee\x7f\xcd\x0f\xcf\
\x8f\xfc\xcf\xb7k\xd2[\xf6\x00{\x03\xa6\x1e\xbc\xef{\
\xf13\xbd\xfb\xc8\xc5\xde\xf8\xa7>\xe9\xc1'\xbak\xcf\
\xb0H\xff\xb8\xea\xd4A\xf2)\xe3\x17v(F\xe2\xd3\
L\xe7\x01\x09\xf0\x0f\x9e\x87\xfb\x06z\x19\xb5\xd6\xec\xeb\
@\x9e\xde'\xf2T[\x09\xf2\x87\xfc\x84A\xf9\xceP\
/\xb8\x89\xfc`V^ (\x1f\xe3\xb2\xf2\xd2\xeeO\
>6\x1cp\x17Y\xee\xd4\x07\xa2\xfe${\xc69\x8f\
_\x86\xdb\xd8yR&\xcf\x19\x00\xfcl\xb2\xc6\x1fk\
\xfa\xbda\xcc\xe5\xfd#\x9d\xef\xe4\xfd\xb2\xe5\xc8@m\
.9\x93p\x02{\x19\xe9\x05\x16\xf6u@\xfc'\xfc\
\x03,0\xc8\x0e\xc9\x8fD\x13\xd0\x15\x90c\x1e\x1c\x00\
\xf1\x7f\x93\xfeK{t\xc6\x0fh/Co\xd1\xf2\x18\
\x87\x14\xf7\xdb8\xf0l\x80\xbc\xcb:\xce\x7f\xd4\x0bk\
\x11\xeb\x07\xee\x90}T\xd7\xfdi;\x93\x8b\x8c\xe9S\
\xe4\xe0\xe9k\xb0\x97\xc5u\x800\xb9\xe4\x8a\xbd\xe0\x17\
p\xca\x80\xd8\x9d\xb0\xf3\xf8\xfb\x9b\xd6U\xcc\xbf\x97\x0e\
\x8a\xc5\xde\xb6\x1eOA>8u\xcd\xe8\xab-\xae\xa4\
\x0bk\xc2\xfe>\xc2\xd5\xf2\xc8Y\x1bo\xb0u\xf4\x98\
3\xca\xc5\x9740\xe7\xf6\xa8qOc\x98\x0eL\xd6\
 \xe2H\x9b\xad\x11\x1b\xbf_=\xb1!b\xbc>w\
\xc38\xe0\x0dp$\xd6\x1a?8\xee\x0eg\x13xu\
\xab\xe0\x1d\x01\xb5\x06X{[`\xa9\xc7\xac\x05\xacO\
\xbf&]n\x08\x87\xef\xdf\x81\x87\x1eWM^\xde<\
1;\xea\xb9\xff\x0d>?g\xb1R\xe8\x01\x8d%Q\
%\xc1J\xa0\xde\xf0l\x07\xff\xf5\xfa\x85\x82\x96\xde\x0d\
H\x93\x95\x16\x19\xc1=k\xc8\xcd1[uK\x88X\
UxF9\xf9uX#\x14\xd8X\xban\xf1t\x05\
5f\x01Z(\x0dH3\x10h\xfb\x12\x9f\xb3Mj\
6e\x92$U\xff\xb3[K\xc9\xc0\x00m\xe3\x1ef\
2\xab\xea\x18E\xb4\xca\x03\x90\x07\xd0Cx\xc3\x8a\xfc\
\xb7T\xfc\xf2$\xf3\xc8\xca\xc7\xda\x01P\x04S\x04\x9c\
\x04ED\xf0\xff\xb4\x93\xd2\xab\xf3N<%\x22\xd7w\
1\xdc\xaa\xc1\xe1\xc8\xddO\xadm\x91 \x84\xef\xb3\xa0\
t\xf9\xaf;\xc2\xc7\xdctSK\x84d\xfb\x0eG\xb2\
t\x95\xa2^\xe9\xe8K\xa5\xdd\xe92]\x157\xef_\
\xb9\xf6\xda\x0cR!\xf1\xfcc\xc8\xd4\xdf\xce\xbf5\xa7\
\xf8\x15\xe4\x1c\x99>h\xc8\xfb\xd3m0\xf3@\xd7+\
\xd1\x02\xa2\xe7\x92\xa3puv\xfc+&\x8f\x81\xaf\xf4\
tU\xf3\xd5\xba-c\x94\x17\x9e~R\xfaF\x0c\x0e\
.\xddg\x8cO\x02n\x08\xe3\xe2S\xb5\xf5E\x08\xc2\
\xf7Rgso\xc4\x14\xe1\x87t\xb6\xf0\xf5!\xd7[\
r\x821\x9f\x08\x15}\xfb9]\xee#\xe3P^k\
n\xf1#\xb4\xfd}\x8e\x82\xee\x1b\xe0y+\xcd\x16\xce\
\xb6\xfcl\xcb\xd9\x0e\xb5\xa6 \xca\x0d\xe9\xe2rC\xf2\
o/\x90k\xdf\x01\x89\x96\x7f*Cyk\xce\x9a\xfe\
\xa9\xe3\xdds\xb6\x09E\x06\x07+lQA|x\xa7\
\x1c\x12\x22p@\xfe\xfb\xe5\xfe\x15k\xe0o\x0e\xf0|\
M\x01\x9d\xb6{\xc6\xbb\xe5?~\xb1M\xe4CD\xa8\
\x10\x97N\xa7\xb9X\x08y,6\xc7\x0c\xe4\xc7wJ\
\xfa\x9ei\x82\x88\x22\x82\x7f\x81\x09#\x8c\xbb\xc2:\xa9\
\xdb\x1a\xd7\xe7\xe5\x85x%\xa5\xec_\x01|~\x9e}\
;\xbe\xf6\x22\xe2\xf8\xdej\x08`\xe3SX\xd2\x18\x17\
\x1d}#\xf2\x8c\x8c]\x9f%\x0b\x08\x01\x96[xb\
\xe2\x09\xcb\xcb\xb2\x0d\x8f\xe4\x80\xc2\x93\x05\x0bL\x1c\x19\
\xff\xc29\xfd#\xa6(~\xf1\x5c2fL\x11\x1d\x05\
\xb2\x8a\x9bw\xccDH\x1e\x1f\x9e\x8a\xf0FU=\xec\
\x06-\x10\x11\xfc\xac\xb8\xbe\xd7\x0c\x13W\xaf\xc3U\xaf\
`y\x96\x5cN\x86\xf6\x99`\xd8\xfe\x0b\xcb\xe0\x83\x80\
\xdb\xf2\xde'+#\x84U\x99\x9aB\x9e\x0c\x997\xb8\
\xb4\x1c\x1e_i\x98.\xfb\x0fo{w\x0c\x1eT\xf9\
\xb8\xb3\xfa\xb0\xd4\xd4{Y\x0c\xf2\xe3\x09\x09s\xe0l\
n\x96\xa1--i_\xab\xd5\xf9.\xb8\xea\x93\x9c\x92\
\x1eT@R\x82z\xa9\xa9\xaa\x87 %\xf5\x5cn\xcf\
c\xaf\x05\xa8\xd9\x0fZ\xe0=:\xea>\xfd\x02\x22\xa6\
-\xceU\xfb66\x02t\x8c\xba\x02\xe4^5\x9b\x99\
\x89\x96W\xf9\xcdba\x95\xacb\x1c.\xbf\xf7\x8c\xd0\
C\x1c\x22*\xfa&\x01\xd8\xc4$\xfc8\x82jv\xab\
\x05\xcbAmD<M5\x00M\x16\xcbCm\xa3\xd8\
\xae\xd9d\xf0\xb5\xe5e\xf9\x07\x80/\xed\xc1+\x00\x9e\
\x070C}\x04\x08\xac\x8f\xb7\xf7\xd5eq\xeb`\x0a\
\x0a\xde$\x86\xfa\x0a\x1c\xa6^\xd1\xcb\x8b\xb0l\x16\x07\
\x03\xa4\x22!\x95\xc7\xf6\xe8\x5c\xff\x86\xe7\xfa\x08\x0eX\
\x1f\x0e\xce\xea\xef\xb0t}_a\x10\xc2m\x82\xad\xd1\
\xd23\x85\x9f\xfe0\x91\xc6_\xb6\xc9`gH|,\
i?\x08I\xe8]\xf0\xa1_\x8cq\xb2REW\xc0\
\xe7i\xd9\xfaE/.^1\xb1\xeb\xff\xec\xb8\xcc\xf8\
q\x97tS#\x9b\xf2\xe3\xf4\xf6\xd8S\xaas\xfc\x1b\
\x8c\xda\xa6\x17\xa0#\xa3\xb7\x22\xe0\xe1\xf9\xf6$\x96/\
#\x06\xf1\xcb\xd0\xbb\xfc\x8bC\xc6/\x1f\x07\xf5|I\
v\xdaCV\xca\xdd\x83\xdf\xd4\x80\xc1g\xaf;`&\
\xa4\x97\xb7\x05)\xe1\xff\xa6\x93\xbe\x9cbe\xa2%{\
,\xbf\xbb!\xc6\xdf\x88!\xe5+N\xa2}\xe4\xfa\xc6\
\x97\x98\xb0#J\x0e\xbb\xbc\xa0\xe1\x16\x5c,\x86\x97\xc7\
\x0f;$\xf1\xae\xfc\xcf\xc9\xff\x9c\xf1\xfe\xf4\x84W\xa2\
%'\xd1\xdf\xa57\x88\xc8~\xc1\xc7\x05\xa9g\xab\xf5\
\xc9\xf2\xf4d\x81\xb8\xc3\xef\xcf\xd3s\xfd\x1elV\xe7\
\xfa\x05\x08\x1c(<\xd4n\xc1r\xed\x02\x06\xef\x85\x12\
\x7f\x9f\xa1\xe2\x1fJ^\xbe\x8f,^\xbe\x8c\x0e\xef\x0b\
\xe8\xf4h\xd6h\x01\xb8B@$\xa6\x98Rx\x02#\
\xef\xe3\xb4\x19)\x84|+4\xfc@.\x5c\xb2^\x13\
\xecD\x17\xcbW\x92\xe5q\x0e\xech\xc2\x7f\xc8`\xe4\
\xd3iaq\xc7\xd3\xf2A>8\x98\xa5inL|\
\x18\x88\x8eO\x22\xcf\x90\x87\x16\xc6\x8f\xba\xaa g\x82\
\xd0\x04\xb6A\xb6\xd22\xa6\xb7\xe0\x88\x91:>(i\
\x88\x01\x94\x84\xed\x0f\x83\x06q\xf8}<\x06\x14\xed\xbe\
\xa9\x98\xbd\xacf\xb7Z\xb0\xfcZ\xd5\xcc*n\x0a\x0a\
f\xdd\xef\xee6\xd8\xddu\xf8\xbdA\x16]\x8fm\xcd\
w\x7f\xd6?\x09\xe2\x97g\x0b\x82\xf89;\xdb*O\
\xbb\xbd\xe2\xfb\xe2\x85W~\xbd\xde<\xcf\x8e\xcd\xe7\xf1\
\xfd\x8dD\xc2\xef\xe3\xc2%\x82Ka\xd6\x1b\x92\x80o\
\x03\x16p\x04h\x05\xe0P\xd0\xb0\xe1\x07\xe6\x931+\
;%C\xe6\xd4j\xe6r\xc9`Z1k\xcct\x98\
\xd5\xfc\xccX\xb95f?C=\x9d1[1\xff\xcd\
\xdbj<\x0b\xb7\xd2\x90\xb5\x92c\x9e\xbfL\xc79\x88\
\x082$k\x95gx\x02\x12\x9b\x9e\x0dm\xf9gZ\
\xaeG^x\x02#\xa5o2\xb3r\xf8\x0c\x9e\x22\xc0\
\x7f\x8c\x94\xb6Eb+ \xf9\xd7G\x01\x5c\x9b\xe5:\
 \x1aR\x82\xfbh\x81\xb6\x09\x80\x14|Z\xbe\xa4\xd4\
4\x14\xd4\x95'\xc0\xfe\x80\xc1\x80\x84\xaaY\x00\x00\xee\
HZ\xae\x1c^\x07`\xeb\x93\xe5\xc2\xb3\xd7\x04\xdf\xc0\
\x0b\xdb\xc8\x08\x1c\x06$$\xdfb\x13\xfcROO\x0f\
\xe3\xde\x10\xd1\xbd\x1bf>\x9f'%\xc5\xe7\x8bM\xdf\
\xef\x031@z\x0eN\xb2$-\xde\xe1q\x1f\x1f\x1f\
\xad\xcd\x83\xb3\xd5\xc4,\x16\x8b\xad\x82\xb3\x8aq\x9f!\
\x06\x10&<\x118\xfcH\xd7\xeby\xeffssS\
g\xbb\xdd~\x99\x98x\x16\xe1p\xb8\x1c\xa7P\xab\xcd\
~P\x17i\xd3\xdb\xadfu@\xe0)\xc6\xaf\xf2\xb1\
\xea\x0d\x09\xbd\xc3\x17S\x5c\xb3\xb5\xe0\x9a\x01\x04\xc2U\
Y\x04EH/\x84\xd4\xfdI\xb5\xa0\xfc\x0egl\x9c\
\xc4L\xc2\x16\xa3\xc2\xb5\xeb\x22\x22p\x8c)\xab\xcc\xb7\
\xfc\xd2\x09\xdfR\xe3Y9\x9c\x1c|U\x8fn\xe3\x9f\
\xef\xc3\xfcv\xdfT\xbc\xb2w \xdf\x8a\xe0RN\xff\
\x1f>\x9c\xd4\x11x\x92>\x92\xc1\xcb\xff\xb1\x18\xc4\xc0\
\x08\x1b\x97\x7f!a\x1c!\xc9\x81\xd6w\xb9|\xaf\xc8\
\xe8\x9b\x14\xe39<\xd9\xcb\xb7\xc4\xf8\xd6\xe7\xfa\x9dQ\
\x13\xcc*\x1a)}\xe1EF\xbfT\x94\xf4_\xf1\x84\
\x7f\xbc\xd4\xe4!Zbr\x927i\xcdg\xe7/\xe3\
@\xf2d1Z\x9c\x99\xd9)\xbe\x96;\xf4\x0b\xd6\xfe\
*\xdd\x1a<\xf8G\xcb\xccw\xd3\x13\xd5\xf8\xd4/C\
\x0c\xc8\xb3\xd8\x92\xb1\xb4\xe4\xe0\x1d+\xdf\xdf\xee\x14}\
$\x82\x96\xaf\xb6\xe6\xb7~ ]f\xdf\xb3\xe3\xf3A\
@@K[\x92\xb2?\xe9\xc8\xccOCcR.\xaf\
q\x95\x98\xf1B\x0a\x14|\x13S\xb7JN\xf2b-\
\xf8\x86\x22\x1d\xa3\x1e\xff\x92|\x80\xde\xab\x04~t\xbb\
\xfd\x98\x18\xdb\x97g\x08\xf9\x01\xdb\xbe\xb5X\x97\x8e_\
\x10\xd4}%-\xf7\xb7\x08\x0d\xbd\xe3\xd3\xd2o\x1a\xc6\
\xf0\xf4v\x8b^\x09\xe9\xfb\xe9\xf5\xe4;\x09\x01\x1fm\
\xcf\xc3'g\xb2^\xe2k2\xc2~\xfc\x02!\xa4W\
\xda\x02\xfd\x9f\x93\xf7'\xc5XN\x90\xf0}\x09T\xe1\
\x7flL|\xcb\xb5\xe4\x13\x01\x82\xe4{\x94\xd9\xc8\x5c\
\xe6/\x80s\xe0\xba\x9d\x01\xcb\x091\x9f\x0a\x97':\
b\xfa\x06IF1x\xb0\xb5\xf9\xf0\xf1hdla\
]g\xaf\x80[\xf4=<\xda\xc7~\xdd\x8di\x19_\
JG\x9c\xac>\x5c{U\xdc4\x84W\x8e9\xd2#\
\xfe\xa5\x87\x8f2\xb6O3\x9f=\x84'\xf0+u\x87\
\xbe\xa7\xbb\x18\x99\x88\xc8\x22\xd2&@\x8d\x8d\xfc\xfb\xd5\
q\xc7\xe0{\x04\xed\xbf\xc053{|&&\xdaW\
\xb2\xc9^\x92\x8b\xd8\xf7\x81\x91\x1e\x0a\x17\xe8\x8f\xb0=\
]1(\xdc\xe4,\xa1\xccR\xac\xdc\x83\x84\x92\xe4D\
H`\x06ci\xa0\xa0>\xcaO\xc9!\xea\xd1NI\
\xdf\xf51\xa0`\x8f\xfd&\xb8\xa8\xf1r\xa6\xd0\xea\xb2\
\x1c9Q}\x93\xd4\x83\xaf\x04\xed\xbcT\xaf\xd79\xd4\
\x904^\xbe\x08\x01b\x1et\xbfD\x15\xa2\xab\x04\xe1\
\x9b\xc2N?y8\xe3=\xc5\x80\xa6\xcd\xdb\x81\xbfg\
\xf7\x06\x14\x18\x1d!l 4\xb4\xd4\x00i\xe9\xff\x9e\
\x1a\xfc$\x9d-}\x16\x02e\xc7@\x90\xd1GA\x90\
p\xf7\x1ey\xe5{CE\xf2\xc7\xa8\xa5\xfbf\x17\x19\
O_[\x5ctC\x8c\x0c`- \x07b\xe0\xfd\xc2\
0B\xfaJ~\x91\xe4\x8eQK\x9dm\xb2\xa7\x8f\xe9\
a*j:\x8a\x98D\xedm\xc9\xe9Nzp=D\
\x04o|\xf2V\x92\x9f\xd3\x92\xec=9;=u\xdc\
C\x0b\x15\x01\x01EC\x97\xb8}\xe8\x98\xb8\x8f_\xf2\
y)\xb4\xf2?CE5T=\xea\x1a\x1d\xa1\x96\xfe\
1\x83\x93\x98\x18\xba\xda\xb3\xd7:\x84\xbeo7\x10\x22\
@\x9e\xa9\xc1\x02\x9e\xf7\xc1\xee<7l&\xe5F@\
\x01\xa2_4r\x90\xf4\x8cW\xe0\xa7<d\xf1\xeaJ\
\xb3\xa7\xf4z\xb5\x06vjrx\x9e\xa6\xc0\xce\xff\x14\
-xE\xc9\xb6$]\x9f\xfe\xf1\x0d\x1a\xfc<OO\
\xce\xdb\xe4\xe8<\x0e\xf7\xe8\xa9\x84\xf8\x1d)\xa0A\xd0\
e\xd2V\x06cpd\xe9\xa8\xcf\x80o\xb8u]\x8a\
]\xf9\xee\xf9\xe6,b%`+0\x9dS(\x8a\xb6\
C\xca@\x14\x13h\xaaVq\xe5\x81]\xb9\xd6\xb4,\
-a\xa3\xd3\x09\x81f\x14\xd3Z\xa9\x04\xc0\x98\xa3\xbb\
\x8c\x06\xfd\xc6\x0d5c\x13MMS\xf0\x5c\x92\x13\x9a\
\x16lxMR\x9d\x03\x9az\x99J\x0ec\x83\xc1\xa6\
\x8d\x9c\x8fp\xbb\x97}\x1dLQ\x99\xdd\xf5\xbd\xa4E\
]\x1b\x99s>\x06\xfaG/\xa5\x03\xd2fV\xc4d\
\x80'\xa6U\xca\xd7\x90\xb0O\xbd<\x10W\xe4\x13N\
b<\x1enR\xac\xd9uM\x0d\xbd\xc49\xf2\xc4`\
?\xe7\x90\x01\xab\xdf\xd0b\xc4&\xc0y\x85U\x0f\x0e\
\x14\x0d\xd0\x09\x81t\xf2\x894\xd8\x94\xbc\xd2\xba\x5c\x97\
_\x08\xc9\x1bN\x12T\xbb\x8e\x0b6\xfe\xac\xd80\x1b\
\xf1 \xda\xe4~\x9c\xa1\x97\xf21\xdf\xdd$\x9d\xfe\x1e\
\xf3\xd9\xf3\xb6\x04\x85\x9aR2\x08[R\xc1\x03]\x06\
\x0d\xa9\x94\xc2\x12s\x98V@\x0c3E\xe6a\xf0\xc8\
\xc2\x9a8\xaa\xcdW\x80\xda?m\x80\xe7\xa4\xc8q\xe9\
\xaf\x10Z&\xe5Ff\xe8=4c\xa1\xe5SN\xce\
)\xb9\xbc\xbd4}\x8e\xe2A\xdbn\xb7\x22Wi\x95\
y\x8dJ\xd1\x13\xc3\xd1\xeft\xc4p\x0aH\xcb\xbe\x84\
\xa51\xa4\xe7\xf72\x90-\xf4\x0eo\xc4\xe8p\x86\xb1\
6\xa3_\x8f\x1d\x94N\xed\x90\xceE\x00\xfa\x0cji\
g\x98\x86\x90r\xa78s\xc7 \xe8\xe9x\xc5\x939\
Il(\xca{\xc0h8f\xd7J\x9b8\xa5\xd1!\
\x90-\x16s\xf0\x132$\x05\xb3\xefc\x15`\xac\xac\
\xd7@\x0fr\xf2\x90\xbe\x93m\x06\xc8Vs\xae\xef5\
\xd6\xf0J*\x90\x1fg\xa7\x83a$u\x00yE\x06\
\xf1\xf7>c\x9fd\xcc\x88\xa2a._X7\xae0\
\xa5\xa44\x0bwZ\xd1M;\x09\x94\xb2\xd5URa\
S_\xa6\xde)\x9fb\xaa\x9e\x83S>n.u9\
\xb0\xbc()\xd5k;}\xe2\x13'\xa2\x1e\xa0\x89z\
\xda\xbd\xc1\x94\xe9c 2t\xf9e\xe1|Q\xeb@\
\xb2C\xd6\xde\xe3\xaf\xb8\xf6\x1c2+L\x99\x099\x13\
 aliU{\x0e\x0a5\x1c\xa6*M\xe8QE\
\x95,)\x17\xbe\x13\xb2\xc4F8_9\x8d\xca\xe7\x84\
\xa4\x8e\x82\xde2+3\xe8\xce\xb0\xc0>\x1bQ9?\
\x12\x06\xec8~\xeas\x05\xc6@\xeb\x9dab\xbb\xa5\
\xa0X\xaa\x0c\xb5\x9e\xe5*\x84\x82\x14\xb5\xd6\xbb=\xe6\
\xe1]\xa2\x9cc\xb7\xbb\xb0\x842\xd4H#\x1f\x95l\
\xc8V\x87\x9b\xa0R\xe3\xdc\x81\x93\x0ap\xec\xcc\xf6\x95\
a\x83\x8e\x98kI\x0cF(\x06\xe0\xd9\xd4N6\x96\
\xdc\x09\xa5\xa3\xdb\xe5\x1c\xac\x90Z\xfcr\xbfs\x9d\xdf\
\xd7\xb8+N\xd9b\x8e\x9acL\x96\x82.p\x0e\x8e\
\x83gr\x09\xb6\x1bo/m\x0b\xf3\xb7\xf3\x15\xe7\xf7\
\x0f\xa9\x0c\xde\x04\xf3QZW\xc6@]\x86i\x993\
\xa3\x9f\x8e\x16\x07+\x97\xf5=\xb3\x9f\xb7;\x0bCg\
&b\xc8\x8c\x9dB6\x9a\xc7\x22\xec\xb8\x02\xc1\x90F\
\xc28\xeau\x13n\xa1\x22\xa0\x80\xc78\xfa:\xcb\xe0\
\xbb\xaae\x92\xaa\xd0\x0cS\xd2\xbbz\xc6\x9a\x0f\xba\xdd\
Iig\x1eSi\x89=\xb1\x22\xe3\x04j\xb3\x92\xc2\
\x8en\xce\x9c\xc7\xa5Vr\x98A0EB\x838.\
\x03c\xf9\xeb\x128\xca\xe4\x1dN+bi\xe0\xc2Y\
\x05\xd9>\x0a\xd6\x8e\xa2\xc9\xc2\x9c\x18_8\x1dw\xa0\
\xda\xf9\xb0ST&2S\xb2\x9a\x02\x1an\xb5\xf3a\
\xdc\x940j\x99\x96\xb7\x98\x9b)\x15\x0d\x84\xdb\x8b\xcb\
\x81\xe2\xc9\x19\x83\xac\x87\x1d5\xfcMA\xa5\x1e \xb0\
\xe3\xc0(\xa5\xb7\x09.N\x8c\xfe\xa3\x93\x85X\xf7l\
j\xac\x0a\xb9%l$\xb1\xd9\xb04\xf4\x09\xb1\xd6\x8d\
\x01,\x99QY\x00\xd2\x08\xa1\xa7\xf7\x87\x22\xcac\x99\
SS\xa2\xb0\x01`\x1c\xd18%\xd7\xe3IP\xba\xb4\
\xaa\xbaF\xc8\x86J]\x03\xa2f\x05\xc8Q\xdaHL\
G\xbe\xcb\x90^\xa1k\x13\xc1\x87\xe5\xa5\xa6\xf3$C\
\xc1G\x9a#\xc1\x18\x1d\xea\x0a\x18K\x18\x13\xac1\x1b\
\x0f*\xd5\xca\x00u&g\x03U\x87=G\xca6\x8d\
\xc1\xc5\xf9wa\x85\xdcd\x02(\x1a\x82^(6\xad\
\x83\x0d%\xa0h<\xba\xc9\x8c3\x1a!HE\x02\xce\
\xd1\x8b\x9f\x1a:M\xeb\xf5\xcb\xf9\xdf<\x1c\x96\x1a\xc3\
7\x97\x92YC\x10\xae\xf6\x82\x0a\x06%UW\x896\
FT[jkO#\xf8\x16e\x86\x06\x84R\x12\x88\
\x9a\xd9\x101*\x9b\x116AA`\xa6\xbc\xfa\xb0A\
\x98i#\x1c\xd1\xd81\xbc\x82\xc2\xec\x1cm!\xa8\xa9\
p$\x84\x87'\xce\x5c\x00\xa6!/\x90,\x80\xfc\x11\
%+\x83\x0f\xb4KV\xc4\x924\xac\xb6'\x1b\xc7\x87\
\x08\x12,\x00 @\xa5vQ\x91\xb1e\xd3AB\x85\
g(\xa8\xea$h\x98`\x81:\xc5\xf3\xb1\x82`\x95\
\x86\x14\x00o\xc4|\xa2I \x14)\xa3\xb5z.A\
\x81\x8bv\x97.)\xe7\xf4\x91\x12\x01\x0a/\xd1\xd2\xd2\
:\xb5W\xb9?J\x8e2u\xb3\x1d\xe8\xe9\xdd\xe8\xe6\
_\x99\x98[\x86\xfe#J)\x98\xe35\xe5%\xaf\xa8\
\xb1\x13a\xe5\xcbW\xac\xca1\x10\x06\x8cr&\xc0\xf2\
\x127\xe9\xc9\x98\x97\x00\x0d\xe6\xb5\xda!\x9b\x99\xa2w\
\xea\xb7\x1e\xec\x82\x1a\x9a\x82/\xef^\xa1M\xfe\x94N\
\x0d'\xa25\x01S\xa7\x86k\x19\xf0qK\x09\xdd\xf0\
\x22R\xca\xd2\x17\x08\xcc#U\x99\x18\x0f\xd6`\xae/\
\x1cx\x9f6\xect~\x98\x82!\xf14\x1b\x7fD\xe1\
\x94\xd7bUF\xaa\xd2/\x9b\x1f\xa2\xe7\xa5u_\xdc\
f\xb8\xb5\x99\x14\x19!y\x99s\xa0un\xa1%\x94\
2\xc1\x88\xb0i\xa5\xb4\xc8\xe1\xe9i\x00\xd3\xfc\x12j\
\xd5\xa9\xd0\xc9M\xcb\xca\x829d$\xbd\xb6O?\xb2\
q\xde]]6\xbf\x85\xe9\xe0\xf4fG9}25\
\xacY\xda\xc6F\x22\xdb\xc4L\xea\xceC\x5cV\x05\x8b\
0\xf4t\x09\xcc\x14\xf0\x0d/\xd1(\xf7\x0b\xa1\xae\x97\
\x10\xcc\x09\x1cM*\xb5BB\x930\xadN7\xb1\xd4\
\xc1\xb4\xcf\xbdw\x98W\x14h.\x8f\xce9\xd7z[\
\xdeVU;\x96\x95b\xacP\x0fB`+j\xc8\xa2\
\x81i,1_I\xcfp\xe3\xfd\xd9w\xe6l+9\
\x91\xfe2\x83\x95\x11\xabk\xab;g\x16)\xa7\xab{\
\x0c1+\x9a\x13\x0bu\x08\x07?\xb8\xce9\x9fr<\
\x01.]\x85\x19\x03\xbc\x13j\x0cc\xb3qW(%\
\xe7\xb6\xa0O\x01\x04\xe3\x85\xda\x81\xb8\xcba\x85\xd9\xb5\
)\xd0W\xa0\xc8!S\xae\xcdZ In\xe2\xdc\xe6\
y\x0b\xfa\xfa\xca\x94\xdc\xfaOI\x81\xb8R\x05\xc4p\
\xe7\x07zyQN9\xef@\xd0W\x94Z)\x9bq\
\x98]\xb8\xa5\xe0(\x13\xedB\x0dco\x84z\x08S\
\x07\xb4\x97\xd9\xc3L\x09\xd52P\xd4\xf7!\xad\xfa\xf8\
s\x8a\x9e\xe3\x12C\xc6\x05\xb5\xab\x9a)[>\xd1\x9a\
\x09\xfb\xc8\x99\x1f\x0e\x90{\xf0\x95+55\x1a\xe0\xe9\
\x99\xfe\xe2\xbb\xe2WJe\xef\xd0\xael\x82\xf4\xee\x82\
\x94\xa1]\x92D(g%\x8f8\xbb\xd6\xd1\xa7\x8d\x19\
\xf5.S\xc7\xe4\x14r\xfc\x99\xb28\x05\xb3\xe9\x02\xe0\
\xd5\x81\xb0`\xac]\x9f*/14\xda\xac\x13\xcc\xdd\
w\xf5\xd5\xcd\x0c\xf7x\xea\x87\x04\xb5\x85\xe3\xd7\xb7\xc1\
\x1f\xfc\x8e E6PD\xf7\xf5\xd3\xc8\xe3\xca\x95\x00\
\xf5/\x14o\xa4wo\xd6\xd7X\x9fm\xd5\xd9\xe63\
\xdf\xd1 S2\x92/\xb2\xb8A\x99X\xd0\xc1Z\x96\
\xbeF\x9d\xaa\x22\x1d\xccCI\x08!\xb7\xe3m\xf2\xbe\
\x0d\xd6\xbf\xbfS\xaf\x1f\xd1I\xba\x0ffd\xa4\x00\xc8\
6Y'\xe6\xf42\xafz]\xeb\x0d\x87^\xe3J\x81\
\x85a\xbdeR\xbb\x15\xdd\x19\xe2\xae\x96A\xad\xa3\x83\
x\xd32B\x04({\xde\x00C^\x89\xe0&s?\
\xd1\x8d\xffY?\x13:\xb0\xd3\x8c}\xf9\xd5\xd93-\
$O\xc7(\xac\xe8\x10\x9b(\xbcxV\xc0O\xc0S\
7/vWc\xa1Z=j{]\x97\xc0\xbez\x97\
\x0a)\xb4\xc6a\xb5\xbc)\xd7\xc3\xfa\xe4/\x842\xd9\
\x1cVtk\xd7U\x22\xfcH\xc2\xad\x8dQ\xa2\xe8\x05\
\xc2\xfd\xb1\xcf\xb6\xf6\x192\xba\x18\x03\x1d\x89*\x97\xb7\
\x22\x80\x9d]\x14\x0b\xe7\xba\xccX\x05[G\x98\x5c\x0a\
\xa5m/\xa3\x0f\xf5\x0e\x0b\x94\xc0\x12!WZz\x19\
hG\xf9u-\xf5\xdb\x02\x96\x9d\xec}\x06\x18\xda\x9d\
!\x88\xe5E\x84gkJ^\x8ei\x99\xfe\x83n\x93\
\x82\x9e\xab\x1937\xc7\xb8\xf50\xdf;=\xea4\xcc\
F8\x14\xcc\x02\xb7\xb9\x01\xa6\x8f\xe3\xab\xd6A's\
\xc5Y\x04\xf7\xd0fr\x9f!\xa8d'8\xe3z\x92\
H+]li\xa6\x0f\x9b\xe8\xa7\xbf\xb2\xdc\xbd\xcc\xee\
\xba\xd3`w\xb4\x06\x8e\xc16;\xd9\x0c'\xb9\x03\xc4\
\xa7`\x9b\x89\xac\x9b\xce\xb4\x13\x84zXu4\xa3q\
\xb3\x9f\x9b#,/+\x9c\x9acqR\x0a\xae\x0e7\
%R\xabl\xecvquR\xc4\x1e\xc9\xb9\xe8\x96\xc3\
^\x0d\xe7@Q\xd46\x93K\x82t\xe3\x99\x16\xa0\x11\
\x81\x0a9\xca\x1c\xeb!\x99\xfbC\x99q\x9eX\x94\xce\
\xc3\x1e\xd7I\xc7*\xdd\x1f\x9d\x9e\x97\xd2\xa9\x95i\xc8\
\x1dh$mh\xca\xcb\x96\xca~\x09\xd8\x9d\x8e\xda\x8c\
\xdb\xe5F\x81\xf5\x05\x22\xac\xb5\x8c\xd4:PaK\x1c\
W\xb7X;\x00\x01\xcb\xfbp\x95P<\xa6T\xe4\x92\
p\xe7`\x86h\xa0 3\x80NG36\xa6\xf1\x1d\
\x15\xe2\x81\xdba\x8e\xf8\x1b\x1f\xc5\xcc;\x92\x88\x89\x05\
\xe3K\xa8\xfb\xf0\xd1\xa3w\x83\xd7\x8b{\xa8d\xd6\x9a\
H\xe4\x0c3\x88\x0c\x0c\xc0\x80\xccD\x09\x83\xb1\x98\x14\
\x0a\x85B\x01\x92\x02m&(\xf3\x00\xb4i\x82j\x00\
\xa1d P|\x00\x03\xc1\x01! \x08,\x02\x80\x03\
\x08\x00\x8c\x01\x00>\x00 \x0c\x02R\x08\x858t>\
\x0c\x1aC\xdc\xad\xbe\xfcx@\xa7\x02\xfb\xe5\x8b\xa2\xbf\
\xaa\xb8\x99\x04t\xb1\xe4`\x02\x1d\x83\x5c\xe4\x0f\xdd\xeb\
\xe8/_\xf6\xcf\xac?\xba\xcb;\x1eh\xe5\xb3R\x91\
\xde\x1dG\xf0\xd2\x14\xe5\xbd\x02\xb5\xe9%eL\xa9\x1c\
i\x89\xc1)f\x16\x02\xdd\xbf\xd7\xa1?\xebF\xa7W\
\xc8\xd2\xa8;\x1a\xebOPBks\xea!\x11\x99]\
\xd7_/C~x\xc30\x80\xe9\xcd\x09TOE \
\xeef\x94JA\x0f\x9fy\x0a3\x0b\xf20\xca\x1e\x13\
\x8b}\x9eF\xfe\xcet\xd4K^\x90\xd8k\xf8\xf3\xed\
\x8f\xc2\xea\xc5g\x04++\x89\xd2\xef\x0f\x8c\x1b\xebE\
\x16\x8b\xc4\x14b\xef\x91>t\x1a$\xdd43d\xc8\
 \xf4AM7e`\xf41(\x1a\x9bV\x22n\xaf\
\x1e\xc3\xb9U\xc1/W\x1e\xba\xfbX\xebn\xfayC\
Wb\xe1\xb1;\xe7/\xd2;\xfe\xebJa\x1f\xfd\x01\
\x99QF\x8fop\x8a\x85\xc7\x5cq?,Q\x8e\xc4\
C\x22\xa9\xa2l\xf4\xa7\xdb\xc8\xc7.P\x0a\xd7\xcbH\
\x85Da\xb7\x82\xf1\x89\xab\xa7c[\xf1asq2\
NC[\xe0\xe3\x0a\x96-\xc3\xea\x8d\xc3\xf0\xd8\x8b5\
\x14\xda\xa2\xd2\xa8T\xdc\xda\xef|3a\xab0\xbb\xc5\
\xe9\x7fF\x0f\x1d\x8f\x5c\x9c\xcdl\xc3\x13I\xa5)\x83\
\xad\xf5\x1caT54\x1d\x18\xce#\x0e\xf2\xf4\xf7p\
\xf4\xb3A2\x0cZ6\x1e\xd0\x00\x9a\xd7\x82arJ\
\xef\x89\x5c\x17'A\xc6M\xf9\x8e\xb1\x07\x01\xed_\x03\
\x22\xac\x86\x9f\x99\xd3@\xff\x950\x80-\x01\x98\xcbU\
\xea\x11\x88 \xe0:\x11\x931\x0bS!\x95\x068a\
\x22\xc1\xed\x94\x9f\xb6\x8d\x98\x87\x01\xfe\x9e!\x99\xc3\xfc\
 \xd7\x9d\x07v\xd9\xa3n\xf8(\xc77\xe7\x88\x01\x8c\
\x06\xcf\xc7 \xc4 \xf7\xce\xfdz\x86|\xe2\x95\x03N\
\xe5Q\x02u\x93\xc0\x9f\xcd+\x1c\xfc.\x03\xd8\x83\xbc\
\xbf\x0c\xc8\xc3\xcd\xceB\x1fE\xed\x8d\xcc6\x08\x13\x8e\
;\xb8\xba\x04]\x18p\xcb\xfe\x07\xb8\x07\xc87\xa0v\
\xeej-]\x0e\xfe\xd9\x06!>\xa0^\xd1\x06Dy\
\x03j\xbc\xc6\xb4b\xadP\xbdA\x0d3n\xe7\x0e\xff\
K\x19\xd0~\x16\x94\xef\xd2\x9e8\x06gp\xbe\x19\xa5\
\xb6\x83\x9a\x0f\x9f\x01p\x1c5`\xae]\x5c\xdb\xca\x9a\
\xcc\xfd\x0d\xe0-\x1d[\xb6\xf7\xf2\x07\xf4\x8f\x18$2\
\x06\xc9\xeenJ\x03\x9c\xbb\xa8\xf4V\xb60VzF\
\xbe@\xf8\xb5-\x06n\xc0\x1c\xb0\x83>b\xd0k\xd6\
AR] \x1f\x88\xe7\xfe[Z\xd3\x00\x84\xcc\xf87\
z\x8d\xac\xf8r\xdb\xc2\xcd\xdf\xb0\x8f\xa6\xa3\xe9x@\
\x03\xdd\x10\xcf\xd7\xbe[\x1c>\x0c\x98v\x008 \x1c\
\xd8q\x90\xbc\x0e`,\xf4\x0b\x07hlb\xc0)\x1d\
^\xee\xe4\x00sl\xa5\x9b\xe5\x1d\xd6\x8c3\xc8\x18h\
Y\x80\x95\xb5-\x8b\x1b\x0d\xf8I\x03\x9a\xc3\x0e\x109\
\x80\xd0\x03Ki\x0b\xbf\x03=\xf7~\xce3\xa0\xabK\
\x06\x98\x87\x95\xdc\xb9\x84\x93no@\xd3\x9e\x1e\xc66\
\xcc\xf2\xda|f\xcf\xdf\x15b\x9a\x0b\x94\xdc\xda\xff\xc5\
vh\xc0\xf32\xc8\x06\x1e\xf0\xb9\x01\xb0'\xc5\xbc?\
\xb0\x9f\xdeG:\x06\xb8\x03\xe6\x01\x86\xfdu\x1f\x9f\x97\
~\x0b\x95|Z\x98\xcc\x9a\xc3x\xe8,\x8f\xbec\xeb\
^\xa1D}\x01\xad9[\xc1\x064p\x00\xfd\xe8t\
@7\xf4\x07\x96\xfdG\x11~\xfe\x09\xde\xbb\xf7\xdb0\
\xf4\x01\xed6\xed\xd2\xbf\xf5a\xc0\xaf\x1a\x1dc\x8b\xe9\
+}b\xe6\xd70\x9e\xb3\xc5pr\x8a\x08g\xca/\
\x09\xf5\x02\xe4\x07\xf7\x19\xc6#V\xfae\xfeqc\x1b\
\xe0\x1d\x90\x0e`\xb5\xe9\x1d&\xf3l\x9a\xdd\x08\x00o\
@\x0c\xb7\x15\xfc\xbf;\x1b{K4\x8e\xd1\xe7\xaeT\
8\xa5\xcd\xbe#\xfc\xdd\xb7\xb3_\xbbc\xd4\xc6Y\xc0\
\xb8M:r\xf9\xdfN\xc3[\xbai\x80`\xbe&n\
\xc0\x026\xedV\xdf\xe0E\x1ap\xe83\xe3\xa8-0\
\xdb\xb2f.\xd0zQ\x00\xde\xa0:\xca\x15\x8fQ\x86\
\xb5@\xbd#\x87\x06\x8a\x9ey+`Q\xa18\x1e\xb3\
\xdc\x06;Y\xb0\x03\xd6_B\x8dS\xd1O\xa9\x05\xd2\
k\x1db\xb4\x90X\x90\xe3\x8b\x8e\x9a\x07\xc0\xb9\x80\xe3\
6\x03\xd2\x87\xff\x1d\xf7\x7f\xaay\x06\xa8\xce\x0c\x84\x1b\
\xb85\x99\x99\xf5\x00\xabc`\xd9\x82\xe6\xba\x8c\x1b\x9e\
V\x17\x5ck\xfb\xe3\x8a}sj\xc2\x04\x9c\x03\x16w\
\xd1\xdc\xa8\xe2\xfa\x17#\x03\xa2Y\x8d\xf7'\x90\xf6\xa8\
p\xfa1\xd0f\x0b\xd2\x00zdA\xcd\x0d\xd8\xd0\xe5\
yt\x03\xb0-\x90\x902\x86\xda\x88\xa3\x01\xea\xb8\xd9\
w\x02\x0d \xec\x92\x0f\x80\xba\x0b\xe6z\x5c\x0f\xf8\x0b\
L\xa4\xc2\x06h/P8\x80\xde\x80\x9b\xe0\xfa-S\
K\xbaz\x14\xf0\x80 \xd0\x82\x87\x97=\xa7I\x15\x0e\
\xf8\xddO\x1c\xf4\x0d\x0a\xed\x8e\xfa\xa3\x05\x11-\x90M\
\xbfx\xf4B}\x03.[p\xe819\x0367\xa2\
\xf7_\xd7\x9f\x10\x16\xfb\xb3\x131\xe0\xfe\x02t\x96a\
\xb6\xe4\xff\x06\x84M\xeeGK^\xa1\xcd\x0dL\x1c\x8a\
\xb1\xe0\xcaw\xeb;\xedq\xab\xaf\xbf\xc0\xa4\xfb8\x03\
\xfa\x03\xe6I\xb5\xbf\xec>\x84\xd4g@\x95\x05H\x5c\
\x06\x84k>\xc7\x98\xe0\x9ba\xc2\xbe\x1cp{\x94\x22\
-\x80-@\xff\xce\x1e\x9c\xd1oq\x81\xecs\x00\xf6\
\x80H\xc7\x1d0h\xc0\xea\xf73V\xf3\x00\xa4&W\
\xecx\xe3\xb9\x88X\x9e\xdd\xeedj\xf9=\xb8\xfa\x01\
q\x06\xe4\xf3\xe9\xed0\x8au\xb8\x1e\x10\xd1\xe8\xb8'\
\x10\x1f \xb3\xee\xeek\xcf\x82h&g>\xa1v\xc8\
\xc6\xa3?\x14\x9b\xf2]\xcf\x13\xe3a\xfb\xf5\xdct\x8c\
\xf1\xfa\x97\x90\xe6'\x06T\x7f\xfa4\xcep\x9f\xe05\
\x00\x02\x06$\x80:\x7f{\xe8\xdaV\xf6\xc1\xcfw\xf5\
\xb9~\x97\xdf\xf9\x9e\xea\xe3\xd0wg\x82\x8f\xb8\xf6\xef\
\xc2\xd5\xf2\xb1\xe7\x1f\x1c \xff\x7f\xe0\x5c\x8b\xea\x98\xb9\
\xf3\x0c\x00\x0b\x03\xee\x18\x10\xc0s\xa1o\xdf\x8ag\x0d\
O\xbf\xa3\xffeoN\xfe\xc7w\x0e\xf1];\x0d\xb7\
\xff\xbei\xe7\xe3V\xfb\xab\xf9\xa5\x1ac@n~\xb5\
\xcb\xe0tr\xdbrv\x8bj>w~2\xb7\xc4\xf4\
oQ\xed\x18T\xfe\xc7\xae\xda= \xbc&\xff\x02\x9b\
\x5c\x94\x0b\xf0w\xeaUg\x7f{j\xfc\x08\xebj\xbf\
;nA_j\x7f\xeay\x00\xee\xc3\xd7\xfc\x92Q\xcc\
|?\x13H\xda\x92\xa2\xe7\xf2\xcfg\x89w\x1f\xc9\x87\
\xb6H:c\x82\x85\x06 \x03\xd4\xd3M.l$\xa3\
\x1a\xbe\xa2\xfc\xb3\xff\xb7\xd26\x01\xf4svU\xe0.\
)\x12\xbc\x93\x8b~\xf0\xeb\xc1\x00\xef\x91b\xce\x1b\x89\
\x1e\xc7\x14~\x82\xb4\xb7\xf4\xd2\xa3_,\xf7\xa3\xd9\x88\
\xe2\xcf\x88\x1e:\x00\xf7L\xf0\xb9\xf9\xc8\x0b_D\xe4\
\x0d\xa8\x99\x5c[\x0c>\xca \x9d\xa4\x91b\xb6\xcaj\
>lP\x9c\xa5w4\xe3<{@\xc9\x99\x06=<\
\xc8p\xc2\x90Vw@\xde\xffm\x9b\xf8Q\x8c\x14_\
\xabl\xc3\x09DC\x14g\x93~\x1d0\xbbU\x1a\x10\
\xbd\x9e4\x9b\x8f\xf2\x0b\xd8\x07\x08\xa9\x10\x85\x01\xb1\xbd\
\x0fE\x0e\xe6hO\xecf\xf5\xfe\xb8\xb3B\x89'\x0d\
\x9e\x93\x90\x8a\xb9\xfb\xd99\xa7\x05l\xe0\x9a\xfb_.\
\x0c\xa0\xee\xdf\x00\xee`\xedr\xfct\x06\x90\xef\xff\xaa\
\x0e\xf1\x9f\xed\xa4MiV\x05\xbd0\xe7^\xef\x11\xd2\
|\xb8M\xd9\x0b8\x19\xde\xfb\xdf>\x09\x17\x8cm@\
\x87\xc1\x98\x22^\x98\x81\x06BX\xa3:\x97\xb9\xca\xfe\
-`\x1c\xe7\xde,@|E\x14O\xc8\x87\xfb\x0c\xaf\
\xfd\xba\xfdz\xc4\x8e\xb0\x80\xc7\x1f\x95\x16\xf8T\x83\xad\
\xd9\x00\xd5\xfe8\xe2*\xdb4\xea\x14L\x03\xd0\xe4\xca\
\xb8\xf7\xeb\xe9\xb0\xe7\xeb\xdd\xf9k\x01GLD\x0b<\
\x1fP; \x9a\xc3\xab\xfd\x858\xd5\x9c\xef\xc2\x826\
\xd0\xfeb\xdc\xf9_\xdf\xfd\xbe\xb9\xda\xe9\xba\x0e\x98\x1f\
p\x1e\x0b\x9f\xfc\xfb\xbb\xa4\xa8\xe7C'\x907U\x14\
;\x91\x1e\xa5\x1f}\x01n\xd7\x88\x92\x17\xa3\xfe\xc3\xc4\
\xee\xafE\x0b\x08\xfbV\x7f\xc0\xb4\x00\x08;\x80\xf2\x01\
\xad[\xd8\x00\xe0u+\xdf\xb4\xb6\xfb\xff\xd1\x1d\x1a\xbf\
c_0\xff\xb9\xd9\x0fT\xc6\xfd\xefDO\x80F\x5c\
\x5c\xa0\x0a\xb1\x0a7=\xb0\xdb?\x00\xdc\x80DW\x14\
\xa3\x96\xd1\x00g\xb7\xc3\xf6\xe8\xff\xdaN\x04\xfd\xfb\xb2\
\x97[Q#\xc2w6CiA7\xf6\xbf\x8c\xef7\
\xd2\xa0\x10\x06\x15\x94J\xec\x82;\xd0\x06\xecN\x8c\xa4\
\xf7[~~\x82\x84\xc4.aF5k\x0f\xb8\xf6\xe5\
s<\xd9\xfd\xd8\xb4\xd8e\xd7y\x82\xdd3\xe2\x12n\
\x98@\xf5`\xc0\x10\xdf\xff\x1a\x10\xfe\xfb\xf0\xd5\x83N\
\x1e\x04\x85A4Tz\x08\xc3\xb5\x05`\xa7\x01\xf6f\
\x0c\xf42M4\xc1\x11e\x97PGMT\xfe\xd5\xb8\
lMw{\x0f\x81\xaf\x9b\xc0\xe8\x8eh\x857# \
\x14\xc0\x7f\xf3\x9f\x14\xeb\x80\xe9\x98q!\xef\xa0R\x06\
Ii\xd0L\x88\xf5\x17\x00c\x07\x5c\x0d1\xf8\xd9\xa2\
\xb8G\xb3K\xf1\xa3\xfc\x99\xf6\xf0\xb5&\xa4QOP\
6\xb0\x1b\xde\xa7n6R\xb6\x0b\xee9\xea'\xf3G\
\x0fh\x16\x9d\xd00\xba\x83\xfeB\x06Qd\x8a\xe9;\
H\x84:\x06 M\x1a\x18}\xff\x06>\xc8n{\x13\
i\x5c@\xec\x1e\x06Mu@\xe8\x09\xc8\x85\x05'\x90\
\x95\x05\xf80\x95g\xaat\xc8\xab\x8f\x1c\xea\x22i\x90\
\xeb\xc1p\x99\x83\x02\xaaA\xa3\xb3\x1c\xc0\xf4\xc9\x83\xcd\
\x00\xd9?\xb2\x86K\xf0\xbc\x83\xac\xc3\x9bh\x1c\xb7>\
\xc8\xb7\x02\xcfYU\x85-\xeai\xcd\xd0\xe2\x13\xcfS\
q&\xa0\x1e\xe8\x13\xbam\xa5Z\xc0:0\xb9\xc1K\
\x8f\xcd/o|h\xeb\x0a\xce\xed\x1a.\x22\x0c\xcbm\
\xb65\x1e8\x86\x7f\x1c\xd8\xf8\x1b\xb0\x07\x00\x1fs\x13\
\xfb\xc5{\xff\xd8\xcd\x16\xe9\x97e\xa6\xdf4\x87A\x85\
}a<\x5c|\xb0?\x86\xfb\x87C\x06c!\xcd\xce\
\x9b\xed\x9er\xc6\xa7\xfax\xde\xe0\xe3\x8d\xcd=\xcf\x15\
\xa9\xc5\x15u\xc2\x9b~\xd5\xcc\x96Z\x8eL\x13\x07\xbd\
;\x8e\x9do\xbb\x9e!W\x1e j5|b\xc0\x12\
\xf81\xa9\x8b4y\x06\xe1\xa3\x11\xd8\xa6\xf9\x1b\xf5K\
2\xf0\x88^=\x87)\x19\x9d]\xf4\x9c:\x17\x905\
&\xd0\x06af\xff*\x5c\xc6\xcd\x11\x1eT\xfd\x05n\
\x5c\x07TLT\x98\xde\x12\xf05\x0a\xed\xa1\x02\xd3\x9c\
[\x06^\x83\xfb\x11\x9c\x8e\x96~\xbe!w\xd7\xff\xd6\
\x03g\x04\x06\x8c!\xdbq\xaa\xfdM\xd9\x83%\xfd\x8f\
]\xfb3T\x8e\x18\x16\x0d2\xef\x02\xcdg\x80J\xcf\
\x93\xb7\xe39\xfeo\x8c\x0f\xd6\xf9\x80\x1c\x8e\x89\xf1\xd9\
*\xafAo[j\xb6\xb1x\xffiw\xec\x0c\xb9\xfe\
G\xe0\xfe\xdb\xac\xe8j\xf4\xa8\xf9\x83\x13\xbb?\x00\xb4\
bz+T\xb4\x9a\xac\x99\xa8\x01\xec\xf5\x09\xdd\x1b^\
k <W\xeb\x86\xbdK\xee6\xe8p\x7f\xec\xc9j\
\xd1\xcfO\x90\xe8j\xe3h\xfa[U\xa9\x0b\xb2\xd3\xed\
\x97+3\x04\x91h]nSU\x1a\xf0\x90\xfb\x80\xed\
\x8aM\x10o\xdb\xb8\x05\x14\xc5\x9d\xbbaC$\xff\xfb\
\x91\x0f\xdd\x17\xb8\xde\xe1n\xb7E\xcd5\xdeV\xd0\x01\
\xe5\xc1L7\xa5|_\xc0Y\xde\xe3\xb3\x180{\xec\
\xc4l!\x00\xf6\x11\xb2\x01\xa1\xec\x05\x18\x1c\x8d\xae\xe8\
\xe9\x1b\x1e\xfa3\x81\x80!P\x18\xf6\x8b>\xd4\x09\x12\
4<\xff\xd9/\xdb\xad\x85/3`\xd0\xee\xe3\xcb[\
4U\xf0\x17\xc0\x0e\x06\x1b\x005X\x1e\x16\x02\xf4_\
?\x8f\x00\x07\x84\xf9h\xf0\x8a\x9e\xbb\x8d\x05\x90:\x87\
`O\xa6\xfe\x09\x12Y\xca}\x87\xb1\x975\xd4\x01A\
a~\xa3\xe7X\xe2\x03\xfe\xa0\xa2\x16\xd0\x0cZoP\
<\xbdN\x9f\x80\xe0\x01\xb3\x0c\xc0\xbd\x17\x02m\x1f\x7f\
\xd2\x802\x8d\xddW\xf4\xcc}\x93(\xe1\xe8\xa9\x7fG\
\x04_^\x0b\xe5\x1f\xb0:\xfbw\x9d\xfb\xbf\x00t\x80\
\xc2\xf6z\x99A$\x1b\xe0\xb6\x87\xfa\xb2&`\xff\xff\
:\x84\x12\xb6\xb5\xdb\xdd\xd8\xf1\xc9\x16\x07\x98=\xd51\
\xf5\x94\x0f37\xc1{|\xf5\x88\x80\xb8\x84'{y\
\xd1\xb54\xf3\x90\x0e\xceo5\xa0\xddS\xf8\x83\xc6?\
&\x8e\x1a\x8fu@\xdb\x01\xfd=\xbd\xbe\xcb\xdac`\
7A\x1c\x19\x0c\xf0\xbe\x03;x\xd7\xb7\xc2\x1bj\xe0\
\x020\x19\x04\xee\xaa\xe5\xcc\x1a`\x0c\xd0w\xd0\x14\xf6\
i\xfc &Y\xe0\xb5~n\xfbG\xfb\xce,\x10\x81\
\xf7\xdc;\xe0\xee\xb0\xf4|\x00\xf8\xeb\xda\x80@j0\
f\xbf\x98\x0f\xb8\x0f~\xe3\x09^\xdd\x1e\xd0\xdf\xef\xdd\
\xf7z\xa4\x01P\x0cpr\xc0?~\x9f`9o\xe9\
\xbb\xc7pm\xb2\xfe\x0e\xc8\x01\x047\x99}hB~\
-\xde&\x9d\x01,`N`\xc6\x07\xfb5\x9a\x01\x95\
\xfdIH\x00\x03*\xdd`\xf4=\xc3y\x0en_\xdf\
C\xf5\xc1\x9f\xfd3\xddC;N\xea\xcf\x0b:\x00\xa9\
\xcet\xbe\xc7\xd0p\xb2\x0c=>\xd5\xcd7\xef\x0e[\
\xab\x86\xffB\xd0\xe1\x5c\xfb\x1b\xbd\xf6Wem\xe1\xf7\
\xe3\x80\xc5\x04P^\xd0\xa8\xffg\xec\xa7\xac{@\xd8\
\x80\x1b7\xff\xef\xd2\xceg;)\xaf\xb3\x94\x97\x0f\x7f\
\xe6\x17\x0f\x80kWV\xac\xc5\x80\xa9W2\x13\x12\xc3\
\xf7\xdd\xec\x0f~\x7f\xb9\xc5\xd94\xfe_\x80\x0fX\x0d\
\xfe\x07\xa9\x0cH\xd5\x13\xd8`\x8a\x983\xf8.\xf2\xba\
Z\xed\xbfa8\x03\x12\x0b\x00^\x97\x80\x0d\x0e\x00\xe6\
\x03\x91\xeeJ\xfe\x02\xb3\x08\x1d\x18\xdbduB\xdb\xdd\
\xfd;\x16\xe7\xe8\x80\xfb\x96\x0e(\x5c0\x82\xe0\xff\x1f\
\xd1\x1f\xee\x1bp\xf3\x06\xf1\x8af\xc7\xc0h\xc5%\xd2\
\x8f\x7f\xdb\x1fq\x18\x04\xc9\xc8\x9d\x7f\x9a\x95Oh\xbe\
8\xe1Y\xc0Gt\xf3\x22\xc1}sC\x01m\x8c\x9a\
\xb0\x5c\xbc}h\xfb\xd7Q\x14\xf7\xfeo-F\x19 \
\xf1\xf97\x14\xfd\xa1\xeeI\xef \x0dp?\xe81\x08\
\x9a\x1b\x8c0\xd5\x15<8s\x9fA\xe8ov^\x80\
U_ N\x8f`\xdb\xbf\x9f\x9ar\xbf \xb8\x05\xbc\
\xb1,\xad\xf7\x94[\xfc:v\x0b\x17\xf0\x88\x9a\xa6l\
hKt2\xbf\xbf\xc6\x0aG~\xee\x8eno\xb2b\
\xff\x04\x92\xfb\xf5\x00\xf5\x7f\x1a0z\x06gH\xb6\x11\
\xd86\xa0o\xb9k\xc2L\x1baM%\xc9\xe5\xcf \
\xf3l\xcb\xbf\x9f\xde\x83b\xf7\xd1h\xcc\x9e!\x1c\x96\
~)\xff\x0f#|]\xfe\x9f\xf6>\xdc&\x9e\x07\xc6\
\xdb\x13\xb3\x0dkq\xc1\x09\xcf\x87\xfcZ\x11\xd6\xfey\
\x0a\xe5\xb77\xde\xe7\xa2\xcc\xe4\xaa\x5c%\x0c\x8a;\x15\
]\x7f\x80o\x09\x8a\x19 \xb3\xc1j\xde@\x97Q/\
1gm\x8a<\xec\x10\xde\xd6\x03\x02\xfb\xf7\x9f\xff\xd5\
\xea\x89\xde\xb5\x80`\x0b\x90mH\xb9^\xa9\xc9\xde\x0f\
\xd4\xf9\xaf\xdc\xfa\xef\xe3v\x8f\xf9\xcd\xfe#\xda\xf7h\
\xbd4_\x17:\x03\x0c\xb3\xdfW\x1fw~\xa4\xech\
Q\x1e\x833o@'F\x82N\xe8\xc7i\x8f\xc5\xb0\
X\xb2\x177\x0cb\xf2\x13\xd0\xa5yz\xf4\xc4\x80\xbb\
{\xfb\x02\xfb\xc5\x14r\xc3\xd9\xb9\x18L\xa3\xf7{8\
\x1f\xc7C\x8eSy\xbd\xe7\x19\x8fv;j_\x0f\xbe\
\xf2\xfe\xa5\xf5\x09U\xd8\x00\xe5\x0f\x9d\x05\xca\xde\x0cV\
\x1bl\xfc\xd1\x1e{\xf2\x9an\xed~\x11\x9a^\xe4p\
\x07\xcd\xdb \xe5\x04\xcb1 }\x81\x92\x97\xeb\x8f\xcc\
\x08Uy1\xc7\x1fW\xdb\x8c\xf9\xf2\x97\xe7\xcby\xea\
:W\x06\xb7\xf8\xb2\xa8\xcdA\xf2\x15/`c\xd6\xe7\
^\xef:\x83\x10n0\x7fa\x82\xce\x1f\xd0\xb4\x05\xbc\
-\xe0\xdf/\xb8\xbeq\x84\xf2\x0a\xb2\x85\xf19\xd7|\
\xaa:x\xfe|\xaaS\xdf/\x0f\xe2\x9f\xbd\x1f\xa9\x0f\
\xa8\xe3\xe7k\x7f\x01\xa9\x9e\x5c\xec_nlP\xf5m\
\x02q\xb9m\xca\x07\xacp\x857\xfd\xd6\x02\xa8.\xf0\
ol\xac\xb1\x9fp\xd7\xd3n\xff\xe6n\x1c\xc8\xf9\xec\
\xf8\xc1\xe5e\xfc\xdd\xfe\xf6\xfeo3\xbeA\x10:`\
:%^_\xd2\xdb\xbf\x1a<u\x06\xda\xc7\xcb\xca\x04\
\x93\x95\xa5\xaf\x91om\x8b\x14q\x83\xe73\xf0\x06\x95\
a\x01{\xe0vv?\x8cM\x96\xd8/\x08[\xbb^\
d\xb1\xed\x91\xecK\xec\x0f\xb9}=\x10\xd0\x80\x02\xf7\
\x01\x84^\xc0\x0bV\x88\x8f&\x0c/\x85KJ\xe5#\
\xa5\x83\x93\xc69\xdb4\xee\x95\xdd\xf0\x9c\x81_;\xfe\
A8\xce'\xb8'\xee\x15\xff\xf7\xf9\x98\x84z\xa2\xac\
\xde\xb3\xc9~\x00\xb8\xcds\xb4]X\x7f\xb8\xb7\x1d\x8e\
a\xf2\xea\xfc\xf3q>\x12\xdf\xdfA\x0c\x07\x5cXW\
A\x1e\xf3\x8d9\x13a\xee\x7f\xbf\x01 \xbc\xc0\x8b\xbd\
\xcb/~9\xd9\xf9\xfa\xc9\xa1;\xb6\x04\xc4t\xe30\
A,\x14\xf7\xef\x05am`\xcd0\xde\x16\x8cWG\
e\xfd\xe4\xd1\x19n\x9b\xcf?\x9a\x02\x93\xb7\x8cn\xda\
\xcf\x9b\xfdj\x0c\x06\x14M\xec\xc6\xbd\xb3\xbfK\xa0\xed\
\xe7<*\x89b\x83\xa9\x0b\x5c\xe4\xf1\x04i^\x22\x97\
\xe6\xb3\xbd\xe5\xcb\xb6\xbfZ\xf3\xa1+\x0e\x9e_\xc5\x0a\
A\x13\x945\xe6\x80\x87\xb2\xff\xb7\xbeS\x0fjY\xad\
\xeeS\xf2\x9f\xc2\xe4\xb3\x8c\xae\xf9#\x11\x07\x92\xe6~\
\x07\x9b\x7f\x00\xe0\x80N\xed\xe0\x94\xfa/\x0e\x86@\x93\
\x11\xdeXr\xa0z\x1a\xd5\xf7\xea{@\x0f\x9dN\x18\
o0\xb0\x99\xe0\xd4\x1bD\xeaw%<\x88e5\x9a\
\xdf\xae6<}\xcb\x93W\xa3\xeb\xfa\x0f\x84<>\xfa\
9b}Bd\xd5\xda\x0f\xc0\xdd\x94^\xfc\x8f\xfb\xe2\
\xabw\xd0\xd6\xe4\xcdXzo\xdd_\xef\x0c\x17m\x93\
\x0eua>\x8b]\xb1y\xe5\xd4\xe1{\xca\x04\xc5\xa7\
\x17t\xb8\x03.{\x83\xec\x81\xd8\x1d\x00\x7fF\xdd\x5c\
~YO|\xf2\x1a]W\xa7\x1a\xb2\xeb_J \x03\
J\xc1D\xafh\xfd\xff\xd6\xf3\x83\xf2\xde\xdf:\xaa\x8a\
!+/ \xb3w \xd8\xc0\xb52\xe0\x8cK\x1dP\
\x9aL\xbeB\xcc\xd7\xf4\x87\xde\x8cx\xe5\xe6e\x02\xb6\
\x1d\x801Aq\xb4\x00\x90\xb6\xdf\x01\x80\xd6\xdboG\
\x1f<\xcc\xc4\xe4\xa7\xbb\x8f\xee^\xae\xd3\xc7\x1a\xbe\xbc\
\xad\xf5\x85\x01\xdd\x81\xd7\xe0\xff/\xc5\xff\xf5\xfb\xf3}\
\xc6&p\xd8\x0e\xaa\x1bP\xc0=`\xd8\xbb>\xbe\xdf\
\xcfH4\xe09[@\xfa\xbf>\xc0\xbd\x03\xbc_\xf6\
\xe1:*\xb3dX\x0d\xdf\x9f5\xa7\xef\x84\xb7\xfbh\
\xbd8\xc7N\xe0\x10\xcbc&\x18\x80\x1a\x9b\xfc\xff\x1b\
M\xa1\xce\x08\x94\x1b\xb8`5qQ\x99l6\x7f\xc0\
\xeb\x00\xf8\xe6\x81V\xbf3T\x13\x0c\xf7\xe7\x03,\x0f\
\x00\xf7o\xde\xab_'\x9e\xe1\x1d?\xf1\xf1\x0d\xe5M\
\xe2/\xdf@\xabg\x0c\xdf\xc0q;\x97'B1\xe0\
\xca\x97\x03\xd2\x0fs81\xc2LGhm\xf0\xcdk\
\xd0\xe0\xea\xa1c\x17\x1d\xae\xceA\x0d\x03r\x1f\x90.\
O\x88\x9a\xa0\x5c\x16P\x03(\xf7\x0a\xa6\xa6\x1b\xa0\x05\
^\xe1\x0c\xfem\xe8\xd3\xfc\xdd\x81\xb0w\x5c=\xce\xf8\
\xea\xc3\x8f>\x95 \x93<P\xf8\x01\xc2\x9b$\xef\x08\
u\xdd\x06\xa5k\x90.V3 \xbf]\x9c\xcfP\xad\
\x8b0\xc5\xbf\xa3\xed\x16\x96\xe6\xd9\xe3\x04\xd8\x83\xbf\x13\
\xfc\x07uy\x01\xa2\xe6\xa6\x90\xfe\x1f\x08\xa3\xff\x87\x03\
E7\xc2\xe9\xc7\xd7\xb5\x03\xf5\xbe\x7f9\x1d\xde\xf9\x0b\
6r<\x8e\xb7\x1e[e77t\xb6L\xde\x80\xa1\
\x05\x90\x0d\xbb\x83T\xbe\xe2S\xdb\x0e\xcd\xfb\xbfX6\
\x8f\xd3XS\xf5\xf2\xd0}\x9e\xeb\x83Vw\x82\xa6\x0b\
\x10\x91\x05\x9f\x80\x17\xa0\x03\xca\x7fx\x1bu\x19\x991\
\xdfo\x8d\x1c\xcd\xa0\x0d\xb6\xc7\x94\xa5}\x9d.\x02i\
\x03\x9e\x0b\x04\xda@\xa2\xd8\x80\xa7\xda\xed\xbe\xfe\xbd7\
-\xcd8l\xfb\xd1\xcb\xd9\xd5\xf3\xfbL\xb0\x9a\x16\xa0\
\xef\x092V\x0b\x5c\xac\x8e\xf3\x1f\xf8\xda\x8d<\xc0\xf7\
G\x98\x0fv\xb7\xa3\x18!\xaaNI\xac\x05l\xc6\x06\
\x8cm\xc02\x8c@\xc7\x08Qqzp\x83\xdc\xbb\x91\
\xe7\x07\xf8\x0d8\x87\xfd\xf5\xff{t\xd9\xcc\x02r\xe6\
o\xd5\x03\x89\xaf\xc1\xd4\x00*\xed\xcf\xc71)~\x07\
\xd7\x0b\xf8X\xc0\x22\xbd\x01\xeb6p\x9faSSr\
\xbf\xfd&?\xf5e\x12\xc6\xe3{\x7f]\xffwo\xe7\
\x02\x18\xb7\x93\xb5\xf3\xef\x00\xc2\xf59\x7f\xfe\xc0\xb6\xb9\
\x05\xb3\x1d\xa9\xd9\xca\xa41G\xf9.\x80\x07\xfe\xff\x1b\
v\x9b\x8d\x0f\x08lg\x1c\x19>Z\xd5\x10\xbc'\xa0\
\x1e\x97\xba\x00@\x9a\xf1\x1e\xe6w\xbf\x94\xec\xe7\xf0\x1f\
@m\xff\x16\x1c`\x83\xbd\xde\xe5\xbc\xe6\xea\xbd\xf5o\
\xff\xca\x8a\x875\xfa\x92\xec\xe7\xbc\xf5\xa4~|\xa6;\
M\xf5_\x90\xcc\x80\xc8\xf6\xfb\x00_\xf0\xf1Xz@\
\xbee\xf4\xf6\x09\xf2.\xfbc\xfb/_i\x8c\xc7?\
?A\x926\x0d\xfa\xd4\x07P6N\xe3\xd5\x1e\xa93\
a\xfd\xf4\x060\xd3~\xbdY/\xb8\x9b\xe53\xda\x0d\
\x90\xf2\xec\xb09\x06`\xa7\xdc\xa4\x09\x8b\xd9Z\xea\xa8\
\xf5\xc9\xba\x03\xea\x13\xd4\xd9\xa3k\xf7\x0di\xfe\xf8o\
v\xf6\x1b\x0d\x98/\x00\x0ft{\xfb:\xbcu\xa6O\
a\x8b\xff\xfe\x8e\x89=\x047#F\xdb\x00\xfbz\x19\
O\x03\x9a\xd2\xee\xe8\x07\xff\x00\x01'\xe0\x02V\xf5\xf8\
3o\x1c\xddu\xb4\x9fp\xc4\xff\xd3\xb36g\x8c\xe3\
\xf5\xc0\xc6 \xef\x83\x0e\x8b\x86uz\x5cR\xb8Sh\
\xeb\xd3\xdc\x0fS\xda\x81\x9e\xf5\x9c\xba\x01\xfex\x82h\
Y\x87\x0e\xe8\x1fP/\xdc\xde\x09\xf8\xecG\x81\xba\xbe\
\xdd\xb6X\x18\x02\x03Jggm\x80\xe3E\xdb\xa8\xee\
\x97\x0e\x11\x85\xed\x97)z\x958\x00u\x01b\x196\
60\xfc\xcf\xce\x04\xd6\xff\xb6\xfaYK\xd8\xff\xef\x5c\
\xbb\x91\x03b9@@.\x09\xb1$\xe8\x17\xa8yI\
^\xff\xbf'_\x13\x12\xb4C\xf0bY\xfb\x83\x96\xc5\
\x8b\x0dH/Pn\xa0V\xfe\x0a\xfe'(yEg\
g\xc0\x05\xf7\xf3u\x1e\xf0\x80\xff&P\xfc\xfb\xe5v\
\xfbn\x8d[J\xaf\xfd\x8fq\xd5\xe53\xaa\x06<\x8c\
\x90,v\x98`\x02\xd6\xeb\x1e_\xcf\xd5\xcb\x8f>d\
\x93\xfd3\x07T\xa5\xe5\xf1X\xa0\xb1\x06\xfb\x11LW\
\xc8\x1f\x109{@\x8a\x11V\xca\xe6\x1d\xb6\x1f\x98\xfc\
\xcd\x06\xdf\x05\xde\xe8\x90\xf4\x19\xd0\xf8#\x04I\xed\x8f\
\xf2\x88\x01\xd5\x0b\xe4[\x02\x07[\x81\xf2w;\x9fn\
\x07U\x01x_\xe7\x021J\x85\xfbO\x18`\x91\x83\
\x01\xa6\x17`\x09\x9d\xc0\x81+x\xfan\xb5\xe1\x88\x01\
\xc8\x19\x86^\x14\xb9\x01\x91N\x18^\xdd/\xc6>\xc7\
\x056\x0f\xdf\xbf\xf8\x8d\xee\xf6\xdd\xff\xf3\x8f\xc4\x00k\
\x17H\xc4'0{ek\x1b\xf1\x00\x98a\xd4`\x03\
b\x16\xb1\xfe\x13~u q\x01\xc7/p\xed\x83\xed\
\xbe\xce\xb2\x1f\xf0\xbc\xef\xb9\x00\xc6\xfe\xc3\xab\x03\x92,\
P\x88+\xe2v'\xf09\xa2K\xbd\x01\xf9\x83\xac\xbf\
\xae}@\xe0\xbfN\xbe\xbf\x16\x0b\xa4;\xba\xbf\xf0\x96\
\xaf\xf0w\x9a\xf7]V^G\xdd\x0d\xbb\xc7\xc7\xfd\xbb\
84\x0b\x08;\x03\xc0\xfe\xe8\x11\xdd\x01\xcc\x01\xc3P\
\xf3\xf8[\xc0\x04\xde\x1bP=([\x80\xdb\x03\xcd\x8d\
\x0f\x0c\xb0\xc5j\xcfq\x1e3\xff\xd2[\xbeD~>\
\x19\x5c\xb7\xfc>q\xe7\xfd\x05\x0b\xda\xd0\xe4\x1d\xd1\xbd\
aC\xc7\x98\xf3d\xaf^\x0c\x1d\x11\x834\x03,\x08\
S\x8a\xf1*\xd8\xf8\xdbj\x7f^J\xda+\x85\x09\x96\
\xe8\xc3\x02h\x7f\xae\xe7\xeb\xc9\xd9B\xcd>\xfd\x80\x5c\
\xde\x11\x1b\x0e\x0f#\x1f{\x0a|\xcdp[\x5c0\x0f\
\x14\xc7\xb0|\x9d%^\xc0\xf7o1n3\xc1!\xf9\
\xb7\xe9\x8e\xdd\x88\x1f\x1f$M9~i@$\xa2\x7f\
J9\xa7\xe1\xca:\x18\xb96\xd0\x9d\x80p@\xf7\xf0\
\x80\xf9\xa6\x8c_\xd1\xac\x8e\xcdA>\x0dpi\x98M\
\xcf\xfd\xdc'\x82\xcc(\xb5\x17\x16?\xa0\xe1\x09z\xa1\
\x9c\x7f\xe0\x1d\xa0\xe1\x81-F\x0e\xcc\xcb\x19?\xd6R\
\x5cO\xe9q\xa0{@\xc1\xe6\x80\x00\xdd\x83\xcb\xd5~\
\x05\x93\x99\xb4\xd8F\xbcc \x03\x92s\x8a\x04y\xb4\
\x7f\xd9\xa9\xbb\x5c\xea\xaa`\x9f\x92\x8e\xe2d\xdf\x1b\x00\
\x17\x96&(\xc0\xd9)\xdf\x02\xac\x07\x8an\x11\xe1\xb7\
\x0d\xbd\x97\x17\xbfV$\xedC\xc2\x16\xb4|p\x7f@\
\x86,\x80>.Zw\xb7\x81d\x8d\x07\x86\xcf3\xe6\
\xd3x\x07\x8e\xb4\x80\xa2i\x8ae\xdf\x18\xca`q5\
\xe3s\x82\x94oV\x03\x08l\x01:\xd0\xbb2\xe6\xa1\
As\xd6N\x17\xf2\x9c\xe9\x0b\x0d\xfd\x1f\xb8\x94\xfe\xfd\
l\xfd\xad\x15\xd5]\x06\xcc\x0e8\xedI\x03\xc7\xe5\x05\
\x82\xfe\x1c:\xde\x04\xfe\xb7\xdf\xa4\xf1\xbe-\xa6\x98\x85\
\x17Z 5.0:\x90\xda#Q\xc2\x15\xaf<\xcc\
\xf2^\xed\xdc9\xde\xbf\xb4\x81\x11\xab\xa5\xf2~4\xf2\
\x96[\x0b\x19\x10\x03\x0a\x07\xd8\xc7\xd6N\x99@9\x1d\
\xf9\xda^\xa0s\x81\xf7\x99\xe5\xcb\xea\xca\x06=[H\
\xee\x0d\x1f\xfc\xcd|;)\xd6|pfg7Lh\
\xb4\xfe\x00\xd1\x03\x82\x0f\x0c\xc5\x1c@\xa9'\xb0-\xe0\
\xb9\xc9\x02\xe7\x19\xf9\xc5\xb9r6@~\xf7t\xe7s\
rR\xa4\xd3<\xa5\xdd\xff\xf5y\xfa}^~\xd4\xd6\
\x03D\x17\x08\x07Tz\x82\xc7\x82\xd9\x00!!\xdf\xed\
@\x8c\x0cx\xf8\xf4\x89\xe3\xb6p\xe0\xc3\x90\x02\x0e0\
\x9f9\xdf\xa1\x1e\xa0\xe7y\x0c\xe7\x13Ct=\xa2\x06\
\x98\x94\x13\xb4n\xa0\x7f\xf0\xcc\x01\xe2\x06 \xdf\x80\x9b\
K\xb8\xf9\xbc\xbb;\xdb\x03VA\x13\x80=xv\x80\
\x17\x96M\xc0\xfa\x06\xda\xe3\x00\x17\x18\x07\x0c\xd7w\xdf\
 \xfc\xd3\xfa\xa7}\xe9\x8e\xef\x07\xe8\x03%\x03\x13\xe4\
>r\xe5\xfc\x1bEq\x01\xc1\xf4\x8e\xf3\xb2;\xad\xdc\
\xe1\xbab\x1aVt\xe2\xd1vn\x02p\xfa\x00\xef\x95\
|\x0b\xcc\x94\xcb\x09\x8c{\xdf&\x82\x05\xf4\xcd\x9b\xfc\
\x12_\xeb\x226~|af\x0f\xc85\xb3X\xd0\xc3\
\xdf1h->\xc0X@0\xc2\xceG'\x18A\x16\
\xa0\xdc\xe75\xaa\xcd`\xf9\xcaP\xc8\x8f\x18\x92[\xcf\
\xe7\xc4\xab.Y\x00\x07\xef\x16s\x82R\xb2\x03\xfc\x02\
\x11\xb3\x99\x01\xffv\x99`\xe3\x05x8\xa0\xd1\xbc\x03\
L\x8e\x9a\xdc\xd9\xc3\xe40\xab\xe3\x1bE#\x18\x88\xe6\
w&p\xc5\xcf\x04\xe1U\x07\x0c\x16\x90\x03\xfd!\x1d\
\x03\x9d\xf5\xc5\x0fj\x02tY\xc0\xd0\xc1\xb5\x01l\xec\
\x0f/J\xf7\xbb\xf6p\xf1\xc6\x9c\x87\x09\xd0\x07\x15\xbe\
\x80\xbc\x05\xc0\xec \xdf\x05\x0f\xc0:\x10u\x0d\x22\x8e\
\xd3\xef\x847\xc5\xdb8\x01\xf8\x81\xe6\x0d|-`\xde\
\xa2\xe8\x07\x04\xfd\xfd\xc2w\x97^\xfbe\xc0\xea/c\
<i\xd7\x11=\x8b\x5c\x1e\x14\x0b\x08\xd7\x01p4v\
\x82\xc5\xafZmz\xc0cy<9\xf6]IP\xae\
<>\x81a\x03\xbc\x1760\xac\x16\x90\x07o\x10\x89\
\xb5G\xf6f\xfa\xf4;\xaeqi\xab\x1bpa\xc8z\
\xc9\x07l6\xffN?z\x8e\xdf\x1bdv\xa0\x8b\xb7\
\xc6\x9e7\x9c\xb2\xaf9\xa77\x80\xd79\x1a\x22\x03Z\
\xfb~\x81\x01\xba\xe7\xc3\x05M\xbe\x01v\x9e7\xc6\xb4\
g\xf2\xcc\xcc-A\x7f\xff\xbb\xe6s\xfb\x7f?\x8dI\
\xd7\x80\xb6\xeb\x98L\x04\xbea\xd0r\xedk\xf5q\x83\
\x8dxC{@\xfb\xd51'\xce`\xe8\xc9\xe8{\xdc\
\x0f\x18\x98\x81\xf3%\x18\x09\x83\x01\xab\xe3\x14\x06\x0d\xc7\
T8aK\xdcK\x897\xda\xef\xe4\x9e\x0d\xf8\xfb@\
<\xc1\x96#\xd5\x9b6`\xff3R\x0ehn\xecz\
!\xfd\x02n\x03N\xf1\x07\xb2\x13\xe1\x1c\xf6\xe2[s\
\xd6\x16\x1a\xa0\xf8\x9b\xa6\xe1\xd0\xcf'\xce\xe0A\xe1\x06\
\x10o\x08\xe3\xfb\xd51/\x15\xff\x13\xba\xcf\xd2_\xff\
sy\x90\x01\xa2\xb4M\x13z\xf8\xb8\xd3\xdb\x0f\xd4\xb9\
\x80x@\xf8\xfd\x01\xbfb\x83\xdb=\xfb\x07\x18\x7f\xbd\
W\xf4W\xd1\xb7\xdf\xeb\xe4o\xf23\xe1\x81\xbe\x81\x97\
vS\xf1t\xf2\xdd%\xbbd\xa8r\xbc2w?\x82\
< \x8a\x01\xf8\xe4\xa4a\x02\
\x00\x00\x0d\xdb\
\x89\
PNG\x0d\x0a\x1a\x0a\x00\x00\x00\x0dIHDR\x00\
\x00\x00F\x00\x00\x00S\x08\x06\x00\x00\x00\x225q\xac\
\x00\x00\x00\x09pHYs\x00\x00\x0b\x13\x00\x00\x0b\x13\
\x01\x00\x9a\x9c\x18\x00\x00\x0a\xe6iTXtXML\
:com.adobe.xmp\x00\x00\
\x00\x00\x00<?xpacket beg\
in=\x22\xef\xbb\xbf\x22 id=\x22W5M\
0MpCehiHzreSzNTc\
zkc9d\x22?> <x:xmpm\
eta xmlns:x=\x22ado\
be:ns:meta/\x22 x:x\
mptk=\x22Adobe XMP \
Core 10.0-c000 2\
5.G.ef72e4e, 202\
5/06/27-18:54:05\
        \x22> <rdf:\
RDF xmlns:rdf=\x22h\
ttp://www.w3.org\
/1999/02/22-rdf-\
syntax-ns#\x22> <rd\
f:Description rd\
f:about=\x22\x22 xmlns\
:xmp=\x22http://ns.\
adobe.com/xap/1.\
0/\x22 xmlns:dc=\x22ht\
tp://purl.org/dc\
/elements/1.1/\x22 \
xmlns:photoshop=\
\x22http://ns.adobe\
.com/photoshop/1\
.0/\x22 xmlns:xmpMM\
=\x22http://ns.adob\
e.com/xap/1.0/mm\
/\x22 xmlns:stEvt=\x22\
http://ns.adobe.\
com/xap/1.0/sTyp\
e/ResourceEvent#\
\x22 xmlns:stRef=\x22h\
ttp://ns.adobe.c\
om/xap/1.0/sType\
/ResourceRef#\x22 x\
mlns:tiff=\x22http:\
//ns.adobe.com/t\
iff/1.0/\x22 xmlns:\
exif=\x22http://ns.\
adobe.com/exif/1\
.0/\x22 xmp:Creator\
Tool=\x22Adobe Phot\
oshop 27.3 (Wind\
ows)\x22 xmp:Create\
Date=\x222026-02-09\
T18:59:01-06:00\x22\
 xmp:ModifyDate=\
\x222026-02-27T13:2\
2:30-06:00\x22 xmp:\
MetadataDate=\x2220\
26-02-27T13:22:3\
0-06:00\x22 dc:form\
at=\x22image/png\x22 p\
hotoshop:ColorMo\
de=\x223\x22 xmpMM:Ins\
tanceID=\x22xmp.iid\
:5b57642c-eebb-7\
f4f-8886-4e818a3\
555ee\x22 xmpMM:Doc\
umentID=\x22adobe:d\
ocid:photoshop:0\
d6248e8-9517-b54\
b-a731-8b8675f77\
b5f\x22 xmpMM:Origi\
nalDocumentID=\x22x\
mp.did:5362cc97-\
a2ba-cc4e-b8e1-4\
97e5a8d90d8\x22 tif\
f:Orientation=\x221\
\x22 tiff:XResoluti\
on=\x22720000/10000\
\x22 tiff:YResoluti\
on=\x22720000/10000\
\x22 tiff:Resolutio\
nUnit=\x222\x22 exif:C\
olorSpace=\x221\x22 ex\
if:PixelXDimensi\
on=\x2270\x22 exif:Pix\
elYDimension=\x2210\
7\x22> <photoshop:T\
extLayers> <rdf:\
Bag> <rdf:li pho\
toshop:LayerName\
=\x22MET\x22 photoshop\
:LayerText=\x22MET\x22\
/> </rdf:Bag> </\
photoshop:TextLa\
yers> <xmpMM:His\
tory> <rdf:Seq> \
<rdf:li stEvt:ac\
tion=\x22created\x22 s\
tEvt:instanceID=\
\x22xmp.iid:5362cc9\
7-a2ba-cc4e-b8e1\
-497e5a8d90d8\x22 s\
tEvt:when=\x222026-\
02-09T18:59:01-0\
6:00\x22 stEvt:soft\
wareAgent=\x22Adobe\
 Photoshop 27.3 \
(Windows)\x22/> <rd\
f:li stEvt:actio\
n=\x22saved\x22 stEvt:\
instanceID=\x22xmp.\
iid:5e58fed0-21a\
c-364a-849d-8cb9\
16c3b51f\x22 stEvt:\
when=\x222026-02-10\
T18:04:33-06:00\x22\
 stEvt:softwareA\
gent=\x22Adobe Phot\
oshop 27.3 (Wind\
ows)\x22 stEvt:chan\
ged=\x22/\x22/> <rdf:l\
i stEvt:action=\x22\
saved\x22 stEvt:ins\
tanceID=\x22xmp.iid\
:8e916d94-6e61-1\
b47-9d15-e7b7838\
8418e\x22 stEvt:whe\
n=\x222026-02-27T13\
:22:30-06:00\x22 st\
Evt:softwareAgen\
t=\x22Adobe Photosh\
op 27.3 (Windows\
)\x22 stEvt:changed\
=\x22/\x22/> <rdf:li s\
tEvt:action=\x22con\
verted\x22 stEvt:pa\
rameters=\x22from a\
pplication/vnd.a\
dobe.photoshop t\
o image/png\x22/> <\
rdf:li stEvt:act\
ion=\x22derived\x22 st\
Evt:parameters=\x22\
converted from a\
pplication/vnd.a\
dobe.photoshop t\
o image/png\x22/> <\
rdf:li stEvt:act\
ion=\x22saved\x22 stEv\
t:instanceID=\x22xm\
p.iid:5b57642c-e\
ebb-7f4f-8886-4e\
818a3555ee\x22 stEv\
t:when=\x222026-02-\
27T13:22:30-06:0\
0\x22 stEvt:softwar\
eAgent=\x22Adobe Ph\
otoshop 27.3 (Wi\
ndows)\x22 stEvt:ch\
anged=\x22/\x22/> </rd\
f:Seq> </xmpMM:H\
istory> <xmpMM:D\
erivedFrom stRef\
:instanceID=\x22xmp\
.iid:8e916d94-6e\
61-1b47-9d15-e7b\
78388418e\x22 stRef\
:documentID=\x22xmp\
.did:5362cc97-a2\
ba-cc4e-b8e1-497\
e5a8d90d8\x22 stRef\
:originalDocumen\
tID=\x22xmp.did:536\
2cc97-a2ba-cc4e-\
b8e1-497e5a8d90d\
8\x22/> </rdf:Descr\
iption> </rdf:RD\
F> </x:xmpmeta> \
<?xpacket end=\x22r\
\x22?>\xa3\xbcMQ\x00\x00\x02\x9bIDATx\
\xda\xed\x9c\xcbQ\xc40\x0c\x86]!\xf5p_\x1a\xa0\
\x08\x8e\xe1\x08\xc5p\xa0\x94@v&!Y\xfc\x90\xe5\
_\x8e\x14+3\x1a\xd8\xc5&\xf1\x17Y\x92\xe5G\x98\
\xe79,\xf2\xfa\xf9=o\xf2\xb1\xfb]\xb9\xbc\xbc\x7f\
Ae\xe5\xb1AA\xdf\x80+7\x05\xcfp\x07\xa3\x09\
\x8a&1\x0d&\xfc*\xfc*-\xe5cZ\x1a\xac\x03\
\xa1\x82\xa9.o\x19\x06\xb5\xa1\xac:\x1a\x1a\xd9\x02\xa4\
\xf4?\xd80\xb5\xbd\xf9\xfdCS\xcb\xa6\x1aY\xac3\
\x19\x04\xc3\x91\x1bH\xcb\xba\x83\x91\x84R+\x22\xc6\xb7\
\xc6E\x0e\x03\xa66v\xd0\x08\x87\xf4\x9cR\xde\xc4:\
\x9cS\xc0 \x01\xad\x17\x1aP\x90\x8c6\xa5 \xed\xaf\
\xdcwM\xae~\xfb0\xa5G\xbb\xad\xfdU\x02\xcc\xfe\
'B\x83X\x1a\x830f\x88\xfb\xc4\xb4\xa4\x04O\x0c\
\x0c\xda\xda\xb7\x82\xa14\x1e\xa15\x01m \xa5\xc0P\
\xbb\x0d\xca\x10\x07\x09\xaf!\x05&\x05\x07\xe1\x9d\xba\x80\
\x89\xf6\xd9\x04\xb0\x1b\xc3\xc6\xc4.tl\x13zAA\
\xa6\x18z\x04}!\xe5\xa6%\xa0\xe4\xd2\x09\xfa\xc0\x00\
\xdf\x1e5(DD\xbb\xa7\x80\x91\x82\xc2mT\xcc\xf3\
\xb4\xc40\xfb\xfa\xa9l\x81\x08\x18\xf4\xdbN\x85\xfe\xdc\
8\xe6\x11\x0cy\xac\xd4\x02F\xa2\x1b\xa44&\xe5\x9d\
J\x9e\x8b\x05\xa6\x87\x91CkMn@\x99\x83\xa6\x0e\
\x0c* \xcb\x8d\xb4S\xf7z,\xab\x0e\x0c\x22]\xc0\
\x09\xf2b\xe5\x8a`\xce\x8e#\xb8\x90$\x92UAc\
\xb2\x1a\x19\xe6C2x\x9a\xb2\xf8\xbd\xc0\x98\xd1\x18j\
\x22jh0\xbd\xba\x95I0\xd2\x80L\xd9\x18j8\
/9\xb7d\x0e\x0c5\x86\xc9\xfd\xadz&\xd2\xb2G\
\xca\x81\xe2,\x8c\x1c\xc6]W\xe7\x9f\x87\x0339\x98\
\xb14\x86\x0b\xec2`\xb8s\xd3)\x03\xbc\x5cl0\
\xda\xb5&7\x99_\x9a\x80+%\xa6\xcc\x82\xa1N\xe8\
\xa7\xea\x5c\x0aL)P\xa3\xcc[\xc7\xea\xb3\x97\x9aY\
\xb055\xa3\xf1\xcb\x82\x91\xc8\xfc\x0d\x01\x06\xb1P\x88\
\xbcp\xc8\x22\x1c\x07\xd3\x01\x8e\x83\xe1,g\x1d\x19\xce\
\xd0\x1a\xe3`Z\x93\xe1#Bq0\x1c0\xb7\xc1\xc1\
\x90W\x86;\x98\x93F\xd75\xc7\x15\x98\x05\xd3c\xbf\
\x81\x83\x01\xefg8\x0d\x0cr\xe3\xb8\xd4F\x8f\xee\xc6\
\x17QGj#;\xa4=\xa8\x8d[P(S\xbf\xf3\
\x1dX\x1b\xb9z\x1c.\x81\xd4\x1cn\xdd\xcb\x9d\x1f#\
z\xaa\xc0\xd3\xf3\xdb\xecp\x8e\xb20\xb9\x83Y\xe1\x5c\
E\xaaaLG(\x070.Gq0\x0e\xc6\xc18\
\x18\x07\xe3`\x1c\x8c\x83q0W\x03\xb3\x84\xd0\x0e\xe2\
(\x0b\x93\xed<_\x07\xf2\x07e;\xe8\xf8\xdf\x09\xd0\
\x03\xcbz\x02\xf4\x0f\x89\xb0=?c\xad3\xde\x00\x00\
\x00\x00IEND\xaeB`\x82\
\x00\x00\x07u\
\x89\
PNG\x0d\x0a\x1a\x0a\x00\x00\x00\x0dIHDR\x00\
\x00\x00F\x00\x00\x00'\x08\x06\x00\x00\x00\xb2\x86>{\
\x00\x00\x00\x09pHYs\x00\x00\x0b\x13\x00\x00\x0b\x13\
\x01\x00\x9a\x9c\x18\x00\x00\x064iTXtXML\
:com.adobe.xmp\x00\x00\
\x00\x00\x00<?xpacket beg\
in=\x22\xef\xbb\xbf\x22 id=\x22W5M\
0MpCehiHzreSzNTc\
zkc9d\x22?> <x:xmpm\
eta xmlns:x=\x22ado\
be:ns:meta/\x22 x:x\
mptk=\x22Adobe XMP \
Core 10.0-c000 2\
5.G.ef72e4e, 202\
5/06/27-18:54:05\
        \x22> <rdf:\
RDF xmlns:rdf=\x22h\
ttp://www.w3.org\
/1999/02/22-rdf-\
syntax-ns#\x22> <rd\
f:Description rd\
f:about=\x22\x22 xmlns\
:xmp=\x22http://ns.\
adobe.com/xap/1.\
0/\x22 xmlns:dc=\x22ht\
tp://purl.org/dc\
/elements/1.1/\x22 \
xmlns:photoshop=\
\x22http://ns.adobe\
.com/photoshop/1\
.0/\x22 xmlns:xmpMM\
=\x22http://ns.adob\
e.com/xap/1.0/mm\
/\x22 xmlns:stEvt=\x22\
http://ns.adobe.\
com/xap/1.0/sTyp\
e/ResourceEvent#\
\x22 xmp:CreatorToo\
l=\x22Adobe Photosh\
op 27.3 (Windows\
)\x22 xmp:CreateDat\
e=\x222026-02-27T21\
:38:54-06:00\x22 xm\
p:ModifyDate=\x2220\
26-02-27T23:45:3\
7-06:00\x22 xmp:Met\
adataDate=\x222026-\
02-27T23:45:37-0\
6:00\x22 dc:format=\
\x22image/png\x22 phot\
oshop:ColorMode=\
\x223\x22 xmpMM:Instan\
ceID=\x22xmp.iid:d2\
28b3e9-4db3-b74a\
-bf02-92054cf538\
18\x22 xmpMM:Docume\
ntID=\x22adobe:doci\
d:photoshop:cf2b\
ca5f-98d4-7640-a\
7b6-a7015fc75593\
\x22 xmpMM:Original\
DocumentID=\x22xmp.\
did:9e980758-733\
7-ab4c-aa50-7b16\
1ae493eb\x22> <xmpM\
M:History> <rdf:\
Seq> <rdf:li stE\
vt:action=\x22creat\
ed\x22 stEvt:instan\
ceID=\x22xmp.iid:9e\
980758-7337-ab4c\
-aa50-7b161ae493\
eb\x22 stEvt:when=\x22\
2026-02-27T21:38\
:54-06:00\x22 stEvt\
:softwareAgent=\x22\
Adobe Photoshop \
27.3 (Windows)\x22/\
> <rdf:li stEvt:\
action=\x22converte\
d\x22 stEvt:paramet\
ers=\x22from applic\
ation/vnd.adobe.\
photoshop to ima\
ge/png\x22/> <rdf:l\
i stEvt:action=\x22\
saved\x22 stEvt:ins\
tanceID=\x22xmp.iid\
:d228b3e9-4db3-b\
74a-bf02-92054cf\
53818\x22 stEvt:whe\
n=\x222026-02-27T23\
:45:37-06:00\x22 st\
Evt:softwareAgen\
t=\x22Adobe Photosh\
op 27.3 (Windows\
)\x22 stEvt:changed\
=\x22/\x22/> </rdf:Seq\
> </xmpMM:Histor\
y> </rdf:Descrip\
tion> </rdf:RDF>\
 </x:xmpmeta> <?\
xpacket end=\x22r\x22?\
>t\xf8\xf5;\x00\x00\x00\xe7IDATh\xde\xed\
\xda\xdb\x0d\x83 \x18\x86a'\x93U\x1c\x057\xd0i\
:\x07\x13x\xa1\x0bt\x02TRHlc\xa8\x8a-\
\x87\xf7\xe2\xbbQPy\x02?\x89\xa1\xd2ZW&m\
\xab\xc9\x92\x97\x07(;8\xa0\xec\x04\x18`\x80\x89\x07\
\xe6\xd94&g\xdb\xd9\xeb\xef\xf9\xb6\x9d\xaf\x1f0\xb9\
\xc0\xf8\xfa]\xbd\x7f?\x8c\x04&\xaa\x19\x13\xea\xbd\xc0\
\x94\xba+\x01\x93=\x8c\xdc\x16\xee\xa3\x03\xc9\xb7\xf8\x02\
\xc3v\x0d\xcc\x19\x18_\x11-\xb6\xf8\x02\xc3o\x07`\
\xc8\x07L\xd7e0\x10\x19\x1ef\x12BG\x87#\xff\
\x83a\xb3\x9a\x18\x18\x87\x93K.\xcc<\xeb\xe1`\xc8\
6\xc0\x84\x80\x19E]\x16\xcc\x18\xc9\xc7\xc4\x04\x9f\xdc\
R\xfa\x15\x1e5\x06\x18`\x82,O`\x981\x07a\
\xfa\xc7\x90\xe6\xf4\xaf\xed2\x08\xff\xec\xd5\xc4\x9c\xc1K\
\x15g\xba\x09\xc5\x9c\xc1SJ9\x1c2\xb8S\x9b3\
\xc8\x96\xd0\x13V\xe85\x0a\x00\x00\x00\x00IEND\
\xaeB`\x82\
\x00\x00\x07\xe2\
\x89\
PNG\x0d\x0a\x1a\x0a\x00\x00\x00\x0dIHDR\x00\
\x00\x00\x86\x00\x00\x00'\x08\x06\x00\x00\x00\xca90\xda\
\x00\x00\x00\x09pHYs\x00\x00\x0b\x13\x00\x00\x0b\x13\
\x01\x00\x9a\x9c\x18\x00\x00\x064iTXtXML\
:com.adobe.xmp\x00\x00\
\x00\x00\x00<?xpacket beg\
in=\x22\xef\xbb\xbf\x22 id=\x22W5M\
0MpCehiHzreSzNTc\
zkc9d\x22?> <x:xmpm\
eta xmlns:x=\x22ado\
be:ns:meta/\x22 x:x\
mptk=\x22Adobe XMP \
Core 10.0-c000 2\
5.G.ef72e4e, 202\
5/06/27-18:54:05\
        \x22> <rdf:\
RDF xmlns:rdf=\x22h\
ttp://www.w3.org\
/1999/02/22-rdf-\
syntax-ns#\x22> <rd\
f:Description rd\
f:about=\x22\x22 xmlns\
:xmp=\x22http://ns.\
adobe.com/xap/1.\
0/\x22 xmlns:dc=\x22ht\
tp://purl.org/dc\
/elements/1.1/\x22 \
xmlns:photoshop=\
\x22http://ns.adobe\
.com/photoshop/1\
.0/\x22 xmlns:xmpMM\
=\x22http://ns.adob\
e.com/xap/1.0/mm\
/\x22 xmlns:stEvt=\x22\
http://ns.adobe.\
com/xap/1.0/sTyp\
e/ResourceEvent#\
\x22 xmp:CreatorToo\
l=\x22Adobe Photosh\
op 27.3 (Windows\
)\x22 xmp:CreateDat\
e=\x222026-02-27T21\
:38:54-06:00\x22 xm\
p:ModifyDate=\x2220\
26-02-27T23:45:0\
8-06:00\x22 xmp:Met\
adataDate=\x222026-\
02-27T23:45:08-0\
6:00\x22 dc:format=\
\x22image/png\x22 phot\
oshop:ColorMode=\
\x223\x22 xmpMM:Instan\
ceID=\x22xmp.iid:5a\
32ac6d-ddc8-4b46\
-9ad5-1d6bf6c1a0\
d0\x22 xmpMM:Docume\
ntID=\x22adobe:doci\
d:photoshop:60ff\
27c8-206c-cd42-9\
765-63d6ca9b30b9\
\x22 xmpMM:Original\
DocumentID=\x22xmp.\
did:cb8f7419-273\
a-284f-92f9-c80f\
5ec4b3a2\x22> <xmpM\
M:History> <rdf:\
Seq> <rdf:li stE\
vt:action=\x22creat\
ed\x22 stEvt:instan\
ceID=\x22xmp.iid:cb\
8f7419-273a-284f\
-92f9-c80f5ec4b3\
a2\x22 stEvt:when=\x22\
2026-02-27T21:38\
:54-06:00\x22 stEvt\
:softwareAgent=\x22\
Adobe Photoshop \
27.3 (Windows)\x22/\
> <rdf:li stEvt:\
action=\x22converte\
d\x22 stEvt:paramet\
ers=\x22from applic\
ation/vnd.adobe.\
photoshop to ima\
ge/png\x22/> <rdf:l\
i stEvt:action=\x22\
saved\x22 stEvt:ins\
tanceID=\x22xmp.iid\
:5a32ac6d-ddc8-4\
b46-9ad5-1d6bf6c\
1a0d0\x22 stEvt:whe\
n=\x222026-02-27T23\
:45:08-06:00\x22 st\
Evt:softwareAgen\
t=\x22Adobe Photosh\
op 27.3 (Windows\
)\x22 stEvt:changed\
=\x22/\x22/> </rdf:Seq\
> </xmpMM:Histor\
y> </rdf:Descrip\
tion> </rdf:RDF>\
 </x:xmpmeta> <?\
xpacket end=\x22r\x22?\
>g\x8dP\x0b\x00\x00\x01TIDATx\xda\xed\
\xdc\xc9\x0d\x830\x14EQ*\x83V(\x05: \xd5\
\xa4\x9c,~\x1aH\x05\x8e@d@!2\x1e\xf0x\
\x17o\x11\x89\xc9\xe6\xf0mA\xe4F)\xd5,\x19G\
UW\x06U_\x9b\x0fd\xf5P)\x0a\xa2\xc3\x01\x0a\
\xb2\x1b`\x10`\x10`\x10\xbf0\xce\x9d\xa9?\xfa~\
7\xae\xdb\xeb\x8e\xa3\xdb\xfe\xdfy\x8e\x1e\xd7\xb6\x1d\xba\
\xf6\xd8^Ov\x15\x03\x18\xc0\xb0\xea8\xd7\xedMo\
\x90\xed\xf9L\xaf\xdbw\xfb\x81\x01\x8c\xbaa\xf8\xeeH\
\xd7\xdfg\xc1\xcd\x18\xc6\x00\x0c`\x94[1l\x87\x00\
_\x93]_\xc7\x8f1\xe9\x04\x060\xea\x85q\xf6\xfe\
Go8C\x090\x80\xe1\x06c\xd8LtCw\xa4\
\xef\xfd\x99|\x02\x03\x185\xbe\x12O\xf5\x85\x1d\xdfJ\
\x80Q'\x0c\xc2\xff1\x080H\x990\xa6\x89\x8e \
\xbf0\xee]\xa7\xc0A\xbe3\x9bX`\xbcq\x94\x12\
n\xae\x13\x8a\x0d\x0c\x93\x88\xc5>$\xaf41N\xba\
\x07K\xda\xf8\xd7PK\xa4k\xd3\x84\x91\x02D i\
`\xc8\x81'\xd7\xf6i\x0e]\x05H\x84\xa1D\x22\x96\
\xb5`\x95\x05\xc8\x0c%\x04\x18\xc9U&`\xa4\x8e\xa5\
e\xf8\x09\x0eC\xa8D\xc0\xa0\xaa\x14\x08\xe3r\xbd\x01\
\x80l2\x9bX\xd6\xe02\xc1\x91\xdb\x13$\x89\xb6I\
\x12F\xf1Y\x9cm\xc5A\xc8k\xd5\xbe'&\xc0\xe8\
Y\xac\x0a\x04\xa0\x00\x00\x00\x00IEND\xaeB`\
\x82\
"

qt_resource_name = b"\
\x00\x08\
\x08\x86\xe2c\
\x00g\
\x00r\x00a\x00p\x00h\x00i\x00c\x00s\
\x00\x05\
\x00X\xa5^\
\x00S\
\x00U\x00N\x00o\x00n\
\x00\x09\
\x0c\xbfpF\
\x00l\
\x00e\x00v\x00e\x00l\x002\x00o\x00f\x00f\
\x00\x05\
\x00Q\xab^\
\x00M\
\x00E\x00T\x00o\x00n\
\x00\x06\
\x04\x88\xb5\xc6\
\x00D\
\x00D\x00D\x00o\x00f\x00f\
\x00\x06\
\x05\x1a\xb5\xc6\
\x00M\
\x00E\x00T\x00o\x00f\x00f\
\x00\x05\
\x00W\xac^\
\x00S\
\x00F\x00E\x00o\x00n\
\x00\x07\
\x0d\xc1\x85\x06\
\x00g\
\x00e\x00n\x001\x00o\x00f\x00f\
\x00\x06\
\x05\x1cU\xc6\
\x00L\
\x00W\x00N\x00o\x00f\x00f\
\x00\x07\
\x00\xc8\xe4\xc6\
\x00y\
\x00u\x00r\x00i\x00O\x00f\x00f\
\x00\x06\
\x05\x8aU\xc6\
\x00S\
\x00U\x00N\x00o\x00f\x00f\
\x00\x05\
\x00\x5c\x90^\
\x00W\
\x00S\x00Y\x00o\x00n\
\x00\x05\
\x00K\x17^\
\x00F\
\x00L\x00P\x00o\x00n\
\x00\x05\
\x00Q\xc5^\
\x00L\
\x00W\x00N\x00o\x00n\
\x00\x06\
\x05z\xc5\xc6\
\x00S\
\x00F\x00E\x00o\x00f\x00f\
\x00\x06\
\x08\x0c\x8e^\
\x00y\
\x00u\x00r\x00i\x00O\x00n\
\x00\x05\
\x00W\xfc^\
\x00S\
\x00J\x00U\x00o\x00n\
\x00\x08\
\x0c\xcb\xf7\x1e\
\x00l\
\x00e\x00v\x00e\x00l\x002\x00o\x00n\
\x00\x09\
\x0c\xbf\xa0F\
\x00l\
\x00e\x00v\x00e\x00l\x001\x00o\x00f\x00f\
\x00\x06\
\x04\xcaU\xc6\
\x00G\
\x00U\x00N\x00o\x00f\x00f\
\x00\x05\
\x00U\x85^\
\x00P\
\x00S\x00N\x00o\x00n\
\x00\x06\
\x05\xb3\xdb^\
\x00V\
\x00O\x00I\x00D\x00o\x00n\
\x00\x05\
\x00L\xa5^\
\x00G\
\x00U\x00N\x00o\x00n\
\x00\x07\
\x0d\xc1\x95\x06\
\x00g\
\x00e\x00n\x002\x00o\x00f\x00f\
\x00\x06\
\x05XU\xc6\
\x00P\
\x00S\x00N\x00o\x00f\x00f\
\x00\x08\
\x0c\xcb\xfa\x1e\
\x00l\
\x00e\x00v\x00e\x00l\x001\x00o\x00n\
\x00\x05\
\x00P\xba^\
\x00L\
\x00F\x00S\x00o\x00n\
\x00\x06\
\x05\xc9\x05\xc6\
\x00W\
\x00S\x00Y\x00o\x00f\x00f\
\x00\x06\
\x06\xdc\x19^\
\x00g\
\x00e\x00n\x002\x00o\x00n\
\x00\x06\
\x04\xb1u\xc6\
\x00F\
\x00L\x00P\x00o\x00f\x00f\
\x00\x06\
\x05\x0b\xa5\xc6\
\x00L\
\x00F\x00S\x00o\x00f\x00f\
\x00\x05\
\x00H\x8b^\
\x00D\
\x00D\x00D\x00o\x00n\
\x00\x08\
\x0c\xcb\xf8\x1e\
\x00l\
\x00e\x00v\x00e\x00l\x003\x00o\x00n\
\x00\x09\
\x04h`\x9e\
\x00c\
\x00o\x00m\x00p\x00a\x00r\x00e\x00o\x00n\
\x00\x06\
\x06\xdc\x18^\
\x00g\
\x00e\x00n\x001\x00o\x00n\
\x00\x06\
\x070\xab^\
\x00l\
\x00i\x00s\x00t\x00o\x00n\
\x00\x06\
\x05\x7f\xc5\xc6\
\x00S\
\x00J\x00U\x00o\x00f\x00f\
\x00\x09\
\x0c\xbf\x80F\
\x00l\
\x00e\x00v\x00e\x00l\x003\x00o\x00f\x00f\
\x00\x07\
\x0c\x8c\xfa\x9e\
\x00f\
\x00a\x00v\x00i\x00c\x00o\x00n\
\x00\x07\
\x0b=\xb5f\
\x00V\
\x00O\x00I\x00D\x00o\x00f\x00f\
\x00\x07\
\x03\x0a\xb5&\
\x00l\
\x00i\x00s\x00t\x00o\x00f\x00f\
\x00\x0a\
\x06\x86\x09F\
\x00c\
\x00o\x00m\x00p\x00a\x00r\x00e\x00o\x00f\x00f\
"

qt_resource_struct = b"\
\x00\x00\x00\x00\x00\x02\x00\x00\x00\x01\x00\x00\x00\x01\
\x00\x00\x00\x00\x00\x00\x00\x00\
\x00\x00\x00\x00\x00\x02\x00\x00\x00)\x00\x00\x00\x02\
\x00\x00\x00\x00\x00\x00\x00\x00\
\x00\x00\x028\x00\x00\x00\x00\x00\x01\x00\x02\x0c\x91\
\x00\x00\x01\x9c\xa5}\x05\x5c\
\x00\x00\x00\xde\x00\x00\x00\x00\x00\x01\x00\x00\xbb\x86\
\x00\x00\x01\x9c\xa5}\x05\xcd\
\x00\x00\x01\x94\x00\x00\x00\x00\x00\x01\x00\x01v\xad\
\x00\x00\x01\x9c\xa5}\x07\x81\
\x00\x00\x01\xe0\x00\x00\x00\x00\x00\x01\x00\x01\xb9\xaa\
\x00\x00\x01\x9c\xa5}\x08\xd0\
\x00\x00\x00>\x00\x00\x00\x00\x00\x01\x00\x00)l\
\x00\x00\x01\x9c\xa5}\x0a\x07\
\x00\x00\x00\xee\x00\x00\x00\x00\x00\x01\x00\x00\xcd\x5c\
\x00\x00\x01\x9c\xa5}\x09\x9a\
\x00\x00\x01r\x00\x00\x00\x00\x00\x01\x00\x01W\x85\
\x00\x00\x01\x9c\xa5}\x0a\x98\
\x00\x00\x00r\x00\x00\x00\x00\x00\x01\x00\x00]\xfd\
\x00\x00\x01\x9c\xa5}\x0b$\
\x00\x00\x01\x22\x00\x00\x00\x00\x00\x01\x00\x01\x04\xd2\
\x00\x00\x01\x9c\xa5}\x0bf\
\x00\x00\x00\x16\x00\x00\x00\x00\x00\x01\x00\x00\x00\x00\
\x00\x00\x01\x9c\xa5}\x0c\x02\
\x00\x00\x00\xce\x00\x00\x00\x00\x00\x01\x00\x00\xa9\xf5\
\x00\x00\x01\x9c\xa5}\x0c\xe0\
\x00\x00\x00\xa8\x00\x00\x00\x00\x00\x01\x00\x00\x8a\x9c\
\x00\x00\x01\x9e\xd6GW\xe5\
\x00\x00\x02\xec\x00\x00\x00\x00\x00\x01\x00\x02\xe7\x1f\
\x00\x00\x01\x9c\xa5}\x09\x1a\
\x00\x00\x02^\x00\x00\x00\x00\x00\x01\x00\x021\x08\
\x00\x00\x01\x9c\xa5}\x04\xcc\
\x00\x00\x00N\x00\x00\x00\x00\x00\x01\x00\x00:\xa7\
\x00\x00\x01\x9c\xa5}\x05\x16\
\x00\x00\x02\x14\x00\x00\x00\x00\x00\x01\x00\x01\xe6\xc5\
\x00\x00\x01\x9c\xa5}\x05\xaa\
\x00\x00\x01`\x00\x00\x00\x00\x00\x01\x00\x01D\xb9\
\x00\x00\x01\x9c\xa5}\x07;\
\x00\x00\x02&\x00\x00\x00\x00\x00\x01\x00\x01\xf9\x1a\
\x00\x00\x01\x9c\xa5}\x08\xb5\
\x00\x00\x00`\x00\x00\x00\x00\x00\x01\x00\x00K\xae\
\x00\x00\x01\x9c\xa5}\x09\xc1\
\x00\x00\x00\x96\x00\x00\x00\x00\x00\x01\x00\x00x/\
\x00\x00\x01\x9c\xa5}\x09{\
\x00\x00\x01\xb8\x00\x00\x00\x00\x00\x01\x00\x01\x90\xda\
\x00\x00\x01\x9c\xa5}\x0aN\
\x00\x00\x00\xfe\x00\x00\x00\x00\x00\x01\x00\x00\xde\xe4\
\x00\x00\x01\x9c\xa5}\x0a\xe2\
\x00\x00\x02\x9a\x00\x00\x00\x00\x00\x01\x00\x02G\xcb\
\x00\x00\x01\x9c\xa5}\x0bC\
\x00\x00\x00\xbc\x00\x00\x00\x00\x00\x01\x00\x00\x96>\
\x00\x00\x01\x9c\xa5}\x0b\xbc\
\x00\x00\x01\x82\x00\x00\x00\x00\x00\x01\x00\x01h\xff\
\x00\x00\x01\x9c\xa5}\x0cz\
\x00\x00\x01\xf0\x00\x00\x00\x00\x00\x01\x00\x01\xcc\x8d\
\x00\x00\x01\x9c\xa5}\x0c\xc4\
\x00\x00\x03\x00\x00\x00\x00\x00\x00\x01\x00\x02\xee\x98\
\x00\x00\x01\x9c\xa5}\x04\x82\
\x00\x00\x02v\x00\x00\x00\x00\x00\x01\x00\x028\xc2\
\x00\x00\x01\x9c\xa5}\x06x\
\x00\x00\x02\x02\x00\x00\x00\x00\x00\x01\x00\x01\xde\xfe\
\x00\x00\x01\x9c\xa5}\x06\xfd\
\x00\x00\x02\x88\x00\x00\x00\x00\x00\x01\x00\x02@\x80\
\x00\x00\x01\x9c\xa5}\x09`\
\x00\x00\x01\x10\x00\x00\x00\x00\x00\x01\x00\x00\xf1e\
\x00\x00\x01\x9e\xd6GWu\
\x00\x00\x02\xd8\x00\x00\x00\x00\x00\x01\x00\x02\xd9@\
\x00\x00\x01\x9c\xa5}\x0c)\
\x00\x00\x02\xc4\x00\x04\x00\x00\x00\x01\x00\x02p\xa2\
\x00\x00\x01\x9c\x97\xaa\x119\
\x00\x00\x00&\x00\x00\x00\x00\x00\x01\x00\x00\x13\x1d\
\x00\x00\x01\x9c\xa5}\x08%\
\x00\x00\x02\xac\x00\x00\x00\x00\x00\x01\x00\x02[9\
\x00\x00\x01\x9c\xa5}\x08\x82\
\x00\x00\x01H\x00\x00\x00\x00\x00\x01\x00\x01,\x8a\
\x00\x00\x01\x9c\xa5}\x07\x9c\
\x00\x00\x012\x00\x00\x00\x00\x00\x01\x00\x01\x17\xc2\
\x00\x00\x01\x9c\xa5}\x08g\
\x00\x00\x02H\x00\x00\x00\x00\x00\x01\x00\x02\x1d\x0b\
\x00\x00\x01\x9c\xa5}\x08\x99\
\x00\x00\x01\xca\x00\x00\x00\x00\x00\x01\x00\x01\xa3\x03\
\x00\x00\x01\x9c\xa5}\x07\xde\
\x00\x00\x00\x82\x00\x00\x00\x00\x00\x01\x00\x00p.\
\x00\x00\x01\x9c\xa5}\x05\xf8\
\x00\x00\x01\xa4\x00\x00\x00\x00\x00\x01\x00\x01\x88\xcd\
\x00\x00\x01\x9c\xa5}\x06\xbe\
"

def qInitResources():
    QtCore.qRegisterResourceData(0x03, qt_resource_struct, qt_resource_name, qt_resource_data)

def qCleanupResources():
    QtCore.qUnregisterResourceData(0x03, qt_resource_struct, qt_resource_name, qt_resource_data)

qInitResources()
